square_feet,Actual,Predicted,Difference
527431,9602.47,1041.787441509641,8560.682285052859
527431,5879.94,1041.787441509641,4838.152499896609
527431,5524.15,1041.787441509641,4482.362460834109
527431,5298.46,1041.787441509641,4256.672519427859
527431,4604.56,1041.787441509641,3562.772617084109
387500,5382.53,2521.7285079102476,2860.8012772460024
387500,5316.6,2521.7285079102476,2794.8715897460024
259989,3790.2,1387.913414546317,2402.2865366255583
287594,5812.1,3575.414473307693,2236.685624348557
336650,3225.44,1252.0401643932785,1973.3997770129715
287594,5496.0,3575.414473307693,1920.5855266923072
764237,4886.33,3047.50091488479,1838.8291632402102
182986,5273.86,3458.769068585445,1815.090794695805
409028,3490.21,1708.8794429842608,1781.3305179532392
409028,3402.11,1708.8794429842608,1693.2306644376142
409028,3402.11,1708.8794429842608,1693.2306644376142
409028,3379.54,1708.8794429842608,1670.6605960782392
182986,5113.04,3458.769068585445,1654.270970477055
249457,2370.72,728.4353757297193,1642.2845949734055
484376,6317.04,4683.457949977874,1633.5820890846262
259989,3004.38,1387.913414546317,1616.466468266183
259989,3003.76,1387.913414546317,1615.846595219308
182986,5044.48,3458.769068585445,1585.710911883305
577101,3581.9,2022.965188849383,1558.934713494367
290625,2013.71,473.72504434485063,1539.9849165926494
336650,2789.78,1252.0401643932785,1537.7398649035965
182986,4988.04,3458.769068585445,1529.270970477055
259989,2896.4,1387.913414546317,1508.486487797433
484376,6187.56,4683.457949977874,1504.1021086158762
731945,5653.23,4178.777978100679,1474.4520023680707
259989,2853.65,1387.913414546317,1465.736487797433
182986,4919.15,3458.769068585445,1460.380833758305
370773,2321.05,873.1832166517614,1447.8668321763635
182986,4885.9,3458.769068585445,1427.130833758305
370773,2258.93,873.1832166517614,1385.7467149888635
484376,6023.86,4683.457949977874,1340.4019133033762
290625,1812.96,473.72504434485063,1339.2349165926494
287594,4911.0,3575.414473307693,1335.5855266923072
577101,3335.02,2022.965188849383,1312.054830681867
182986,4720.47,3458.769068585445,1261.701146258305
484376,5931.24,4683.457949977874,1247.7822843971262
370773,2102.29,873.1832166517614,1229.1068224107385
161755,1999.14,774.2883132719428,1224.8517013764947
290625,1687.89,473.72504434485063,1214.1649703035869
474680,2035.57,828.9407222355082,1206.6292240535543
161755,1972.35,774.2883132719428,1198.0616623139947
370773,2059.97,873.1832166517614,1186.7867540513635
731945,5332.39,4178.777978100679,1153.6121586180707
731945,5331.85,4178.777978100679,1153.0721195555707
249457,1876.73,728.4353757297193,1148.2946047390305
161755,1916.74,774.2883132719428,1142.4516769624322
267536,1777.11,634.9900606018931,1142.1199247496693
290625,1607.64,473.72504434485063,1133.9149703035869
161755,1826.1,774.2883132719428,1051.8116623139947
484376,5719.41,4683.457949977874,1035.9522062721262
156111,2195.11,1160.0072093981707,1035.1028980237043
340000,1709.66,677.5347811429504,1032.1252530367371
731945,5202.94,4178.777978100679,1024.1619633055707
81576,1388.67,385.65867643538155,1003.011367509931
577101,3020.55,2022.965188849383,997.5848599787421
577101,3005.3,2022.965188849383,982.3348599787421
671507,2293.7,1314.4549027253754,979.2450484464996
156111,2135.05,1160.0072093981707,975.0428394299543
370773,1839.5,873.1832166517614,966.3167833482386
370773,1822.44,873.1832166517614,949.2567247544886
875000,2410.75,1479.7770206063994,930.9729793936006
81576,1313.59,385.65867643538155,927.931289384931
81576,1309.83,385.65867643538155,924.171279619306
484376,5601.4,4683.457949977874,917.9419523658762
81576,1279.8,385.65867643538155,894.1413723927435
156111,2044.95,1160.0072093981707,884.9427417737043
81576,1268.2,385.65867643538155,882.5412747364935
394000,1528.71,667.9862093220904,860.7237516154096
111891,2126.18,1270.4475037601624,855.7324278804626
116607,1781.48,938.5151548077315,842.9648256610185
671507,2154.05,1314.4549027253754,839.5951461027496
156111,1993.08,1160.0072093981707,833.0727466565168
111891,2075.67,1270.4475037601624,805.2224181148376
116607,1741.89,938.5151548077315,803.374859840706
76527,1287.31,485.6866723189627,801.6233862747873
280225,1974.16,1178.329089375308,795.8309448043794
527431,1818.35,1041.787441509641,776.5625340762965
387500,3295.06,2521.7285079102476,773.3315506835024
259989,2160.98,1387.913414546317,773.066565922433
81576,1156.6,385.65867643538155,770.941299150556
156111,1927.55,1160.0072093981707,767.5428394299543
399331,1248.0,489.2977917993175,758.7022082006824
81576,1137.83,385.65867643538155,752.171279619306
116607,1688.65,938.5151548077315,750.134869606331
305224,971.0,227.62045522497522,743.3795447750248
259989,2127.16,1387.913414546317,739.246497563058
387500,3253.87,2521.7285079102476,732.1416092772524
128887,1861.34,1134.768582189142,726.5713836311704
295000,1846.33,1122.6746700490041,723.6552860056834
226506,1390.38,671.1466220907954,719.2333827920171
116607,1656.57,938.5151548077315,718.054791481331
226506,1387.3,671.1466220907954,716.1534267373296
226506,1383.21,671.1466220907954,712.0633388467046
128887,1834.72,1134.768582189142,699.9513885139829
70852,1028.91,330.6973032654089,698.2127309142786
111891,1963.32,1270.4475037601624,692.8724425289001
850354,2721.78,2031.5649549488821,690.2150743479929
116607,1628.59,938.5151548077315,690.074811012581
81576,1074.69,385.65867643538155,689.0312649708685
259989,2075.69,1387.913414546317,687.776526859933
116607,1624.49,938.5151548077315,685.9748354266435
116607,1617.67,938.5151548077315,679.154889137581
671507,1993.45,1314.4549027253754,678.9950484464996
156111,1837.45,1160.0072093981707,677.4427417737043
70852,1003.72,330.6973032654089,673.0226674377161
387500,3193.83,2521.7285079102476,672.1015702147524
194111,853.0,196.27777134177333,656.7222286582266
527431,1696.61,1041.787441509641,654.8225438419215
70852,981.697,330.6973032654089,650.9997182189661
226506,1320.75,671.1466220907954,649.6033779092046
305224,877.0,227.62045522497522,649.3795447750248
105545,1142.61,495.8898136110418,646.7201717405208
474680,1474.73,828.9407222355082,645.7892582332418
295000,1768.18,1122.6746700490041,645.5053836619334
226506,1315.63,671.1466220907954,644.4833827920171
305224,866.0,227.62045522497522,638.3795447750248
161755,1412.66,774.2883132719428,638.3717209077447
70852,965.432,330.6973032654089,634.7347035705286
21958,1042.57,422.1518407215899,620.4181055674726
267536,1247.03,634.9900606018931,612.0399686949819
305224,833.0,227.62045522497522,605.3795447750248
111891,1874.45,1270.4475037601624,604.0024474117126
161755,1370.0,774.2883132719428,595.7116867280572
116607,1533.71,938.5151548077315,595.1948061297685
305224,817.0,227.62045522497522,589.3795447750248
288800,1220.25,634.3435119042247,585.9064880957753
671507,1899.5,1314.4549027253754,585.0450972746246
105545,1075.71,495.8898136110418,579.8201473264583
370024,1006.0,426.44080641084673,579.5591935891532
287594,4153.0,3575.414473307693,577.5855266923072
332884,1149.22,578.076293883577,571.143676819548
340000,1241.99,677.5347811429504,564.4552090914246
92288,1323.25,761.4599746283645,561.7900253716355
226506,1231.68,671.1466220907954,560.5334316201421
305224,784.0,227.62045522497522,556.3795447750248
161755,1327.72,774.2883132719428,553.4316574311822
226042,1144.88,596.488857664748,548.3911472180645
118858,990.067,445.0934769183514,544.9735396832111
156111,1703.67,1160.0072093981707,543.6628345471418
305224,768.0,227.62045522497522,540.3795447750248
370773,1409.49,873.1832166517614,536.3067735826136
305224,763.0,227.62045522497522,535.3795447750248
161755,1308.11,774.2883132719428,533.8216720796197
527431,1573.25,1041.787441509641,531.462558490359
130885,1074.01,543.395184819627,530.614824945998
370773,1403.0,873.1832166517614,529.8167833482386
116607,1465.46,938.5151548077315,526.9448061297685
116607,1464.77,938.5151548077315,526.2548647235185
370773,1398.57,873.1832166517614,525.3867296373011
305224,753.0,227.62045522497522,525.3795447750248
111891,1795.82,1270.4475037601624,525.3724425289001
280225,1696.36,1178.329089375308,518.0308959762544
105545,1010.19,495.8898136110418,514.3001888303645
150695,1418.69,904.7761953101565,513.9137460960935
267536,1147.46,634.9900606018931,512.4699003356069
563782,1119.0,606.5622168709724,512.4377831290276
156111,1670.91,1160.0072093981707,510.90282478151676
474680,1339.45,828.9407222355082,510.50922893636675
381221,1005.84,505.0185808444137,500.82144601105506
461647,1661.52,1160.9033059683068,500.61671356294323
731945,4675.89,4178.777978100679,497.1121586180707
226506,1167.52,671.1466220907954,496.3733974404546
484376,5174.42,4683.457949977874,490.9619718971262
226506,1159.67,671.1466220907954,488.5234218545171
288800,1120.62,634.3435119042247,486.27648321296283
38686,684.198,198.87820013820019,485.3197979086748
111518,724.8,243.8752585977585,480.92472919521026
81576,862.073,385.65867643538155,476.41432161149345
103286,673.687,198.39764755015386,475.28936416859614
850354,2503.85,2031.5649549488821,472.28514270736787
161755,1239.88,774.2883132719428,465.5916916108697
356000,621.87,157.35920943052133,464.51078568666617
150695,1368.58,904.7761953101565,463.803760744531
105545,959.68,495.8898136110418,463.79017906473945
234476,795.331,331.70978337316245,463.6212102791813
295000,1583.06,1122.6746700490041,460.38538854474587
110272,755.608,296.52759111706195,459.0803800743443
38686,657.715,198.87820013820019,458.83682671726854
394000,1122.43,667.9862093220904,454.4438443888471
76527,937.838,485.6866723189627,452.1513403763498
92288,1212.04,761.4599746283645,450.58006443413547
875000,1929.04,1479.7770206063994,449.26301845610055
130885,992.101,543.395184819627,448.7058283639667
161755,1222.25,774.2883132719428,447.9616867280572
128887,1582.52,1134.768582189142,447.7514373421079
226042,1044.0,596.488857664748,447.511142335252
128887,1581.49,1134.768582189142,446.7214080452329
280225,1619.66,1178.329089375308,441.33094480437944
340000,1116.22,677.5347811429504,438.68518956017465
585955,1498.32,1059.7206216151667,438.5993246738958
111518,682.125,243.8752585977585,438.2497414022415
38686,636.692,198.87820013820019,437.8138164633623
111518,681.5,243.8752585977585,437.6247414022415
875000,1917.12,1479.7770206063994,437.34297451078805
38686,635.6,198.87820013820019,436.7217754477373
54644,1379.32,944.9342924395368,434.38565384952574
850354,2465.79,2031.5649549488821,434.22508411361787
76527,919.409,485.6866723189627,433.7223242630686
226042,1029.28,596.488857664748,432.791171632127
38686,625.225,198.87820013820019,426.3467754477373
76527,911.9,485.6866723189627,426.2133520950998
113866,1388.33,962.280616538164,426.04933951652345
121074,781.19,356.7852900239396,424.40471241746667
394000,1090.43,667.9862093220904,422.4438443888471
121074,776.754,356.7852900239396,419.9687382963729
54644,1364.57,944.9342924395368,419.63565384952574
118858,862.477,445.0934769183514,417.3835128277423
155439,644.0,231.80195039273138,412.1980496072686
110272,708.723,296.52759111706195,412.19543134387555
76527,896.884,485.6866723189627,411.1972998490061
150695,1315.01,904.7761953101565,410.2338144554685
128887,1543.95,1134.768582189142,409.1813689827329
76527,893.471,485.6866723189627,407.7843359818186
105545,899.614,495.8898136110418,403.7242000608332
110272,699.795,296.52759111706195,403.2673917930943
110272,697.754,296.52759111706195,401.22643720325055
400000,1747.44,1349.0945370527375,398.34540435351255
38686,596.012,198.87820013820019,397.13382378758104
400000,1744.8,1349.0945370527375,395.70551177538755
128887,1530.3,1134.768582189142,395.5314666389829
42731,680.649,285.8014530234961,394.84753379291016
128887,1529.28,1134.768582189142,394.5114471077329
38686,591.643,198.87820013820019,392.76480523289354
394000,1057.56,667.9862093220904,389.5738492716596
194188,599.812,210.35453750199278,389.4574742167572
356000,545.85,157.35920943052133,388.49076615541617
4607,459.043,72.19877123485193,386.84422803272616
387500,2907.15,2521.7285079102476,385.4213944335024
103286,579.835,198.39764755015386,381.4373744225024
200933,708.77,328.5366152219145,380.2334043093355
200933,707.815,328.5366152219145,379.2783872194918
103286,576.763,198.39764755015386,378.3653529381274
155439,610.0,231.80195039273138,378.1980496072686
819577,1945.68,1567.879015226122,377.80103848481554
671507,1690.67,1314.4549027253754,376.2151412199371
65359,556.287,180.1350278351708,376.15195946951667
54644,1318.71,944.9342924395368,373.77566849796324
54644,1318.71,944.9342924395368,373.77566849796324
111518,617.3,243.8752585977585,373.42472919521026
280225,1551.08,1178.329089375308,372.75086667937944
128887,1507.43,1134.768582189142,372.6614715217954
226042,968.49,596.488857664748,372.001132569627
875000,1850.83,1479.7770206063994,371.05293544828805
200933,698.805,328.5366152219145,370.2683774538668
861524,1340.33,970.5879822551885,369.74197379949896
93897,709.364,341.40743705984255,367.95657661203245
671507,1681.55,1314.4549027253754,367.0951461027496
155439,598.0,231.80195039273138,366.1980496072686
267536,995.195,634.9900606018931,360.20494672232564
293990,774.139,414.8798689370292,359.25910811375206
325217,903.52,544.6984712620099,358.8215482692401
272278,818.88,461.36207272183134,357.51793216098116
305047,798.839,441.9747944850977,356.8641947727148
83379,575.74,219.83548735849715,355.9045028758778
461647,1516.2,1160.9033059683068,355.29664520356823
875000,1833.71,1479.7770206063994,353.93294033110055
474680,1182.51,828.9407222355082,353.56928753011675
261188,2847.0,2495.8661686140485,351.13383138595145
187647,598.776,247.79888376222385,350.97711721433865
272278,812.01,461.36207272183134,350.64793704379366
394000,1016.12,667.9862093220904,348.1337857950971
76527,832.723,485.6866723189627,347.0363501419748
819577,1914.48,1567.879015226122,346.60096524262804
474680,1175.52,828.9407222355082,346.57929729574175
200933,673.687,328.5366152219145,345.1503964968355
81390,584.359,240.18261134876292,344.1763974402996
376507,547.19,203.21563190985316,343.97437053155306
130885,886.304,543.395184819627,342.9088312936542
54644,1287.58,944.9342924395368,342.64566361515074
293990,755.945,414.8798689370292,341.06513838718956
819577,1907.28,1567.879015226122,339.40101407075304
387500,2860.35,2521.7285079102476,338.6215897460024
387500,2859.28,2521.7285079102476,337.5515213866274
48392,565.842,229.75574595331832,336.08623402715045
819577,1903.92,1567.879015226122,336.04102871919054
194188,543.457,210.35453750199278,333.10243271285094
93897,672.097,341.40743705984255,330.6895478034387
81337,427.965,98.52767046262538,329.43732587526523
130885,872.312,543.395184819627,328.91682689912295
194188,539.0,210.35453750199278,328.6454624980072
42731,613.758,285.8014530234961,327.95654258197266
37241,425.508,99.04887659598579,326.45911900948295
200933,652.357,328.5366152219145,323.8203794069918
200933,650.753,328.5366152219145,322.2163755007418
81390,561.773,240.18261134876292,321.59039890514333
293990,734.74,414.8798689370292,319.8601212973458
38686,517.654,198.87820013820019,318.77579156101854
293990,732.904,414.8798689370292,318.02412276218956
229000,707.49,389.49417768129007,317.99581255308493
671507,1632.29,1314.4549027253754,317.8351363371246
105545,813.612,495.8898136110418,317.72218590067695
220703,1620.52,1303.365986529714,317.15403300153594
270034,725.3,408.9986724895473,316.30131530342146
272278,776.72,461.36207272183134,315.35789798129366
442438,1896.45,1583.0083855525718,313.4415656193032
85039,682.53,370.00177881801653,312.52825047885847
200933,640.924,328.5366152219145,312.3873960085543
99380,503.047,191.82231565136632,311.22468141894615
86250,567.89,259.87633940936547,308.01367523907203
130885,851.153,543.395184819627,307.7578303170917
38686,505.368,198.87820013820019,306.48981133640916
144900,521.88,215.83014309855787,306.04986178425463
54644,1249.9,944.9342924395368,304.96573197452574
290625,778.59,473.72504434485063,304.8649825106181
23685,511.238,207.2748390233936,303.96316756840326
220703,1606.88,1303.365986529714,303.51401835309844
86250,563.112,259.87633940936547,303.2356601023533
280225,1480.67,1178.329089375308,302.34095457000444
235000,672.17,370.4077681017563,301.76221480839996
200933,630.276,328.5366152219145,301.739385754648
220703,1604.9,1303.365986529714,301.53403788434844
450000,1536.27,1235.7242122358653,300.54580729538475
86250,558.334,259.87633940936547,298.45764496563453
38686,496.904,198.87820013820019,298.02579156101854
819577,1865.28,1567.879015226122,297.40101407075304
31666,561.805,264.98099477752817,296.8239978982531
76527,782.214,485.6866723189627,296.5273169388498
819577,1864.32,1567.879015226122,296.44093106294054
819577,1864.08,1567.879015226122,296.20094082856554
121074,651.845,356.7852900239396,295.0596806791854
103286,493.15,198.39764755015386,294.7523463463305
187647,542.123,247.79888376222385,294.3241020776199
200933,621.642,328.5366152219145,293.1054135866793
81337,389.742,98.52767046262538,291.21433393190586
105545,786.309,495.8898136110418,290.41920738505195
81337,387.012,98.52767046262538,288.48432294557773
83379,508.166,219.83548735849715,288.3304977489247
272278,749.46,461.36207272183134,288.0979492508249
65359,467.554,180.1350278351708,287.4189577605323
293990,702.291,414.8798689370292,287.4111466879708
156111,1447.03,1160.0072093981707,287.02281989870426
850354,2318.4,2031.5649549488821,286.83494739486787
38686,485.71,198.87820013820019,286.8317913168779
290625,760.43,473.72504434485063,286.7049483309306
93897,627.474,341.40743705984255,286.06656196359495
861524,1256.51,970.5879822551885,285.92202751043646
144900,501.69,215.83014309855787,285.8598593428484
200933,613.451,328.5366152219145,284.9143735476168
81390,525.0,240.18261134876292,284.8173886512371
270034,693.4,408.9986724895473,284.4013519245152
259989,1671.83,1387.913414546317,283.9165415083705
49073,525.571,242.67259143984117,282.89839244687755
21958,704.94,422.1518407215899,282.78816171981634
118489,536.857,254.45819482874495,282.3987998001613
376507,485.56,203.21563190985316,282.34436564874056
70852,612.815,330.6973032654089,282.11769917599736
819577,1849.68,1567.879015226122,281.80103848481554
7867,587.548,307.59799233552036,279.94998129729214
61904,547.959,269.06916873077216,278.88981564422784
54644,1223.69,944.9342924395368,278.75564896671324
83379,497.928,219.83548735849715,278.09252167470595
861524,1248.08,970.5879822551885,277.49197379949896
59200,421.822,144.33938762585132,277.48260334094556
282200,690.93,413.96836488381973,276.9616277919615
81390,517.0,240.18261134876292,276.8173886512371
111195,447.0,171.2247750857169,275.77522491428306
12185,437.103,162.22061328441106,274.8823835417608
76527,759.689,485.6866723189627,274.0023535599436
50552,487.654,213.79266891273667,273.8613227864821
99380,463.8,191.82231565136632,271.9776721416024
545351,907.494,635.6722651476589,271.8217534070286
400000,1620.24,1349.0945370527375,271.14545318163755
49073,513.285,242.67259143984117,270.61238170469005
7867,577.719,307.59799233552036,270.12100180510464
33743,369.29,102.18416684786591,267.10584169705595
179115,716.0,449.11223049695457,266.88776950304543
81576,652.528,385.65867643538155,266.8693387013372
150695,1171.58,904.7761953101565,266.803760744531
442438,1849.68,1583.0083855525718,266.6716681583657
139683,1111.0,845.1931430367855,265.8068569632145
61904,534.854,269.06916873077216,265.78483517547784
474680,1094.7,828.9407222355082,265.75922893636675
156111,1425.19,1160.0072093981707,265.18273200807926
48392,494.174,229.75574595331832,264.41826527715045
118489,518.758,254.45819482874495,264.2998007767238
118489,518.275,254.45819482874495,263.8168295853176
400000,1611.6,1349.0945370527375,262.50543853320005
86250,521.476,259.87633940936547,261.5996737742283
200933,589.903,328.5366152219145,261.3663999148043
104200,514.0,253.13825045868995,260.86174954131
344798,1182.0,921.620763865022,260.379236134978
111518,504.125,243.8752585977585,260.2497414022415
81390,500.0,240.18261134876292,259.8173886512371
229000,648.97,389.49417768129007,259.47579302183493
81576,644.678,385.65867643538155,259.01930208024345
99380,450.49,191.82231565136632,258.66767458300865
200933,587.002,328.5366152219145,258.4653989382418
99380,449.466,191.82231565136632,257.6436877666024
426472,620.0,362.4585585652382,257.5414414347618
235000,627.54,370.4077681017563,257.13220992558746
65359,437.18,180.1350278351708,257.0449648406104
38686,454.585,198.87820013820019,255.70679131687794
207000,730.42,474.81716252666666,255.6028203834896
59200,399.639,144.33938762585132,255.29961994250806
60809,523.524,268.4740785008974,255.04990831550884
81390,495.0,240.18261134876292,254.81738865123708
194111,451.0,196.27777134177333,254.72222865822667
65359,434.791,180.1350278351708,254.65595727225107
156111,1414.26,1160.0072093981707,254.25280036745426
31666,518.606,264.98099477752817,253.62502328887808
235000,623.66,370.4077681017563,253.25220504277496
155439,485.0,231.80195039273138,253.19804960726862
200933,580.688,328.5366152219145,252.15137305933553
156111,1411.53,1160.0072093981707,251.52281989870426
38686,450.217,198.87820013820019,251.3388103598467
200933,579.835,328.5366152219145,251.29840675074178
270034,660.1,408.9986724895473,251.1013030963902
49073,492.808,242.67259143984117,250.13542247617445
106523,545.366,295.31966741302153,250.04636041900972
304333,1763.06,1513.0803304467377,249.97972814701234
229000,639.13,389.49417768129007,249.63582720152243
139683,1094.5,845.1931430367855,249.3068569632145
99380,440.934,191.82231565136632,249.1116748271493
238065,750.5,501.6835054345884,248.81649456541157
31666,512.954,264.98099477752817,247.97298471465933
49073,490.078,242.67259143984117,247.40541148984633
49073,490.078,242.67259143984117,247.40541148984633
585955,1306.74,1059.7206216151667,247.0193686192083
103286,444.688,198.39764755015386,246.29034073109614
85039,616.24,370.00177881801653,246.23821141635847
93897,587.534,341.40743705984255,246.1265595221887
442438,1827.03,1583.0083855525718,244.02164374430322
12769,593.077,349.77089295120606,243.30613341598144
179115,692.0,449.11223049695457,242.88776950304543
65359,422.505,180.1350278351708,242.3699770476417
59200,386.67,144.33938762585132,242.33062580188306
155439,473.0,231.80195039273138,241.19804960726862
155439,472.0,231.80195039273138,240.19804960726862
400000,1589.28,1349.0945370527375,240.18549224413755
304333,1753.07,1513.0803304467377,239.98961584232484
7867,547.14,307.59799233552036,239.54202231291714
49073,481.887,242.67259143984117,239.21440196836195
850354,2270.39,2031.5649549488821,238.82493762924287
809530,410.8,172.67594423419908,238.12404355876967
49073,480.522,242.67259143984117,237.84941173398695
64619,441.275,204.0572778409249,237.21771605555946
59200,381.551,144.33938762585132,237.21160724719556
155439,469.0,231.80195039273138,237.19804960726862
61904,506.187,269.06916873077216,237.11784298797784
304333,1750.01,1513.0803304467377,236.92967931888734
49073,479.157,242.67259143984117,236.48442149961195
76257,456.496,220.26800748661776,236.22799471064786
76527,720.784,485.6866723189627,235.09732426306857
130885,778.46,543.395184819627,235.0648371530292
293990,649.546,414.8798689370292,234.6661515707833
92288,995.833,761.4599746283645,234.37303318413547
139683,1079.44,845.1931430367855,234.2467983694645
200933,562.566,328.5366152219145,234.02936378199178
93206,516.0,281.99509710566355,234.00490289433645
53130,332.748,98.80295451665741,233.94503132318636
819577,1801.2,1567.879015226122,233.32093594575304
12769,582.77,349.77089295120606,232.99912658004394
138316,569.0,336.2114132903778,232.78858670962222
59200,376.773,144.33938762585132,232.43362262805493
49073,475.062,242.67259143984117,232.38942027890883
200933,559.87,328.5366152219145,231.33337989527303
61904,499.634,269.06916873077216,230.5648339547747
148101,385.14,154.5936055795324,230.5464090689051
59200,374.726,144.33938762585132,230.38662555774243
200000,683.666,453.78538736028065,229.88062826471935
156111,1389.69,1160.0072093981707,229.68273200807926
187647,477.451,247.79888376222385,229.6521050073074
73813,591.153,362.66429192041716,228.4887232163016
73813,591.153,362.66429192041716,228.4887232163016
408000,908.87,680.4859150027135,228.38408011447405
49073,470.967,242.67259143984117,228.2944190582057
53130,326.946,98.80295451665741,228.14305988763948
200933,556.56,328.5366152219145,228.02338233667928
54644,1172.91,944.9342924395368,227.97574174015074
93206,509.5,281.99509710566355,227.50490289433645
155439,457.0,231.80195039273138,225.19804960726862
99380,416.703,191.82231565136632,224.88068727832118
60809,492.808,268.4740785008974,224.33393541511822
155439,456.0,231.80195039273138,224.19804960726862
127632,576.5,352.9154120660212,223.5845879339788
16472,502.909,279.62874314253787,223.28025343949338
59200,367.217,144.33938762585132,222.87762287219556
247471,558.579,336.1821165235474,222.3968629686401
121074,579.152,356.7852900239396,222.36668751512292
450000,1457.83,1235.7242122358653,222.10574381882225
503634,738.0,515.8994400356414,222.10055996435858
111195,393.0,171.2247750857169,221.7752249142831
503634,737.0,515.8994400356414,221.10055996435858
200933,549.597,328.5366152219145,221.06036964136678
875000,1700.29,1479.7770206063994,220.51301845610055
139683,1064.5,845.1931430367855,219.3068569632145
200933,547.755,328.5366152219145,219.21838966089803
48392,448.442,229.75574595331832,218.68624013066605
48392,447.077,229.75574595331832,217.32124989629105
103286,415.679,198.39764755015386,217.28133804554926
155439,449.0,231.80195039273138,217.19804960726862
187647,464.994,247.79888376222385,217.19510427488552
93206,498.0,281.99509710566355,216.00490289433645
187647,463.458,247.79888376222385,215.65912405027615
23685,422.846,207.2748390233936,215.57116927738764
393530,755.0,539.6929860816812,215.30701391831883
332884,793.213,578.076293883577,215.13671881173548
65359,395.202,180.1350278351708,215.06696801443857
200933,543.318,328.5366152219145,214.78137794214803
26953,313.568,99.32054412004912,214.24744904401336
111518,457.175,243.8752585977585,213.29972919521026
45330,425.576,212.8147495567521,212.76123921277915
671507,1526.69,1314.4549027253754,212.2350386808746
127632,565.0,352.9154120660212,212.0845879339788
68094,526.937,315.273054807729,211.663956911021
356000,368.91,157.35920943052133,211.55079423158804
45330,423.529,212.8147495567521,210.71424214246665
200000,663.841,453.78538736028065,210.0556160576881
76527,695.529,485.6866723189627,209.84231938025607
81390,449.906,240.18261134876292,209.72339451061208
138316,545.4,336.2114132903778,209.18861112368472
290625,682.43,473.72504434485063,208.70494833093062
53130,306.811,98.80295451665741,208.00805012201448
52957,339.232,131.3705206749869,207.86147395391936
200933,536.219,328.5366152219145,207.68237891871053
200933,535.98,328.5366152219145,207.44336524683553
408000,887.74,680.4859150027135,207.25407523166155
54644,1151.62,944.9342924395368,206.68570267765074
282200,620.07,413.96836488381973,206.10164244039902
60809,474.379,268.4740785008974,205.90491930183697
38686,404.758,198.87820013820019,205.87979546726856
7867,513.285,307.59799233552036,205.6869808090109
33743,307.56,102.18416684786591,205.37583071072783
200933,533.421,328.5366152219145,204.88440528589803
38686,403.257,198.87820013820019,204.37878838719044
23685,411.584,207.2748390233936,204.30917586918451
150318,779.5,575.1932973330046,204.30670266699542
200933,532.568,328.5366152219145,204.03137794214803
194188,414.07,210.35453750199278,203.71546982222597
200933,531.885,328.5366152219145,203.34839454371053
187647,451.002,247.79888376222385,203.2031303979324
237546,682.091,478.93568516009276,203.155318257876
179115,652.0,449.11223049695457,202.88776950304543
61904,471.786,269.06916873077216,202.71684201141534
344798,1124.0,921.620763865022,202.379236134978
76257,422.641,220.26800748661776,202.37298372431974
585955,1261.26,1059.7206216151667,201.5393881504583
7867,508.917,307.59799233552036,201.31899985197964
450000,1436.3,1235.7242122358653,200.57583659225975
59200,344.693,144.33938762585132,200.35360553821118
7867,506.733,307.59799233552036,199.13500937346402
428647,1559.0,1359.9465007974802,199.0534992025198
179115,648.0,449.11223049695457,198.88776950304543
92288,960.292,761.4599746283645,198.83201755913547
393530,738.0,539.6929860816812,198.30701391831883
201350,434.257,236.04257098163987,198.21441754375076
190817,873.65,675.630808969207,198.0192154448555
7867,504.548,307.59799233552036,196.95001181487027
237546,675.881,478.93568516009276,196.94529628521974
60809,465.165,268.4740785008974,196.69093004402447
280225,1374.98,1178.329089375308,196.65089109344194
199037,434.4,237.9264228507778,196.47357104570656
393530,736.0,539.6929860816812,196.30701391831883
111518,439.25,243.8752585977585,195.3747414022415
304333,1708.42,1513.0803304467377,195.33971349857484
200933,523.865,328.5366152219145,195.32837501246053
350000,525.16,330.21671316976483,194.94325997476642
73488,337.858,142.97411333186804,194.88388837711634
111195,366.0,171.2247750857169,194.7752249142831
7867,502.364,307.59799233552036,194.76602133635464
103286,392.813,198.39764755015386,194.41534073109614
34400,443.21,248.80430081087607,194.40569064420205
64619,398.274,204.0572778409249,194.21670897548134
127632,547.0,352.9154120660212,194.0845879339788
36240,547.14,353.32371914294146,193.81629550549604
52957,324.762,131.3705206749869,193.39147273321623
45330,406.123,212.8147495567521,193.30823628309165
41617,356.296,163.2785538961119,193.01743609412247
12769,542.772,349.77089295120606,193.00107970504394
370024,619.0,426.44080641084673,192.55919358915327
45330,404.758,212.8147495567521,191.94324604871665
121074,548.437,356.7852900239396,191.65172169481042
86250,451.172,259.87633940936547,191.29565766094703
105167,888.778,698.3886292797871,190.38938585693165
52957,321.622,131.3705206749869,190.25148860235686
200933,518.404,328.5366152219145,189.86737647730428
376507,392.98,203.21563190985316,189.76437907647497
45330,402.028,212.8147495567521,189.21326557996665
52957,320.53,131.3705206749869,189.15947810430998
103286,387.353,198.39764755015386,188.955349276018
156111,1348.74,1160.0072093981707,188.73278083620426
76527,674.37,485.6866723189627,188.68332279822482
80942,371.313,183.1534888387348,188.1594994425152
190817,862.517,675.630808969207,186.88621983938674
138316,522.8,336.2114132903778,186.58857450259097
182943,806.299,620.2518894061445,186.04712182432422
76257,406.26,220.26800748661776,185.99200227900724
200000,639.568,453.78538736028065,185.78260580378185
150695,1090.37,904.7761953101565,185.59379980703102
7867,492.535,307.59799233552036,184.93701132658902
81390,425.0,240.18261134876292,184.81738865123708
268480,394.949,210.42514181285284,184.52386331410028
400000,1533.6,1349.0945370527375,184.50543853320005
68094,499.634,315.273054807729,184.36094787781786
65359,364.146,180.1350278351708,184.0109682585792
187647,431.549,247.79888376222385,183.7501274682449
190817,859.267,675.630808969207,183.63621983938674
99380,375.408,191.82231565136632,183.5856738505868
59071,239.278,56.342167889423116,182.93583198850658
179115,632.0,449.11223049695457,182.88776950304543
153700,975.529,792.6468324129391,182.8821592862796
38686,380.869,198.87820013820019,181.9907878989092
226042,777.13,596.488857664748,180.64114721806448
68094,495.539,315.273054807729,180.26594665711474
16472,459.295,279.62874314253787,179.6662702851965
293990,594.476,414.8798689370292,179.59614424656456
174601,389.7,210.2189108675609,179.48110133947034
187647,427.112,247.79888376222385,179.3131157494949
150318,754.5,575.1932973330046,179.30670266699542
179115,628.0,449.11223049695457,178.88776950304543
45330,391.107,212.8147495567521,178.29224507215415
199037,416.075,237.9264228507778,178.14858935625344
272278,639.4,461.36207272183134,178.03795169223116
140092,454.96,277.1298744655527,177.83011698952544
731945,4355.96,4178.777978100679,177.18198283682068
234819,417.0,240.80216072390851,176.19783927609149
81576,561.747,385.65867643538155,176.0883328419622
23685,383.258,207.2748390233936,175.98315658207514
229000,565.15,389.49417768129007,175.65584673277243
31829,207.9,32.364589419982856,175.53540447650153
238065,677.2,501.6835054345884,175.51650677244282
325217,719.94,544.6984712620099,175.24153117939636
234476,506.78,331.70978337316245,175.07021540613442
116872,336.21,161.86242711476467,174.34756434031345
177216,705.0,530.6950493438038,174.30495065619618
45330,387.012,212.8147495567521,174.19724385145102
73488,316.825,142.97411333186804,173.8508988751632
555243,620.64,446.860206871798,173.77980777663947
426472,536.0,362.4585585652382,173.5414414347618
156483,709.163,535.6525644701712,173.51046043217252
68094,488.713,315.273054807729,173.4399578875835
370773,1046.36,873.1832166517614,173.17676869980107
401753,443.15,270.35362210351707,172.7963717929673
64619,376.773,204.0572778409249,172.71573241298134
148101,327.11,154.5936055795324,172.5163797720301
198488,1062.0,889.7766324151529,172.2233675848471
393530,711.0,539.6929860816812,171.30701391831883
103286,369.606,198.39764755015386,171.20833999867426
154706,1167.75,996.5970599576602,171.15294004233976
36240,524.206,353.32371914294146,170.8822745094023
59071,227.18,56.342167889423116,170.83782478635814
139683,1016.0,845.1931430367855,170.8068569632145
875000,1650.33,1479.7770206063994,170.55293544828805
126985,274.66,104.52932854178425,170.13067512032512
104200,423.18,253.13825045868995,170.0417422170913
83957,353.908,184.6765721598071,169.23141734214602
272278,629.59,461.36207272183134,168.2279541336374
200933,496.733,328.5366152219145,168.1963864870699
235000,538.51,370.4077681017563,168.1022416638687
167066,514.67,346.88081728420934,167.7891656259469
474680,996.26,828.9407222355082,167.31928753011675
112283,208.19,41.38081812860892,166.80918431279733
37100,310.906,144.1811860548558,166.7248198045192
34400,415.1,248.80430081087607,166.29570529263955
394000,833.97,667.9862093220904,165.98376138103458
34400,414.61,248.80430081087607,165.80568454068643
237546,644.611,478.93568516009276,165.675337789126
93860,265.557,100.0134331094763,165.5435737264612
137806,296.176,131.67683858516548,164.4991562878814
93897,505.903,341.40743705984255,164.4955780768762
129716,655.25,490.75596544221,164.49403455778997
270413,393.259,228.8302432918739,164.42875939367298
198488,1054.0,889.7766324151529,164.2233675848471
34565,305.02,140.87871062522328,164.1412783884486
99380,355.614,191.82231565136632,163.79169802050868
104200,416.84,253.13825045868995,163.70174587920067
80942,346.741,183.1534888387348,163.58750847571832
81337,262.103,98.52767046262538,163.57532636354648
204029,577.1,413.7131442719543,163.38683131398318
238065,664.752,501.6835054345884,163.06850872556782
59071,219.337,56.342167889423116,162.99483772581127
293990,577.675,414.8798689370292,162.79511885593956
328760,897.52,734.9606495921611,162.55936993908892
555243,608.88,446.860206871798,162.01979801101447
76257,382.234,220.26800748661776,161.96600130244474
41617,325.172,163.2785538961119,161.8934431742006
34400,410.38,248.80430081087607,161.57570407193643
563782,768.0,606.5622168709724,161.4377831290276
81576,547.072,385.65867643538155,161.41334504899345
167066,508.24,346.88081728420934,161.35917295016566
24456,263.741,102.49922772539561,161.24176958905753
850354,2192.7,2031.5649549488821,161.13499622299287
83957,345.717,184.6765721598071,161.04043833823977
93206,443.0,281.99509710566355,161.00490289433645
247471,496.515,336.1821165235474,160.3328981248901
105167,858.678,698.3886292797871,160.2893492358379
41617,323.534,163.2785538961119,160.25544268591935
62837,408.252,248.40557204283598,159.84644211732027
325217,704.22,544.6984712620099,159.5214994411151
105545,655.258,495.8898136110418,159.36818199442695
461647,1319.88,1160.9033059683068,158.97669891450573
71224,228.04,69.53177877239092,158.5082145137419
234476,489.675,331.70978337316245,157.9652044198063
34400,406.65,248.80430081087607,157.8456930856083
35605,243.983,86.37710753881348,157.6058941701709
45330,370.289,212.8147495567521,157.47425190809165
154706,1154.0,996.5970599576602,157.40294004233976
59200,301.692,144.33938762585132,157.35259845813306
198488,1047.0,889.7766324151529,157.2233675848471
250000,1171.19,1014.0126709648727,157.17727044137735
250000,1171.11,1014.0126709648727,157.09731438668985
387638,219.784,62.709790158800075,157.07420642323117
7432,297.596,140.6190242294935,156.97698407128775
200933,485.437,328.5366152219145,156.90039649683553
249457,884.831,728.4353757297193,156.3956179226244
555243,603.0,446.860206871798,156.13979312820197
261188,2652.0,2495.8661686140485,156.13383138595145
328760,891.04,734.9606495921611,156.07932843518267
387638,218.761,62.709790158800075,156.051211428114
325217,700.7,544.6984712620099,156.00154094502136
73597,247.119,91.18746475932662,155.93153853657182
325217,700.32,544.6984712620099,155.62153606220886
110272,452.026,296.52759111706195,155.49840985950055
92099,233.58,78.16642602619405,155.41357580486064
152946,317.593,162.19644335761348,155.3965437029334
53130,253.912,98.80295451665741,155.10904804681917
819577,1722.96,1567.879015226122,155.08094571137804
105505,223.17,68.48450060075061,154.6854975681947
69600,255.57,100.95469507941164,154.61531224480711
200000,608.343,453.78538736028065,154.55763021784435
88486,254.91,100.51803659247284,154.39196706963654
59200,298.62,144.33938762585132,154.28060749133618
200000,607.855,453.78538736028065,154.06959310846935
325217,698.73,544.6984712620099,154.0315092067401
52957,285.037,131.3705206749869,153.6664666297006
7432,294.183,140.6190242294935,153.56398968652212
394000,821.51,667.9862093220904,153.52380044353458
387638,216.03,62.709790158800075,153.3202086204968
76257,373.497,220.26800748661776,153.229001790726
105505,221.52,68.48450060075061,153.03550367171033
270034,562.0,408.9986724895473,153.0013275104527
199037,390.875,237.9264228507778,152.9485771492222
247471,489.104,336.1821165235474,152.9218873827026
65359,332.748,180.1350278351708,152.61295800467295
563782,759.0,606.5622168709724,152.4377831290276
45330,365.17,212.8147495567521,152.35526387098227
198488,1042.0,889.7766324151529,152.2233675848471
126985,256.61,104.52932854178425,152.08065680977825
153700,944.722,792.6468324129391,152.0751524503421
73597,243.259,91.18746475932662,152.07153792622026
387638,214.665,62.709790158800075,151.95520312733274
199037,389.675,237.9264228507778,151.74856494219094
88486,252.1,100.51803659247284,151.5819695110428
461647,1312.44,1160.9033059683068,151.53663543794323
34400,400.18,248.80430081087607,151.37569186490518
555243,598.2,446.860206871798,151.33980533523322
90400,556.91,405.68319902028577,151.22677412424548
59200,295.549,144.33938762585132,151.20962360461743
100813,355.051,203.85520093123887,151.195793941808
7867,458.68,307.59799233552036,151.0820003402609
86250,410.901,259.87633940936547,151.02466156719703
45330,363.463,212.8147495567521,150.6482631385604
126985,254.77,104.52932854178425,150.24067573067668
270034,558.9,408.9986724895473,149.9013519245152
59200,293.842,144.33938762585132,149.50262287219556
394000,817.35,667.9862093220904,149.36376626384708
350000,479.55,330.21671316976483,149.33327462320392
154706,1145.75,996.5970599576602,149.15294004233976
401753,419.45,270.35362210351707,149.09639010351418
105000,381.9,233.0179597824745,148.88203411400988
110272,445.374,296.52759111706195,148.84640180285993
112283,189.84,41.38081812860892,148.4591782092817
166856,432.188,283.73101376496606,148.45697451628394
238065,650.03,501.6835054345884,148.34652386228657
37241,247.36,99.04887659598579,148.31112401436576
167066,495.06,346.88081728420934,148.1791802743844
428647,1508.0,1359.9465007974802,148.0534992025198
92099,225.74,78.16642602619405,147.57357946697002
387638,210.228,62.709790158800075,147.5182066673718
118858,592.135,445.0934769183514,147.04153284727357
103200,490.95,343.91486905530076,147.0351431517305
350000,477.14,330.21671316976483,146.92330147867267
442438,1729.84,1583.0083855525718,146.83158026774072
262156,421.31,274.5210589133958,146.78893864519796
34400,395.45,248.80430081087607,146.64571139615518
65359,326.605,180.1350278351708,146.46998315115732
233937,450.0,303.6943419529466,146.30565804705338
61904,415.27,269.06916873077216,146.2008202828997
60809,414.655,268.4740785008974,146.18092027839947
12769,495.812,349.77089295120606,146.04111876754394
52957,277.392,131.3705206749869,146.02147761602873
163959,287.77,141.79413811125335,145.97585090241853
33370,242.561,96.76623678222678,145.7947678564451
370024,572.0,426.44080641084673,145.55919358915327
83957,330.018,184.6765721598071,145.34143321128664
108971,295.925,151.15234512631167,144.77264266665708
230259,349.16,204.64542960102528,144.5145740610841
408000,824.82,680.4859150027135,144.3340923215053
393530,684.0,539.6929860816812,144.30701391831883
239638,450.0,305.73217919994926,144.26782080005074
37241,243.264,99.04887659598579,144.21513097237357
234476,475.708,331.70978337316245,143.99822443933755
121074,500.658,356.7852900239396,143.87269947801354
200933,472.161,328.5366152219145,143.62439552027303
98900,284.87,141.2952021662272,143.5747929509603
26953,242.855,99.32054412004912,143.53445160748993
16472,423.086,279.62874314253787,143.45725539261838
100813,347.156,203.85520093123887,143.30080492813613
83379,363.122,219.83548735849715,143.2865219188466
158000,358.61,215.75795041243782,142.85203493912468
60088,275.413,132.97651905397544,142.4364753307902
245637,369.0,226.5695228239282,142.4304771760718
64619,346.399,204.0572778409249,142.34170897548134
148101,296.57,154.5936055795324,141.97640174468634
59071,198.038,56.342167889423116,141.69582649534252
273234,1041.12,899.6352102204693,141.48478489671822
60088,273.707,132.97651905397544,140.73048167844644
150695,1045.44,904.7761953101565,140.66374609609352
126960,399.317,258.7759994820021,140.5409866019823
81372,270.827,130.29351170570138,140.533484143908
76257,360.392,220.26800748661776,140.12399080439786
24456,242.445,102.49922772539561,139.94577959882315
26944,305.104,165.33058499822445,139.77341890802555
387638,202.379,62.709790158800075,139.6692076439343
34400,388.35,248.80430081087607,139.54570529263955
196043,281.942,142.57311008764637,139.368875996338
93860,239.377,100.0134331094763,139.3635657918909
34400,388.11,248.80430081087607,139.30568454068643
59200,283.604,144.33938762585132,139.26461628039868
65359,319.097,180.1350278351708,138.96195702811045
450000,1374.67,1235.7242122358653,138.94583170944725
283000,519.93,380.99160520837177,138.93838746740948
153700,931.461,792.6468324129391,138.8141661222171
279840,837.075,698.6256467920473,138.44936541498396
850354,2169.8,2031.5649549488821,138.23509387924287
81337,236.712,98.52767046262538,138.18433515260898
108971,289.325,151.15234512631167,138.17266708071958
82548,260.5,122.43459414597746,138.06540585402254
153700,930.299,792.6468324129391,137.6521788175296
81372,267.833,130.29351170570138,137.53949610679862
239638,443.0,305.73217919994926,137.26782080005074
198488,1027.0,889.7766324151529,137.2233675848471
75228,269.5,132.29578839442866,137.20421160557134
61904,406.26,269.06916873077216,137.19084103485284
81337,235.483,98.52767046262538,136.95533124635898
189425,324.0,187.55360453964565,136.44639546035435
126985,240.9,104.52932854178425,136.37066535470012
261091,380.698,244.39647565772987,136.30152238914513
322341,1166.4,1030.148479454454,136.2515449596085
198488,1026.0,889.7766324151529,136.2233675848471
10932,187.725,51.52376941730643,136.2012366862092
122122,441.0,304.9177275269143,136.0822724730857
12769,485.778,349.77089295120606,136.00712218551269
53130,234.801,98.80295451665741,135.99804035638948
42731,421.549,285.8014530234961,135.74755820697266
43992,380.78,245.07974080121127,135.7002579780856
93860,235.681,100.0134331094763,135.66756664638308
137806,266.592,131.67683858516548,134.9151719128814
7867,442.299,307.59799233552036,134.7010188949484
33370,231.337,96.76623678222678,134.5707688330076
200000,588.19,453.78538736028065,134.4046150811256
200000,588.19,453.78538736028065,134.4046150811256
200000,588.19,453.78538736028065,134.4046150811256
129716,625.0,490.75596544221,134.24403455778997
132518,349.45,215.4556585677141,133.99435363931715
26953,233.299,99.32054412004912,133.97845185163055
53130,232.753,98.80295451665741,133.95005146478792
125507,472.15,338.54081004480196,133.60918385168242
59200,277.802,144.33938762585132,133.46261432727368
325217,678.08,544.6984712620099,133.38154582783386
45330,346.058,212.8147495567521,133.24326435926352
97532,387.178,253.9663692615684,133.21163977163474
97532,387.178,253.9663692615684,133.21163977163474
65657,580.7,448.0672156416802,132.63279656535104
41617,295.685,163.2785538961119,132.40644366248185
187647,380.186,247.79888376222385,132.38712087644802
273234,1031.88,899.6352102204693,132.24479466234322
181805,588.0,455.8272082897085,132.1727917102915
22000,193.32,61.16436187749794,132.15564544672083
90697,305.7,173.55121613287517,132.14879607415608
69600,233.08,100.95469507941164,132.12530675164305
250000,1145.98,1014.0126709648727,131.96730950387735
23685,339.232,207.2748390233936,131.95715560551264
745671,1118.0,986.2969036256823,131.70309637431774
98829,240.62,108.94827957708048,131.67171554010702
93764,172.7,41.03982342026941,131.66017352797277
492898,554.0,422.440029221261,131.559970778739
3853,198.0,66.54581061520122,131.45418938479878
99380,323.192,191.82231565136632,131.36967043261805
237546,610.256,478.93568516009276,131.32029628521974
48392,361.074,229.75574595331832,131.3182591736348
93897,472.635,341.40743705984255,131.22757270578245
198488,1021.0,889.7766324151529,131.2233675848471
273234,1030.79,899.6352102204693,131.15482884203072
34400,379.93,248.80430081087607,131.12569186490518
179115,580.0,449.11223049695457,130.88776950304543
450000,1366.48,1235.7242122358653,130.75576823288475
24456,233.163,102.49922772539561,130.66376665937003
275793,744.0,613.3374926623571,130.66250733764286
426472,493.0,362.4585585652382,130.5414414347618
245637,357.0,226.5695228239282,130.4304771760718
12769,480.113,349.77089295120606,130.3421136405908
198488,1020.0,889.7766324151529,130.2233675848471
195437,423.639,293.5527209995151,130.0862865688443
332447,405.0,275.05455627048576,129.94544372951424
401753,399.717,270.35362210351707,129.3633883945298
34400,378.15,248.80430081087607,129.3456930856083
198488,1019.0,889.7766324151529,129.2233675848471
181805,585.0,455.8272082897085,129.1727917102915
53130,227.975,98.80295451665741,129.17205158685823
187647,376.944,247.79888376222385,129.14511648191677
192152,596.984,468.2316859119968,128.7523228770657
59200,272.683,144.33938762585132,128.3436262901643
103286,326.605,198.39764755015386,128.20736343617426
12769,477.929,349.77089295120606,128.15809264449706
45330,340.939,212.8147495567521,128.12424580457602
69600,229.06,100.95469507941164,128.10530247918211
127632,481.0,352.9154120660212,128.0845879339788
60088,260.738,132.97651905397544,127.76148753782144
110272,424.255,296.52759111706195,127.72741376575055
86091,453.75,326.25192767266293,127.49807232733707
24456,229.886,102.49922772539561,127.38677386151845
234819,368.0,240.80216072390851,127.19783927609149
129716,617.75,490.75596544221,126.99403455778997
57436,177.6,50.76909114129893,126.8309149622167
93897,468.018,341.40743705984255,126.6105683112512
98829,235.5,108.94827957708048,126.55172042291952
160038,218.1,91.67178586365603,126.4282202398596
151900,245.45,119.18625202672861,126.26374492151358
150887,234.411,108.29999420021122,126.11100128318722
53130,224.904,98.80295451665741,126.1010524413504
7867,433.562,307.59799233552036,125.96401938322964
48392,355.614,229.75574595331832,125.85826771855668
37100,269.953,144.1811860548558,125.7718168748317
104294,282.43,156.69534208539181,125.73465059038944
103200,469.54,343.91486905530076,125.62513948962112
120566,177.0,51.38596578106557,125.61403421893442
99380,317.39,191.82231565136632,125.56769899707118
34400,374.17,248.80430081087607,125.3657126168583
332884,703.382,578.076293883577,125.30572515939173
294812,424.66,299.38857644367727,125.27142721843211
105505,193.7,68.48450060075061,125.21549634749158
545351,760.878,635.6722651476589,125.20572557499736
24456,227.702,102.49922772539561,125.20276812421376
234819,366.0,240.80216072390851,125.19783927609149
23685,332.407,207.2748390233936,125.13217391605951
199037,363.05,237.9264228507778,125.12356494219094
282200,538.95,413.96836488381973,124.98164732321152
153700,917.518,792.6468324129391,124.8711729581546
370024,551.0,426.44080641084673,124.55919358915327
125701,448.985,324.4719536659452,124.5130316856173
77469,334.69,210.3204192567057,124.36958318470056
271492,198.826,74.53280512952514,124.29319889879517
275610,258.642,134.3808477991984,124.26115049181723
81576,509.873,385.65867643538155,124.2143094044622
400000,1472.64,1349.0945370527375,123.54547759570005
29469,167.364,43.84579213733377,123.51820627575216
110272,419.911,296.52759111706195,123.38341962512555
65657,571.4,448.0672156416802,123.3328087723823
37100,267.222,144.1811860548558,123.04079880842545
68211,289.8,166.92017581058727,122.87981198238148
22000,183.97,61.16436187749794,122.80563934320519
166856,406.467,283.73101376496606,122.73599673308081
41617,285.856,163.2785538961119,122.57743365271622
26953,221.832,99.32054412004912,122.51145661237275
33370,218.976,96.76623678222678,122.2097611425779
153999,310.0,187.80271157268805,122.19728842731195
332447,397.0,275.05455627048576,121.94544372951424
272278,583.27,461.36207272183134,121.90794680941866
52957,252.82,131.3705206749869,121.44948664923186
85039,491.11,370.00177881801653,121.10820653354597
503634,637.0,515.8994400356414,121.10055996435858
174924,363.0,242.05418410596482,120.94581589403518
90400,526.58,405.68319902028577,120.89681806955798
268480,331.168,210.42514181285284,120.74285745472528
53130,219.443,98.80295451665741,120.64003864740509
268480,330.9,210.42514181285284,120.47485208363153
563782,727.0,606.5622168709724,120.4377831290276
232139,720.615,600.4430314095656,120.1719588248094
194441,812.52,692.3594942510504,120.16052528019964
195437,413.691,293.5527209995151,120.13828852196929
408000,800.46,680.4859150027135,119.9741069699428
189425,307.5,187.55360453964565,119.94639546035435
272278,581.11,461.36207272183134,119.74791262973116
33370,216.129,96.76623678222678,119.36276102050759
198488,1009.0,889.7766324151529,119.2233675848471
243072,552.125,432.9709513137315,119.15404868626848
156483,654.743,535.6525644701712,119.09041648686002
270413,347.916,228.8302432918739,119.08574181554798
60088,251.865,132.97651905397544,118.88848643918863
60606,291.881,173.18415925996723,118.6968527029234
52957,249.817,131.3705206749869,118.44648066778655
121062,185.6,67.47481075878693,118.1251953447287
174924,360.0,242.05418410596482,117.94581589403518
164206,751.735,633.8106849402451,117.9243004113174
108339,380.1,262.55023374512086,117.54977235839476
426472,480.0,362.4585585652382,117.5414414347618
73813,480.172,362.66429192041716,117.50770514989534
53130,216.03,98.80295451665741,117.22704426263947
555243,563.88,446.860206871798,117.01979801101447
103200,460.9,343.91486905530076,116.98512484118362
56995,377.86,260.90920928900937,116.95077606255313
399331,606.0,489.2977917993175,116.70220820068249
99380,308.517,191.82231565136632,116.6946826396493
282200,530.28,413.96836488381973,116.31166441305527
10932,167.736,51.52376941730643,116.2122230143342
332447,391.0,275.05455627048576,115.94544372951424
160038,207.6,91.67178586365603,115.9282202398596
24456,218.419,102.49922772539561,115.91977862226064
24456,218.419,102.49922772539561,115.91977862226064
254766,419.81,304.0705613478686,115.73943621072516
105545,611.574,495.8898136110418,115.6841609983332
104604,386.0,270.31630969883395,115.68369030116605
48411,314.11,198.68188181110997,115.42810354045253
7432,255.96,140.6190242294935,115.34098248437368
64743,257.761,142.47266701093585,115.28831931718915
474680,944.2,828.9407222355082,115.259289971523
81337,213.778,98.52767046262538,115.25032941530431
153999,303.0,187.80271157268805,115.19728842731195
278369,433.125,318.0542574749598,115.0707425250402
174924,357.0,242.05418410596482,114.94581589403518
332447,390.0,275.05455627048576,114.94544372951424
69600,215.84,100.95469507941164,114.88530125847899
30543,200.76,85.98134994425105,114.77864456258489
40950,278.14,163.43124028621995,114.70877436221755
69600,215.6,100.95469507941164,114.64531102410399
187647,362.44,247.79888376222385,114.6411186791824
105505,183.05,68.48450060075061,114.5655024510072
553210,510.95,396.39464826051767,114.55536394651358
24456,217.054,102.49922772539561,114.55477312909657
344798,1036.0,921.620763865022,114.37923613497799
34400,363.1,248.80430081087607,114.29570529263955
235000,484.38,370.4077681017563,113.97223678105621
73597,205.033,91.18746475932662,113.84554000141557
37100,258.008,144.1811860548558,113.82680955061295
278369,431.812,318.0542574749598,113.7577542437902
131745,193.316,79.67019960302535,113.64579465966996
102429,158.9,45.26281079805393,113.63718309843046
73813,476.151,362.66429192041716,113.48670905614534
63847,348.193,234.73177876872276,113.46121439533974
563782,720.0,606.5622168709724,113.4377831290276
37265,207.9,94.48063016843949,113.41936372804489
275610,247.738,134.3808477991984,113.35715879259848
64619,317.39,204.0572778409249,113.33273680751259
37265,207.8,94.48063016843949,113.31937288331832
250000,1127.28,1014.0126709648727,113.26735833200235
139683,958.439,845.1931430367855,113.24588284212075
56851,257.497,144.5619113183663,112.93509795897745
187174,465.342,352.41482775024036,112.92718274780651
166856,396.648,283.73101376496606,112.91699648894019
294812,412.205,299.38857644367727,112.81641012858836
169290,336.3,223.58796070879634,112.7120270841724
283000,493.68,380.99160520837177,112.68838746740948
148032,224.0,111.32394582057324,112.67605417942676
59200,256.984,144.33938762585132,112.64462116321118
93860,212.607,100.0134331094763,112.59356151942995
12769,462.23,349.77089295120606,112.45911803512206
158000,328.16,215.75795041243782,112.40205324967155
134114,269.37,157.2748331863624,112.0951619308251
86375,300.22,188.13447896477538,112.08552225592774
63900,191.25,79.23777226772354,112.01222773227646
7432,252.547,140.6190242294935,111.927972840819
193202,255.744,143.90187591967418,111.84212737622425
387638,174.394,62.709790158800075,111.68420703358274
105167,809.709,698.3886292797871,111.3203550952129
79949,277.372,166.07517786095895,111.2968314163848
196043,253.752,142.57311008764637,111.17888881372082
56851,255.667,144.5619113183663,111.10509612792276
38686,309.882,198.87820013820019,111.00378838719044
48392,340.598,229.75574595331832,110.84224599004105
83043,394.5,283.8124254486754,110.68757455132459
52957,241.899,131.3705206749869,110.52848140020842
23685,317.732,207.2748390233936,110.45715560551264
563782,717.0,606.5622168709724,110.4377831290276
35605,196.781,86.37710753881348,110.40389832056152
194441,802.551,692.3594942510504,110.19153113957464
387638,172.824,62.709790158800075,110.11421496815305
202937,507.0,397.02891710963456,109.97108289036544
184098,737.075,627.1424160075418,109.93259619948947
65657,557.9,448.0672156416802,109.8328087723823
37100,253.912,144.1811860548558,109.73081650862076
190817,785.3,675.630808969207,109.66917882376174
34400,358.37,248.80430081087607,109.56569430631143
162549,229.769,120.2215696136214,109.54742757876141
93206,391.5,281.99509710566355,109.50490289433645
126985,213.85,104.52932854178425,109.32067756173137
177216,640.0,530.6950493438038,109.30495065619618
105167,807.576,698.3886292797871,109.18735948974415
90697,282.7,173.55121613287517,109.14879607415608
304333,1622.16,1513.0803304467377,109.07970373294984
18717,240.807,131.811269537185,108.99573729875249
304333,1622.02,1513.0803304467377,108.93968908451234
36744,238.55,129.61788150425338,108.93212154750444
81576,494.515,385.65867643538155,108.85633821305595
187647,356.638,247.79888376222385,108.8391167260574
116186,390.438,282.02003694459665,108.41795133665335
850354,2139.89,2031.5649549488821,108.32493762924287
24456,210.502,102.49922772539561,108.00277117597157
182943,728.2,620.2518894061445,107.94812280088672
69799,196.0,88.07081811126567,107.92918188873433
350000,438.09,330.21671316976483,107.8732831681258
487433,190.434,82.6511249021135,107.7828808351912
271300,222.32,114.56615837559549,107.75384894862326
4071,185.233,77.86951697258688,107.3634847363975
42731,393.155,285.8014530234961,107.35354575580078
126960,366.015,258.7759994820021,107.23901516643542
24456,209.683,102.49922772539561,107.18377093183095
111518,351.05,243.8752585977585,107.17472919521026
234476,438.874,331.70978337316245,107.16420954675942
166514,223.675,116.516837538662,107.15816551309581
487433,189.752,82.6511249021135,107.1008739992537
53130,205.792,98.80295451665741,106.98905292963165
304333,1619.79,1513.0803304467377,106.70970861576234
139113,191.2,84.50359798919082,106.69639895905136
275793,720.0,613.3374926623571,106.66250733764286
70837,297.3,190.64544667279523,106.65454112017352
387638,169.275,62.709790158800075,106.5652037376843
7432,247.087,140.6190242294935,106.46798138574087
81372,236.761,130.29351170570138,106.46748988121269
84300,202.14,95.86388601390425,106.27611337574419
387638,168.934,62.709790158800075,106.22421557850461
152559,403.543,297.36405343594816,106.17894583162996
86091,432.25,326.25192767266293,105.99807232733707
250000,1120.01,1014.0126709648727,105.99733880075235
37265,200.2,94.48063016843949,105.7193667798027
545351,741.346,635.6722651476589,105.67374315312236
140488,264.225,158.57395552225643,105.6510505812592
160673,589.7,484.13695989998547,105.56305230704578
487433,188.045,82.6511249021135,105.39387326683182
26953,204.632,99.32054412004912,105.31145966413057
53130,204.085,98.80295451665741,105.28205219720978
207000,579.98,474.81716252666666,105.16281794208334
140092,382.27,277.1298744655527,105.14011454811919
152471,207.3,102.35184354356376,104.94815950819405
60606,277.898,173.18415925996723,104.71385099393902
104604,375.0,270.31630969883395,104.68369030116605
4482,134.0,29.3200721566835,104.6799278433165
275793,718.0,613.3374926623571,104.66250733764286
106523,399.98,295.31966741302153,104.66034357330659
19823,226.583,122.00064198061145,104.58235057309949
344798,1026.0,921.620763865022,104.37923613497799
90697,277.8,173.55121613287517,104.24877166009358
153999,292.0,187.80271157268805,104.19728842731195
487433,186.68,82.6511249021135,104.02886777366776
93206,386.0,281.99509710566355,104.00490289433645
174924,346.0,242.05418410596482,103.94581589403518
34400,352.75,248.80430081087607,103.94569918912393
206054,633.244,529.3317513697473,103.91226718494022
139113,188.4,84.50359798919082,103.89639590729355
387638,166.545,62.709790158800075,103.83520801014524
126985,208.28,104.52932854178425,103.75067023751262
41617,267.018,163.2785538961119,103.73945147498185
131745,183.393,79.67019960302535,103.7228057680684
200442,749.0,645.3766118020225,103.62338819797753
53303,528.8,425.19307893756763,103.60690885540112
118338,515.578,411.99979701573363,103.57820591395387
400000,1452.48,1349.0945370527375,103.38544341601255
192152,571.608,468.2316859119968,103.37628527940944
393530,643.0,539.6929860816812,103.30701391831883
106523,398.615,295.31966741302153,103.29532282135347
184098,730.38,627.1424160075418,103.23758887527072
193202,247.104,143.90187591967418,103.20212798657582
193202,247.104,143.90187591967418,103.20212798657582
171084,534.293,431.1147095639468,103.17832022120945
132518,318.58,215.4556585677141,103.12432800455153
130067,336.0,232.91878450263349,103.08121549736651
325217,647.65,544.6984712620099,102.95155315205261
37241,201.901,99.04887659598579,102.85212438057671
126985,207.32,104.52932854178425,102.7906787824345
61904,371.859,269.06916873077216,102.78984005829034
21657,154.259,51.485678818256744,102.77332386729013
104604,373.0,270.31630969883395,102.68369030116605
63847,337.248,234.73177876872276,102.51620707112099
151900,221.575,119.18625202672861,102.38874492151358
137806,234.0,131.67683858516548,102.32316141483452
393530,642.0,539.6929860816812,102.30701391831883
43992,347.38,245.07974080121127,102.30026408160123
53130,201.014,98.80295451665741,102.21105305170197
270413,330.899,228.8302432918739,102.06874352453235
36221,123.0,21.18585997247453,101.81414002752547
24456,204.222,102.49922772539561,101.7227723966747
109588,547.949,446.27715079315226,101.67182381622274
126960,360.415,258.7759994820021,101.6390090629198
37241,200.673,99.04887659598579,101.62412755440484
42731,387.421,285.8014530234961,101.61953696673828
370024,528.0,426.44080641084673,101.55919358915327
60088,234.459,132.97651905397544,101.48248057981363
194441,793.747,692.3594942510504,101.38751502629339
82548,223.75,122.43459414597746,101.31540585402254
130885,644.678,543.395184819627,101.28279369599795
332884,679.33,578.076293883577,101.25372320626673
46981,229.25,128.13481049414315,101.11518950585685
182500,288.29,187.2399092969563,101.05009924796556
875000,1580.79,1479.7770206063994,101.01301845610055
7432,241.626,140.6190242294935,101.00698285058462
487433,183.609,82.6511249021135,100.95786862815994
271492,175.416,74.53280512952514,100.8831952366858
34400,349.68,248.80430081087607,100.87569186490518
53303,526.025,425.19307893756763,100.83194547649487
131745,180.491,79.67019960302535,100.82079771142777
64743,243.215,142.47266701093585,100.74232932695477
184098,727.803,627.1424160075418,100.66056250808322
152559,398.0,297.36405343594816,100.63594656405184
50552,314.234,213.79266891273667,100.44133987632583
37241,199.444,99.04887659598579,100.39512364815484
233937,404.0,303.6943419529466,100.30565804705338
168696,206.0,105.70833076013291,100.29166923986709
69600,201.18,100.95469507941164,100.22529759636961
234819,341.0,240.80216072390851,100.19783927609149
169290,323.75,223.58796070879634,100.16203929120366
175618,435.375,335.26393622282785,100.11106377717215
175618,435.292,335.26393622282785,100.02805596467215
119509,185.0,85.0602844463126,99.9397155536874
33370,196.656,96.76623678222678,99.88976907714822
75900,254.02,154.31126786882737,99.70873640363357
153700,892.201,792.6468324129391,99.5541563565921
126045,152.0,52.449307087897715,99.55069291210228
86120,257.5,157.98160241091173,99.51839758908827
350000,429.67,330.21671316976483,99.45330025796954
30543,185.43,85.98134994425105,99.4486427315302
234476,431.142,331.70978337316245,99.43221491785317
233937,403.0,303.6943419529466,99.30565804705338
129716,590.0,490.75596544221,99.24403455778997
73597,190.338,91.18746475932662,99.15053267719682
93860,199.157,100.0134331094763,99.14356457118777
82548,221.25,122.43459414597746,98.81540585402254
59200,242.991,144.33938762585132,98.65160968860181
140092,375.77,277.1298744655527,98.64011454811919
27000,171.186,72.67887999204895,98.50712464662293
90697,271.8,173.55121613287517,98.24877166009358
198488,988.0,889.7766324151529,98.2233675848471
283000,479.16,380.99160520837177,98.16839845373761
196043,240.716,142.57311008764637,98.14289333032238
174601,308.2,210.2189108675609,97.98110133947034
166514,214.475,116.516837538662,97.95816856485362
22000,159.11,61.16436187749794,97.94563873285362
327256,1027.23,929.3100436754685,97.91993679328152
387638,160.538,62.709790158800075,97.82820422596555
671507,1412.18,1314.4549027253754,97.7251509855621
12769,447.486,349.77089295120606,97.71509948043456
294812,397.088,299.38857644367727,97.69943625163523
27000,170.367,72.67887999204895,97.6881244024823
174601,307.8,210.2189108675609,97.58107692540784
82548,220.0,122.43459414597746,97.56540585402254
179559,630.58,533.0834721915626,97.49654489828117
43992,342.47,245.07974080121127,97.39026041949185
182500,284.48,187.2399092969563,97.24010168937181
198488,987.0,889.7766324151529,97.2233675848471
47984,184.31,87.09741906155259,97.21257849704116
234476,428.876,331.70978337316245,97.16622370691567
23685,304.422,207.2748390233936,97.14715804691889
130067,330.0,232.91878450263349,97.08121549736651
332447,372.0,275.05455627048576,96.94544372951424
252952,245.777,148.83228953468972,96.94470326316184
230259,301.56,204.64542960102528,96.91456795756847
7432,237.531,140.6190242294935,96.9119816298815
69400,188.01,91.51270432346128,96.49729018337466
77500,179.39,82.92114105555942,96.46885833408902
180806,516.5,420.0418057164399,96.45819428356009
247471,432.598,336.1821165235474,96.41587541981198
137806,228.089,131.67683858516548,96.41216593143608
53130,195.212,98.80295451665741,96.40905109857697
37265,190.7,94.48063016843949,96.2193667798027
282200,510.18,413.96836488381973,96.21162779196152
74886,497.0,400.8094717582333,96.19052824176669
122746,265.457,169.4339466678289,96.02305406459297
237702,477.0,380.97897339947025,96.02102660052975
195437,389.551,293.5527209995151,95.99827387353179
55516,246.802,150.86933596327978,95.93266598984522
116186,377.935,282.02003694459665,95.9149606139971
150887,204.21,108.29999420021122,95.91001251365597
42731,381.688,285.8014530234961,95.8865352577539
169290,319.325,223.58796070879634,95.7370514982349
139113,180.2,84.50359798919082,95.69639895905136
75929,565.167,469.61170027226115,95.55529191523885
86091,421.75,326.25192767266293,95.49807232733707
26953,194.666,99.32054412004912,95.34545624616182
150318,670.5,575.1932973330046,95.30670266699542
161969,282.0,187.00168758470028,94.99831241529972
189425,282.5,187.55360453964565,94.94639546035435
105000,327.96,233.0179597824745,94.94203167260363
11274,118.24,23.325137335591627,94.91486052817791
33743,196.96,102.18416684786591,94.77583986600128
35605,181.139,86.37710753881348,94.7619000295459
153700,887.373,792.6468324129391,94.7261534269046
232139,695.091,600.4430314095656,94.64797200840314
16726,161.084,66.45064065067227,94.63335898311679
193202,238.464,143.90187591967418,94.56212859692738
93860,194.55,100.0134331094763,94.53656994228152
73200,212.2,118.01822999378687,94.18176695445531
187647,341.963,247.79888376222385,94.16412893308865
24456,196.577,102.49922772539561,94.07776812421376
261091,338.425,244.39647565772987,94.02851213523888
194441,786.371,692.3594942510504,94.01147742863714
159384,437.0,343.0014627080198,93.9985372919802
66203,201.025,107.12973699866703,93.89525689781735
31666,358.801,264.98099477752817,93.82000009551871
69600,194.77,100.95469507941164,93.8153091930493
112536,257.94,164.22713646287875,93.7128659785275
60088,226.61,132.97651905397544,93.63348155637613
83800,223.13,129.58576344164652,93.54424144116598
69600,194.39,100.95469507941164,93.4353043102368
103286,291.795,198.39764755015386,93.39736587758051
73597,184.423,91.18746475932662,93.23553939106401
52957,224.426,131.3705206749869,93.05547419805998
11651,123.88,30.93834779891024,92.94164945450773
105000,325.85,233.0179597824745,92.83204632104113
150318,668.0,575.1932973330046,92.80670266699542
92288,854.25,761.4599746283645,92.79002537163547
93860,192.765,100.0134331094763,92.75156628017214
79949,258.821,166.07517786095895,92.74583654333793
294812,392.107,299.38857644367727,92.71841818522898
128682,150.3,57.58399398001554,92.71600907174226
15876,177.056,84.36521756420449,92.69078219165489
16098,113.0,20.596398209423327,92.40360179057667
34565,233.168,140.87871062522328,92.28928864235485
232139,692.715,600.4430314095656,92.27199544590314
90697,265.7,173.55121613287517,92.14879607415608
105000,325.14,233.0179597824745,92.12205486596301
225014,261.0,168.96841801675487,92.03158198324513
116872,253.86,161.86242711476467,91.99757349558689
129716,582.75,490.75596544221,91.99403455778997
193800,288.36,196.48379335704252,91.87619199451998
193800,288.36,196.48379335704252,91.87619199451998
93764,132.8,41.03982342026941,91.7601796314884
187174,444.035,352.41482775024036,91.62017591186901
278369,409.625,318.0542574749598,91.5707425250402
64619,295.549,204.0572778409249,91.49173338954384
204349,531.7,440.2521419065407,91.44787030049054
93860,191.407,100.0134331094763,91.39356457118777
68693,379.725,288.3336933551416,91.39131274837405
63348,445.18,353.8889700163009,91.29102265948035
16098,111.82,20.596398209423327,91.22360148540089
198488,981.0,889.7766324151529,91.2233675848471
90697,264.5,173.55121613287517,90.94878386712483
100481,457.25,366.3107338222408,90.93926617775918
160673,574.875,484.13695989998547,90.73804010001453
184098,717.859,627.1424160075418,90.71659278152072
156483,626.293,535.6525644701712,90.64046531498502
90635,279.2,188.57160995302846,90.6284022540028
118338,502.625,411.99979701573363,90.62520298426637
129716,581.25,490.75596544221,90.49403455778997
278795,315.917,225.4772542573112,90.43973793018881
122746,259.757,169.4339466678289,90.32304185756172
278795,315.8,225.4772542573112,90.32273353565756
118231,223.187,132.91861146658698,90.26838499337396
305047,532.238,441.9747944850977,90.26318158912107
45330,303.057,212.8147495567521,90.2422572791854
77500,173.08,82.92114105555942,90.15886077549527
88856,120.9,30.748518009184007,90.1514835166949
200933,418.58,328.5366152219145,90.04337135035115
4071,167.8,77.86951697258688,89.93048607917093
38686,288.723,198.87820013820019,89.84479180515919
47984,176.88,87.09741906155259,89.78258582125991
105545,585.637,495.8898136110418,89.74721031473945
24456,192.209,102.49922772539561,89.70977190839345
140092,366.78,277.1298744655527,89.65012431374419
128682,147.2,57.58399398001554,89.61600296822664
85732,265.903,176.32713159648773,89.57588354023102
71224,159.07,69.53177877239092,89.53822855182783
157070,268.729,179.19819036012302,89.53081354612698
64619,293.501,204.0572778409249,89.44372923915321
118966,212.2,122.76227916901412,89.43771777922807
142672,201.637,112.2596150432741,89.37737836492903
157070,268.575,179.19819036012302,89.37682184690823
94175,452.572,363.3058689234733,89.26612204332355
140092,366.22,277.1298744655527,89.09012675515044
166514,205.575,116.516837538662,89.05815940958018
83957,273.707,184.6765721598071,89.03042857261477
26953,188.25,99.32054412004912,88.92945587995088
170000,261.09,172.17640488176923,88.9135914561214
207000,563.69,474.81716252666666,88.87283991473959
7133,120.15,31.410553472373927,88.73944805350499
7432,229.34,140.6190242294935,88.72097210839712
83043,372.5,283.8124254486754,88.68757455132459
278369,406.719,318.0542574749598,88.6647366656652
63847,323.39,234.73177876872276,88.65823587971474
81372,218.948,130.29351170570138,88.65448634117362
142901,318.2,229.5892728283069,88.61073937872436
84300,184.47,95.86388601390425,88.60611520679888
36221,109.7,21.18585997247453,88.51413697576766
177281,465.101,376.5889862839994,88.51202689959433
69876,280.8,192.45281586928834,88.3471719236804
150318,663.5,575.1932973330046,88.30670266699542
128126,614.125,525.9228669774627,88.20213302253728
83043,371.9,283.8124254486754,88.08756844780896
127632,441.0,352.9154120660212,88.08458793397881
14913,125.21,37.14035362744481,88.06964545702785
65913,219.583,131.52865649910893,88.054336054602
200933,416.532,328.5366152219145,87.99539771753865
21903,164.71,76.80909051279772,87.90091620106946
34400,336.69,248.80430081087607,87.88570163053018
182500,275.12,187.2399092969563,87.88008582023119
73200,205.87,118.01822999378687,87.85176512340063
7133,119.26,31.410553472373927,87.84944866385655
37241,186.749,99.04887659598579,87.70011632393609
37100,231.729,144.1811860548558,87.5478178513942
282152,282.0,194.49510441076836,87.50489558923164
33370,184.223,96.76623678222678,87.45677041992165
68637,385.05,297.63463707176237,87.41535072120638
160038,179.0,91.67178586365603,87.32821413634397
150318,662.5,575.1932973330046,87.30670266699542
177216,618.0,530.6950493438038,87.30495065619618
37241,186.339,99.04887659598579,87.29012792061577
108339,349.7,262.55023374512086,87.14977846191039
205472,455.96,368.8126989194217,87.14729253565645
97532,341.0,253.9663692615684,87.03363073843161
53130,185.656,98.80295451665741,86.85305134271759
92288,848.208,761.4599746283645,86.74803318413547
232139,687.191,600.4430314095656,86.74794759434064
258491,275.0,188.27621293718522,86.72378706281478
426472,449.0,362.4585585652382,86.5414414347618
121074,443.323,356.7852900239396,86.53770802293542
29469,130.301,43.84579213733377,86.4552027357131
271300,201.01,114.56615837559549,86.44383613124045
77469,296.73,210.3204192567057,86.40959172962243
138316,422.6,336.2114132903778,86.38859281313785
90697,259.9,173.55121613287517,86.3487777636092
81576,471.99,385.65867643538155,86.33131379899345
75929,555.883,469.61170027226115,86.2712953332076
194188,296.606,210.35453750199278,86.25145004683534
181805,542.0,455.8272082897085,86.1727917102915
387638,148.798,62.709790158800075,86.08821399159055
142901,315.65,229.5892728283069,86.06072106817749
152946,248.255,162.19644335761348,86.05856152519902
21657,137.468,51.485678818256744,85.9823235010792
278795,311.367,225.4772542573112,85.88975013722006
143093,245.31,159.5636615206117,85.74633603798205
63900,164.97,79.23777226772354,85.73222895297958
84300,181.55,95.86388601390425,85.68611703785356
474680,914.54,828.9407222355082,85.5992557918355
94175,448.875,363.3058689234733,85.56913107652667
169290,309.1,223.58796070879634,85.51204539471928
16726,151.87,66.45064065067227,85.41935446651523
132518,300.87,215.4556585677141,85.4143365494734
105167,783.763,698.3886292797871,85.37437120849415
182500,272.55,187.2399092969563,85.31007849601244
35033,158.47,73.16281797532928,85.30718324537385
226042,681.68,596.488857664748,85.19113501103323
38686,283.945,198.87820013820019,85.06680718601856
159384,428.0,343.0014627080198,84.9985372919802
174601,295.2,210.2189108675609,84.98110133947034
169290,308.475,223.58796070879634,84.88704539471928
671507,1399.26,1314.4549027253754,84.8051070402496
51500,179.36,94.61482908453439,84.74517152581717
116121,524.175,439.4376124274744,84.73737536549436
88856,115.4,30.748518009184007,84.6514835166949
29961,555.0,470.34939868858584,84.65060131141416
216050,307.0,222.36267831293594,84.63732168706406
93860,184.636,100.0134331094763,84.62256847743777
63847,319.325,234.73177876872276,84.59323343830849
90411,211.515,126.9424267445607,84.57257264508773
237518,1118.19,1033.7266117966929,84.46332960955715
38686,283.262,198.87820013820019,84.38379327000294
22000,145.48,61.16436187749794,84.31563385004112
195437,377.862,293.5527209995151,84.30927851220366
24456,186.749,102.49922772539561,84.24976519452626
12769,433.972,349.77089295120606,84.20109191207519
70042,293.65,209.54633916512242,84.10365473136196
99380,275.754,191.82231565136632,83.93168215136805
109071,129.8,46.106728262534595,83.69327478922321
194188,294.0,210.35453750199278,83.64546249800722
91273,211.88,128.24550737497643,83.63449750783607
194188,293.914,210.35453750199278,83.55946396285097
24456,185.929,102.49922772539561,83.42977312909657
65359,263.468,180.1350278351708,83.33295922537607
267536,718.27,634.9900606018931,83.2799589293569
83379,303.057,219.83548735849715,83.22151947744035
67377,142.614,59.42687178726045,83.18712662582548
47439,236.82,153.64556906179624,83.17443826242251
127632,436.0,352.9154120660212,83.08458793397881
875000,1562.71,1479.7770206063994,82.93294033110055
45240,174.449,91.53120554385463,82.9177995830985
205472,451.71,368.8126989194217,82.89729253565645
155100,263.21,180.34137910352257,82.86861235155556
16500,166.42,83.5948751998898,82.82512296905551
56851,227.38,144.5619113183663,82.8180935644462
809530,255.46,172.67594423419908,82.78406247966811
166395,387.0,304.2959679643859,82.70403203561409
62205,184.39,101.70138266734581,82.68861672230263
34565,223.564,140.87871062522328,82.68528473610485
35033,155.84,73.16281797532928,82.67717836256135
200442,728.0,645.3766118020225,82.62338819797753
24456,185.11,102.49922772539561,82.61077288495595
193202,226.368,143.90187591967418,82.46612029614613
62800,207.86,125.41469576714209,82.44530484320947
79949,248.516,166.07517786095895,82.44082860876762
59071,138.768,56.342167889423116,82.42583748167064
178270,140.464,58.04955479367146,82.4144497229301
555243,529.2,446.860206871798,82.33980533523322
393530,622.0,539.6929860816812,82.30701391831883
294812,381.694,299.38857644367727,82.30542380046336
157545,264.308,182.01542427431616,82.29258964169946
151637,752.01,669.7913889476829,82.21862081794211
83957,266.881,184.6765721598071,82.20443980308352
60809,350.495,268.4740785008974,82.0209166162901
254766,386.07,304.0705613478686,81.99944597635016
65359,262.103,180.1350278351708,81.96796899100107
193800,278.37,196.48379335704252,81.88620176014498
252952,230.693,148.83228953468972,81.86070362937278
47398,148.925,67.15849968605485,81.76650336570296
121471,139.3,57.55843897881991,81.7415640729379
108339,344.233,262.55023374512086,81.68276796386351
77500,164.55,82.92114105555942,81.6288619961984
328760,816.54,734.9606495921611,81.57932843518267
111623,258.0,176.4388686973958,81.5611313026042
183460,512.46,430.91710310797566,81.54291886468059
137065,221.71,140.1744496529808,81.53555706088639
24456,184.018,102.49922772539561,81.51877764569814
282152,276.0,194.49510441076836,81.50489558923164
222434,224.92,143.55125915533304,81.36873901361227
305268,199.351,117.98425630868269,81.366741616122
52957,212.686,131.3705206749869,81.31548396368498
36221,102.5,21.18585997247453,81.31414002752547
37241,180.196,99.04887659598579,81.14712254952202
105505,149.58,68.48450060075061,81.09550123030408
131797,129.75,48.735275697307706,81.01472430269229
278369,399.0,318.0542574749598,80.9457425250402
185200,274.5,193.64519216799664,80.85480783200336
67839,137.157,56.30946905290408,80.84752862775998
142901,310.3,229.5892728283069,80.71071496466186
492898,503.0,422.440029221261,80.559970778739
49100,136.98,56.42364631691706,80.556349410622
250000,1094.55,1014.0126709648727,80.53737786325235
83957,264.833,184.6765721598071,80.15643565269289
103200,424.05,343.91486905530076,80.135118737668
27000,152.757,72.67887999204895,80.07812379213074
111530,233.8,153.77331856306316,80.02668448869466
213762,217.25,137.22416557729,80.02583442271
152312,546.718,466.7172848802885,80.0007326978365
139113,164.5,84.50359798919082,79.99640201080918
68637,377.4,297.63463707176237,79.765356824722
74420,146.25,66.52485936242486,79.72514063757514
105167,778.108,698.3886292797871,79.71934191161915
36744,209.2,129.61788150425338,79.58211544398881
62800,204.96,125.41469576714209,79.5453109467251
213762,216.75,137.22416557729,79.52583442271
180806,499.438,420.0418057164399,79.39618256481009
150294,331.125,251.74743543960705,79.37756456039295
118966,202.13,122.76227916901412,79.36772571379838
128126,605.175,525.9228669774627,79.25212081550603
118338,491.25,411.99979701573363,79.25020298426637
194441,771.589,692.3594942510504,79.22949500676214
149704,185.9,106.69170156945394,79.20829232703043
25996,173.5,94.38230891660187,79.11769108339813
137065,219.26,140.1744496529808,79.08554485385514
237702,460.0,380.97897339947025,79.02102660052975
193202,222.912,143.90187591967418,79.01012664380238
196043,221.582,142.57311008764637,79.0088906447755
62837,327.366,248.40557204283598,78.96042527161714
287419,205.897,127.00076750364413,78.896235670184
214505,866.375,787.6107948569525,78.76420514304755
69400,170.18,91.51270432346128,78.66728835231997
275793,692.0,613.3374926623571,78.66250733764286
216050,301.0,222.36267831293594,78.63732168706406
21657,130.096,51.485678818256744,78.61031422373544
97838,555.0,476.4430724593413,78.5569275406587
40950,241.94,163.43124028621995,78.5087621551863
270034,487.5,408.9986724895473,78.50132751045271
138977,260.328,181.93299727110568,78.39500565858182
81372,208.607,130.29351170570138,78.31348292320487
200000,532.073,453.78538736028065,78.28761068659435
91316,200.0,121.72889418449093,78.27110581550907
252268,283.0,204.73899906454778,78.26100093545222
243072,511.1,432.9709513137315,78.1290547897841
29469,121.974,43.84579213733377,78.12820688610373
64818,156.467,78.37583279247283,78.09116244678498
137065,218.1,140.1744496529808,77.92555645053483
60809,346.399,268.4740785008974,77.92490831550884
132518,293.38,215.4556585677141,77.9243463150984
387638,140.607,62.709790158800075,77.89720447010617
48411,276.55,198.68188181110997,77.86810598185878
142901,307.4,229.5892728283069,77.81072106817749
166395,382.0,304.2959679643859,77.70403203561409
99700,199.92,122.26493246147383,77.65506570747148
27000,150.3,72.67887999204895,77.62112305970886
9000,127.06,49.45146011673637,77.60853744185738
127632,430.5,352.9154120660212,77.58458793397881
111623,254.0,176.4388686973958,77.5611313026042
23803,150.01,72.51044761749381,77.49954688934213
200000,531.204,453.78538736028065,77.41859213190685
74682,278.51,201.0963092056237,77.4137005600013
60977,135.4,58.02815912623764,77.37183477024674
33743,179.48,102.18416684786591,77.29582887967315
131745,156.91,79.67019960302535,77.23980405908402
254766,381.31,304.0705613478686,77.23943621072516
49990,253.717,176.4937967038835,77.22319853537431
252952,226.042,148.83228953468972,77.20971791159934
98829,185.93,108.94827957708048,76.98171309870077
196043,219.524,142.57311008764637,76.95089198754894
140345,259.76,182.81018742598226,76.94982233964274
22000,138.11,61.16436187749794,76.94563873285362
29469,120.745,43.84579213733377,76.89921060924826
65913,208.333,131.52865649910893,76.804336054602
158000,292.54,215.75795041243782,76.78205813248405
18717,208.59,131.811269537185,76.77872680070561
29961,547.0,470.34939868858584,76.65060131141416
12500,627.0,550.562741293759,76.43725870624098
22000,137.6,61.16436187749794,76.43564422601769
120566,127.8,51.38596578106557,76.41403727069223
15876,160.624,84.36521756420449,76.25877535571739
155807,175.2,98.97552938451851,76.22446756372368
111530,229.925,153.77331856306316,76.15168448869466
35033,149.25,73.16281797532928,76.08718202467072
122122,381.0,304.9177275269143,76.08227247308571
9000,125.53,49.45146011673637,76.0785386625605
64113,158.08,82.02477535511987,76.05522647593482
671507,1390.44,1314.4549027253754,75.9850386808746
34072,119.0,43.31795448611616,75.68204551388385
35605,161.968,86.37710753881348,75.59089478052246
193202,219.456,143.90187591967418,75.55411773266957
65657,523.6,448.0672156416802,75.5327599442573
36221,96.7,21.18585997247453,75.51413697576766
24456,178.012,102.49922772539561,75.51276568280751
83800,205.07,129.58576344164652,75.48424388257223
86120,233.31,157.98160241091173,75.32839514768202
105000,308.18,233.0179597824745,75.16203289330676
332884,653.194,578.076293883577,75.11767584298548
130067,308.0,232.91878450263349,75.08121549736651
131710,271.44,196.5228638995413,74.91713854186494
24643,138.89,63.979317808113954,74.91068158153448
131797,123.59,48.735275697307706,74.85472064058291
237518,1108.54,1033.7266117966929,74.81342726580715
132394,277.25,202.47204672042318,74.77795327957682
332884,652.818,578.076293883577,74.74169928048548
189425,262.25,187.55360453964565,74.69639546035435
294812,373.995,299.38857644367727,74.60641867351023
120694,472.32,397.73046325465265,74.5895440695661
492898,497.0,422.440029221261,74.559970778739
21657,125.728,51.485678818256744,74.24231800791513
68637,371.84,297.63463707176237,74.20535926612826
60606,247.313,173.18415925996723,74.12884428007183
428647,1434.0,1359.9465007974802,74.05349920251979
237702,455.0,380.97897339947025,74.02102660052975
202937,471.0,397.02891710963456,73.97108289036544
106523,369.265,295.31966741302153,73.94534723541597
106523,369.265,295.31966741302153,73.94534723541597
98829,182.89,108.94827957708048,73.94171981256795
45240,165.451,91.53120554385463,73.91979848446569
25996,168.25,94.38230891660187,73.86769108339813
230259,278.49,204.64542960102528,73.84456063334972
259989,1461.75,1387.913414546317,73.83658545368303
57189,101.1,27.325558905161923,73.77443956895917
150673,222.685,148.92755080784673,73.75744675074702
278795,299.217,225.4772542573112,73.73975624073569
125701,398.202,324.4719536659452,73.73004218366418
86455,140.58,66.86948153035881,73.71052030069588
166395,378.0,304.2959679643859,73.70403203561409
102429,118.9,45.26281079805393,73.63719072782499
12769,423.392,349.77089295120606,73.62110533980956
370024,500.0,426.44080641084673,73.55919358915327
22000,134.71,61.16436187749794,73.54564483636925
207115,548.839,475.3141157367733,73.52487352103918
282152,268.0,194.49510441076836,73.50489558923164
11651,104.43,30.93834779891024,73.49165250626554
150294,325.225,251.74743543960705,73.47757066390858
38686,272.341,198.87820013820019,73.46280327976856
283000,454.44,380.99160520837177,73.44839723303448
77500,156.36,82.92114105555942,73.43885955479215
77500,156.3,82.92114105555942,73.3788619961984
25996,167.75,94.38230891660187,73.36769108339813
106523,368.582,295.31966741302153,73.26233331940034
53130,172.005,98.80295451665741,73.20205036615509
67839,129.317,56.30946905290408,73.00753228986936
152559,370.297,297.36405343594816,72.93294363436434
103286,271.318,198.39764755015386,72.92034561390864
90903,195.71,122.8553734934379,72.85463322042929
90411,199.75,126.9424267445607,72.8075732554393
7043,126.956,54.159659748202486,72.7963415335358
387638,135.488,62.709790158800075,72.7782164329968
204349,513.03,440.2521419065407,72.77788739033429
275793,686.0,613.3374926623571,72.66250733764286
134114,229.9,157.2748331863624,72.62516071012197
37265,167.1,94.48063016843949,72.61937593507614
87107,153.76,81.16352436501019,72.59647014182575
61204,190.0,117.53228329946366,72.46771670053634
51920,163.16,90.69577192860044,72.46423173350894
180806,492.5,420.0418057164399,72.45819428356009
47984,159.54,87.09741906155259,72.44257422458023
179559,605.46,533.0834721915626,72.37654978109367
74443,252.888,180.73524468056496,72.15275580771629
106511,146.131,74.06120459992707,72.0697921041745
155682,198.01,125.95948568358907,72.05050882324687
164206,705.796,633.8106849402451,71.9853355675674
69799,160.0,88.07081811126567,71.92918188873433
64113,153.94,82.02477535511987,71.91522708628638
555243,518.76,446.860206871798,71.89980289382697
180000,191.73,119.86262140486672,71.86737432267235
86120,229.77,157.98160241091173,71.7884018615492
282946,335.16,263.3754930126251,71.78451064948428
119262,229.0,157.32746455550753,71.67253544449247
29961,542.0,470.34939868858584,71.65060131141416
199628,374.0,302.45769409681424,71.54230590318576
553210,467.9,396.39464826051767,71.5053456359667
282200,485.46,413.96836488381973,71.4916265712584
394000,739.46,667.9862093220904,71.47381265056583
75900,225.74,154.31126786882737,71.42873762433669
37265,165.8,94.48063016843949,71.31937288331832
116186,353.32,282.02003694459665,71.2999703796221
60977,129.3,58.02815912623764,71.27184392552017
103718,128.0,56.74533600341981,71.25466399658019
200000,525.04,453.78538736028065,71.2545906670631
180806,491.25,420.0418057164399,71.20819428356009
181805,527.0,455.8272082897085,71.1727917102915
166514,187.675,116.516837538662,71.15816551309581
261091,315.529,244.39647565772987,71.13251604148888
122122,376.0,304.9177275269143,71.08227247308571
52957,202.447,131.3705206749869,71.07648555059905
22000,132.13,61.16436187749794,70.96564300531456
193960,233.0,162.09759348154546,70.90240651845454
33370,167.664,96.76623678222678,70.89776468261697
207000,545.71,474.81716252666666,70.89285944598959
92099,149.0,78.16642602619405,70.83357397380595
21657,122.315,51.485678818256744,70.8293236231495
189425,258.224,187.55360453964565,70.67039448379185
222434,214.119,143.55125915533304,70.5677441405654
4071,148.35,77.86951697258688,70.48048913092875
247471,406.661,336.1821165235474,70.47889421864011
151900,189.625,119.18625202672861,70.43874797327139
180806,490.438,420.0418057164399,70.39618256481009
65657,518.4,448.0672156416802,70.3328087723823
252268,275.0,204.73899906454778,70.26100093545222
155807,169.2,98.97552938451851,70.22446756372368
153999,258.0,187.80271157268805,70.19728842731195
14913,107.33,37.14035362744481,70.18964820360988
33370,166.893,96.76623678222678,70.12676858886697
88856,100.8,30.748518009184007,70.0514850425738
213762,207.25,137.22416557729,70.02583442271
99700,192.26,122.26493246147383,69.9950620453621
108339,332.533,262.55023374512086,69.98275575683226
11274,93.3,23.325137335591627,69.97486571616619
174924,312.0,242.05418410596482,69.94581589403518
22000,131.05,61.16436187749794,69.88564117425987
25996,164.25,94.38230891660187,69.86769108339813
38500,190.87,121.02185886998761,69.84813624719989
51500,164.43,94.61482908453439,69.81516359124686
56995,330.696,260.90920928900937,69.7868051152875
113580,192.75,123.04470541110781,69.70529458889219
29961,540.0,470.34939868858584,69.65060131141416
426472,432.0,362.4585585652382,69.5414414347618
24456,172.005,102.49922772539561,69.50577715741689
157545,251.438,182.01542427431616,69.4225792657229
130581,195.75,126.33973507717745,69.41026492282255
233937,373.0,303.6943419529466,69.30565804705338
61274,273.913,204.63283170248116,69.28016268228447
91316,191.0,121.72889418449093,69.27110581550907
420885,1001.98,932.7145570248197,69.26542344393033
110000,165.24,95.97805314507585,69.26195234808822
207115,544.574,475.3141157367733,69.25985887260168
103718,126.0,56.74533600341981,69.25466399658019
142901,298.8,229.5892728283069,69.21071496466186
87107,150.37,81.16352436501019,69.20647075217731
93764,110.2,41.03982342026941,69.16017352797277
122122,374.0,304.9177275269143,69.08227247308571
60088,202.038,132.97651905397544,69.06147533079019
152471,171.4,102.35184354356376,69.04815035292062
159384,412.0,343.0014627080198,68.9985372919802
4071,146.85,77.86951697258688,68.98048913092875
47500,130.13,61.32285640720736,68.80714847560515
32206,99.062,30.258118992700023,68.80387746726092
131745,148.457,79.67019960302535,68.78680112939652
24456,171.186,102.49922772539561,68.68677691327626
29961,539.0,470.34939868858584,68.65060131141416
492898,491.0,422.440029221261,68.559970778739
250000,1082.57,1014.0126709648727,68.55727532418985
152946,230.744,162.19644335761348,68.54755993828496
180806,488.562,420.0418057164399,68.52020600231009
37265,163.0,94.48063016843949,68.51936983156051
183460,499.43,430.91710310797566,68.51288956780559
105505,136.89,68.48450060075061,68.40549878889783
387638,131.052,62.709790158800075,68.34221179432492
150318,643.5,575.1932973330046,68.30670266699542
132394,270.75,202.47204672042318,68.27795327957682
149762,941.7,873.4518663680286,68.24814583900263
163959,209.89,141.79413811125335,68.09586127839509
122122,373.0,304.9177275269143,68.08227247308571
163959,209.85,141.79413811125335,68.05586799226228
85623,139.0,70.96031609100551,68.03968390899449
167055,176.28,108.24857773041703,68.03142104887985
442438,1650.99,1583.0083855525718,67.98160468180322
875000,1547.67,1479.7770206063994,67.89302333891305
35033,141.03,73.16281797532928,67.8671808039676
150318,643.0,575.1932973330046,67.80670266699542
48994,134.9,67.15886980636122,67.74112409012315
166514,184.225,116.516837538662,67.70816856485362
399331,557.0,489.2977917993175,67.70220820068249
91273,195.93,128.24550737497643,67.68448530080482
37241,166.681,99.04887659598579,67.63212315987359
273234,967.25,899.6352102204693,67.61478977953072
140092,344.72,277.1298744655527,67.59012675515044
7043,121.632,54.159659748202486,67.4723440359772
24456,169.958,102.49922772539561,67.45876482831532
245637,294.0,226.5695228239282,67.4304771760718
111518,311.3,243.8752585977585,67.42472919521026
53130,166.203,98.80295451665741,67.40004841303009
70832,211.26,143.88471041364593,67.37528409319
238065,569.05,501.6835054345884,67.36648235838032
94658,123.8,56.442613553712725,67.35738949804508
387638,130.028,62.709790158800075,67.31820971912961
177216,598.0,530.6950493438038,67.30495065619618
168696,173.0,105.70833076013291,67.29166923986709
88480,201.501,134.2215673236592,67.27943975641892
91316,189.0,121.72889418449093,67.27110581550907
64619,271.318,204.0572778409249,67.26071532313759
106511,141.319,74.06120459992707,67.25779564421356
118338,479.25,411.99979701573363,67.25020298426637
189425,254.75,187.55360453964565,67.19639546035435
104089,216.0,148.84298668027222,67.15701331972778
42755,138.625,71.50197785423241,67.12302214576759
180806,487.125,420.0418057164399,67.08319428356009
148101,221.58,154.5936055795324,66.98639625152228
138602,165.0,98.04670134447302,66.95329865552698
137806,198.608,131.67683858516548,66.93116312381889
105000,299.91,233.0179597824745,66.89204387963488
64743,209.356,142.47266701093585,66.88333579668134
11274,90.2,23.325137335591627,66.87485961265057
89770,227.21,160.3422818375774,66.8677248762898
109588,513.134,446.27715079315226,66.85682137481649
134748,341.672,274.85263650688063,66.81936056343187
175618,402.083,335.26393622282785,66.81907158967215
90635,255.39,188.57160995302846,66.81838943661998
461647,1227.72,1160.9033059683068,66.81666473481823
69876,259.2,192.45281586928834,66.7471963377429
305047,508.721,441.9747944850977,66.74621381568357
175618,401.958,335.26393622282785,66.69407158967215
182943,686.944,620.2518894061445,66.69208032041797
28406,100.118,33.52639129151231,66.591604924308
108971,217.7,151.15234512631167,66.54765182193051
47500,127.81,61.32285640720736,66.4871411513864
150695,971.14,904.7761953101565,66.36381933828102
267536,701.337,634.9900606018931,66.34691449576314
98212,343.129,276.788577492043,66.3404203106914
252268,271.0,204.73899906454778,66.26100093545222
59200,210.57,144.33938762585132,66.23061969836743
37265,160.7,94.48063016843949,66.2193667798027
15876,150.566,84.36521756420449,66.20077669849083
153999,254.0,187.80271157268805,66.19728842731195
122122,371.0,304.9177275269143,66.08227247308571
428647,1426.0,1359.9465007974802,66.05349920251979
225014,235.0,168.96841801675487,66.03158198324513
237702,447.0,380.97897339947025,66.02102660052975
206054,595.219,529.3317513697473,65.88724277087772
35033,139.03,73.16281797532928,65.8671808039676
261188,2561.72,2495.8661686140485,65.85380208907645
247471,402.029,336.1821165235474,65.84687517567136
4071,143.7,77.86951697258688,65.83047997565531
216526,189.88,124.14765509578125,65.73234978703125
192152,533.858,468.2316859119968,65.62628527940944
102957,157.9,92.28592317149574,65.61407072498864
108339,328.117,262.55023374512086,65.56677064941039
83957,250.158,184.6765721598071,65.48143260093508
70832,209.36,143.88471041364593,65.47529019670563
252952,214.284,148.83228953468972,65.45170704734153
232139,665.861,600.4430314095656,65.41799153965314
85039,435.39,370.00177881801653,65.38823583042097
18717,197.123,131.811269537185,65.3117315614478
18717,197.123,131.811269537185,65.3117315614478
91316,187.0,121.72889418449093,65.27110581550907
91316,187.0,121.72889418449093,65.27110581550907
41617,228.521,163.2785538961119,65.2424421976381
129664,329.525,264.364248823844,65.1607450726404
133072,175.39,110.23620267791098,65.15379671173746
24456,167.637,102.49922772539561,65.13776568280751
503634,581.0,515.8994400356414,65.10055996435858
99700,187.36,122.26493246147383,65.09506814887773
30543,151.03,85.98134994425105,65.04864883504582
270413,293.802,228.8302432918739,64.9717586612511
162549,185.144,120.2215696136214,64.92242757876141
114166,229.656,164.74919753445585,64.90680832491915
68637,362.54,297.63463707176237,64.9053714731595
68637,362.54,297.63463707176237,64.9053714731595
140092,342.01,277.1298744655527,64.88013530007231
401753,335.233,270.35362210351707,64.8793796054673
68637,362.42,297.63463707176237,64.785376355972
205472,433.59,368.8126989194217,64.77729741846895
163959,206.57,141.79413811125335,64.7758692129654
275793,678.0,613.3374926623571,64.66250733764286
29961,535.0,470.34939868858584,64.65060131141416
216050,287.0,222.36267831293594,64.63732168706406
61151,123.83,59.233831400934825,64.59617043011986
147205,181.0,116.42536445396028,64.57463554603972
563782,671.0,606.5622168709724,64.4377831290276
106523,359.709,295.31966741302153,64.38934747955659
400000,1413.36,1349.0945370527375,64.26544829882505
90697,237.8,173.55121613287517,64.24878691888264
116186,346.265,282.02003694459665,64.24497770384085
151637,733.98,669.7913889476829,64.18859152106711
35605,150.534,86.37710753881348,64.15688904321777
61274,268.787,204.63283170248116,64.15415560220634
126045,116.6,52.449307087897715,64.15069138622337
27600,111.98,47.8713062735063,64.1086970834273
27926,133.509,69.43858683946416,64.07041584608271
219608,603.73,539.7020694380294,64.02791103072059
322341,1094.12,1030.148479454454,63.97151566273351
81397,389.13,325.160373514758,63.96963136805448
271300,178.46,114.56615837559549,63.893848338271695
37265,158.3,94.48063016843949,63.81937288331832
75900,218.12,154.31126786882737,63.80872724836013
86714,131.55,67.76092386176282,63.78907918999499
121440,189.96,126.17316841314133,63.78683830072586
189425,251.25,187.55360453964565,63.69639546035435
271492,138.225,74.53280512952514,63.69220097399048
104604,334.0,270.31630969883395,63.68369030116605
106511,137.736,74.06120459992707,63.67478783171356
66187,98.8,35.145718577631136,63.654284474126676
29961,534.0,470.34939868858584,63.650601311414164
370773,936.814,873.1832166517614,63.63080922714482
170000,235.72,172.17640488176923,63.543596338933895
205141,270.0,206.49000208006953,63.50999791993047
282152,258.0,194.49510441076836,63.50489558923164
24456,165.999,102.49922772539561,63.49976519452626
109588,509.749,446.27715079315226,63.471842126769616
200000,517.253,453.78538736028065,63.4676033623756
99700,185.7,122.26493246147383,63.435064486768354
23055,123.47,60.059211520332674,63.41078970037045
45305,140.458,77.05402755879665,63.40396499491429
207115,538.701,475.3141157367733,63.38687303275793
84688,94.0657,30.690212003395924,63.375484712912666
74443,244.059,180.73524468056496,63.32376105673973
327256,992.61,929.3100436754685,63.29994167609402
50000,127.18,63.88725651604469,63.292743789131094
36744,192.83,129.61788150425338,63.21212032680131
4071,141.05,77.86951697258688,63.18048607917093
181805,519.0,455.8272082897085,63.172791710291506
69876,255.6,192.45281586928834,63.14719023422728
200000,516.916,453.78538736028065,63.13062826471935
83379,282.921,219.83548735849715,63.08550263173723
47200,108.67,45.674137719078445,62.99586044986687
150673,211.912,148.92755080784673,62.984451755629834
193960,225.0,162.09759348154546,62.90240651845454
179115,512.0,449.11223049695457,62.88776950304543
261188,2558.74,2495.8661686140485,62.87382162032645
162549,183.09,120.2215696136214,62.86842672426923
64619,266.881,204.0572778409249,62.823734121965714
89770,223.16,160.3422818375774,62.817721824531986
128682,120.4,57.58399398001554,62.816007545863364
111635,195.69,132.87572876588484,62.814273675521406
140345,245.6,182.81018742598226,62.78981867753336
218024,250.0,187.21198291919106,62.78801708080894
218024,250.0,187.21198291919106,62.78801708080894
50000,126.67,63.88725651604469,62.782741652900626
29961,533.0,470.34939868858584,62.650601311414164
5783,234.03,171.48005033544763,62.549948443849246
79949,228.493,166.07517786095895,62.41781835486137
65000,158.79,96.43054910446315,62.35944418166966
15250,131.598,69.25336727592274,62.344639926225696
113580,185.25,123.04470541110781,62.20529458889219
87107,143.36,81.16352436501019,62.19647624534137
125701,386.665,324.4719536659452,62.19305487897668
137046,105.8,43.6419614849979,62.15804156675991
185200,255.75,193.64519216799664,62.10480783200336
122122,367.0,304.9177275269143,62.08227247308571
140092,339.2,277.1298744655527,62.07013774147856
278795,287.517,225.4772542573112,62.03974403370444
225014,231.0,168.96841801675487,62.03158198324513
225014,231.0,168.96841801675487,62.03158198324513
58908,121.18,59.19584950328502,61.98415080189076
37241,160.948,99.04887659598579,61.89912145088921
74443,242.625,180.73524468056496,61.88975531943504
387638,124.567,62.709790158800075,61.85721118397336
128682,119.4,57.58399398001554,61.816007545863364
65000,158.23,96.43054910446315,61.79944662307591
254766,365.87,304.0705613478686,61.79943376931891
95433,93.6,31.928339545561602,61.671658928559495
29961,532.0,470.34939868858584,61.650601311414164
91254,160.0,98.3964828793077,61.6035171206923
38686,260.465,198.87820013820019,61.58679619969044
147205,178.0,116.42536445396028,61.574635546039715
86120,219.5,157.98160241091173,61.518397589088266
70800,162.07,100.59692575143912,61.473081572779634
88856,92.2,30.748518009184007,61.45147893905818
216526,185.58,124.14765509578125,61.43234673527344
51732,125.55,64.18494614572003,61.36505690603778
38686,260.055,198.87820013820019,61.176792537581065
59400,120.72,59.55704682367732,61.16295439702581
34565,201.938,140.87871062522328,61.059292914815785
199722,264.947,203.93255756137344,61.01443340542343
131710,257.5,196.5228638995413,60.977136100458694
31283,130.36,69.4308234206956,60.92917718965596
7043,115.08,54.159659748202486,60.9203420828522
271492,135.437,74.53280512952514,60.90419133043579
193960,223.0,162.09759348154546,60.90240651845454
158000,276.64,215.75795041243782,60.88206423599968
89858,121.349,60.5010461969114,60.8479528265261
45305,137.838,77.05402755879665,60.78396987772679
34565,201.651,140.87871062522328,60.77229035133922
104604,331.0,270.31630969883395,60.68369030116605
183460,491.59,430.91710310797566,60.67289322991496
180806,480.688,420.0418057164399,60.64618256481009
43000,97.08,36.48892836439465,60.591073466660035
53130,159.378,98.80295451665741,60.575051464787904
26953,159.856,99.32054412004912,60.53545868756807
7043,114.67,54.159659748202486,60.510338420742826
92500,198.441,138.00683095765532,60.43416330503999
245637,287.0,226.5695228239282,60.430477176071804
245637,287.0,226.5695228239282,60.430477176071804
182943,680.676,620.2518894061445,60.42413598448047
104200,313.48,253.13825045868995,60.34176052763817
67377,119.75,59.42687178726045,60.32312821273955
72800,136.15,75.8490683537759,60.30092554270847
111635,193.14,132.87572876588484,60.26427062376359
237704,248.729,188.4720388998697,60.25696500638031
230747,166.0,105.7891132541025,60.2108867458975
234819,301.0,240.80216072390851,60.197839276091486
142901,289.75,229.5892728283069,60.16072717169311
24456,162.586,102.49922772539561,60.08677080976064
167055,168.28,108.24857773041703,60.03142104887985
271492,134.535,74.53280512952514,60.00219853258423
179559,593.06,533.0834721915626,59.97652536703117
202937,457.0,397.02891710963456,59.97108289036544
21472,121.84,61.897768973311585,59.94222736457904
46037,81.5937,21.662840437628937,59.930856156609345
37265,154.4,94.48063016843949,59.919363728044885
52748,107.624,47.706419178192554,59.91758137112385
23055,119.92,60.059211520332674,59.86078664861264
140092,336.8,277.1298744655527,59.67011332741606
132518,275.09,215.4556585677141,59.63433777017653
91273,187.83,128.24550737497643,59.58449445607826
387638,122.178,62.709790158800075,59.46821124500852
118966,182.13,122.76227916901412,59.36772571379838
171084,490.401,431.1147095639468,59.2862914126157
450000,1294.97,1235.7242122358653,59.24575846725975
111360,188.525,129.3188353434009,59.20615855308347
83800,188.76,129.58576344164652,59.17423106518942
16726,125.591,66.45064065067227,59.14036276729648
243072,492.05,432.9709513137315,59.07903647923723
37265,153.5,94.48063016843949,59.01936983156051
49384,113.91,54.89910428621494,59.01089937589443
109071,105.1,46.106728262534595,58.9932702115865
75900,213.29,154.31126786882737,58.97872541730544
233341,256.0,197.0319609342693,58.96803906573069
204998,438.567,379.6055414834429,58.96144460054148
138602,157.0,98.04670134447302,58.95329865552698
29469,102.794,43.84579213733377,58.94820658092795
278369,377.0,318.0542574749598,58.9457425250402
53303,484.125,425.19307893756763,58.931921062432366
679614,159.835,100.91892446498059,58.916082248886596
79949,224.96,166.07517786095895,58.88482885290824
128536,234.0,175.13262337944073,58.86737662055927
129716,549.6,490.75596544221,58.84401014372747
74682,259.91,201.0963092056237,58.81369445648568
18860,125.591,66.87815498933773,58.71284842863102
119262,216.0,157.32746455550753,58.67253544449247
153299,223.31,164.7466338017977,58.563363756796036
47439,212.17,153.64556906179624,58.524429107149075
16472,338.149,279.62874314253787,58.52024367386838
180000,178.37,119.86262140486672,58.507373712320785
113000,158.578,100.07416983469788,58.503833094989616
387638,121.154,62.709790158800075,58.444209169813206
344798,980.0,921.620763865022,58.37923613497799
293990,473.231,414.8798689370292,58.35111861179894
40950,221.77,163.43124028621995,58.33876398624099
183460,489.19,430.91710310797566,58.27289933343059
103718,115.0,56.74533600341981,58.25466399658019
21903,135.04,76.80909051279772,58.23090277333509
327256,987.52,929.3100436754685,58.20997585578152
113580,181.25,123.04470541110781,58.20529458889219
56851,202.764,144.5619113183663,58.202096249993076
152946,220.397,162.19644335761348,58.20055981621465
115788,309.834,251.64614657717954,58.18786831539859
83800,187.74,129.58576344164652,58.15424205151754
166514,174.65,116.516837538662,58.13315635782237
5783,229.59,171.48005033544763,58.109946002442996
138977,240.018,181.93299727110568,58.08500809998807
63847,292.796,234.73177876872276,58.06421122151161
33012,112.875,54.84626325842555,58.02873674157445
37265,152.5,94.48063016843949,58.01936983156051
91273,186.26,128.24550737497643,58.01448713185951
36180,331.25,273.2553258757108,57.99467412428919
47439,211.64,153.64556906179624,57.9944303278522
82939,144.0,86.00570624019188,57.994293759808116
21903,134.79,76.80909051279772,57.98090277333509
84365,144.853,86.9117012043595,57.94129562181237
48994,125.09,67.15886980636122,57.9311265315294
180000,177.78,119.86262140486672,57.91737737443016
401753,328.167,270.35362210351707,57.81337008398293
140092,334.92,277.1298744655527,57.790138962181686
162549,177.974,120.2215696136214,57.7524294098161
160038,149.4,91.67178586365603,57.72820803282835
268480,268.149,210.42514181285284,57.72384500355341
26953,156.989,99.32054412004912,57.66845429303682
7043,111.803,54.159659748202486,57.64334165560611
216050,280.0,222.36267831293594,57.63732168706406
95717,140.08,82.47235119654046,57.60765063451423
16802,222.9,165.29263217265924,57.607361723825136
58196,142.04,84.47783244042338,57.56216084570943
492898,480.0,422.440029221261,57.559970778739
492898,480.0,422.440029221261,57.559970778739
21472,119.4,61.897768973311585,57.50223255256732
11651,88.44,30.93834779891024,57.50165464249601
186840,197.5,140.009430268829,57.49056973117101
70800,158.08,100.59692575143912,57.48307607961557
128682,115.0,57.58399398001554,57.41600601998446
71936,122.262,64.93459992623426,57.3274011113634
121062,124.8,67.47481075878693,57.32519229297088
120694,455.04,397.73046325465265,57.30954529026923
202435,418.09,360.8704678979174,57.2195284399732
150673,206.067,148.92755080784673,57.13945053492671
41617,220.33,163.2785538961119,57.051447934942786
37241,156.033,99.04887659598579,56.9841281647564
152946,219.154,162.19644335761348,56.95756360039434
278795,282.433,225.4772542573112,56.95575965870444
129707,137.9,80.95997769504783,56.94001620143655
111530,210.7,153.77331856306316,56.92667838517903
222434,200.431,143.55125915533304,56.87974060052633
89770,217.11,160.3422818375774,56.767718772774174
141461,544.005,487.2384668581306,56.76653802468189
94175,420.057,363.3058689234733,56.75113791246417
142672,169.0,112.2596150432741,56.740384956725904
16500,140.32,83.5948751998898,56.72513212432895
258491,245.0,188.27621293718522,56.72378706281478
37265,151.2,94.48063016843949,56.7193667798027
86375,244.85,188.13447896477538,56.71552713874024
119262,214.0,157.32746455550753,56.67253544449247
56497,242.625,185.96325235934196,56.661747640658035
83379,276.437,219.83548735849715,56.60152436025285
401753,326.9,270.35362210351707,56.54637179296731
86714,124.297,67.76092386176282,56.53607320854968
41933,96.7514,40.23331681580517,56.51808699278858
202435,417.38,360.8704678979174,56.50953698489508
130577,290.0,233.49150605663831,56.508493943361685
61274,261.13,204.63283170248116,56.497173180331345
82789,117.48,60.999096465550636,56.48090689138296
78438,139.225,82.75468417196358,56.47032193155205
33370,153.221,96.76623678222678,56.454756259765404
138316,392.6,336.2114132903778,56.38859281313785
65913,187.917,131.52865649910893,56.38835094718013
138977,238.31,181.93299727110568,56.37700028748807
109588,502.647,446.27715079315226,56.369852380675866
233937,360.0,303.6943419529466,56.305658047053385
60606,229.398,173.18415925996723,56.21383573514996
112956,146.572,90.37873685394825,56.19326937163768
84365,143.042,86.9117012043595,56.13030624192956
202829,216.23,160.13233995148073,56.09765577605833
44789,109.0,52.93830439446674,56.06169560553326
150695,960.77,904.7761953101565,55.99382422109352
138316,392.2,336.2114132903778,55.98859891665347
18860,122.861,66.87815498933773,55.982845071697426
19823,177.958,122.00064198061145,55.95735057309949
150294,307.7,251.74743543960705,55.952576767424205
171008,289.025,233.07422841268232,55.95076548380206
41861,95.8333,39.88969071725503,55.94360701223716
102429,101.1,45.26281079805393,55.83718767606717
65657,503.9,448.0672156416802,55.83277825480417
65000,152.21,96.43054910446315,55.779457609404034
47439,209.37,153.64556906179624,55.72442605539126
66600,121.13,65.40980640194115,55.720190851476815
38686,254.595,198.87820013820019,55.71680108250294
132518,271.17,215.4556585677141,55.71435486002028
20584,124.83,69.140539141848,55.68946268920669
91254,154.0,98.3964828793077,55.6035171206923
149762,929.05,873.4518663680286,55.59812142494013
83379,275.413,219.83548735849715,55.57750702626848
62800,180.98,125.41469576714209,55.56529996039697
60977,113.5,58.02815912623764,55.47184087376236
47439,209.05,153.64556906179624,55.404433989961575
110235,296.0,240.67440159613253,55.325598403867474
92500,193.299,138.00683095765532,55.29216501402436
83141,153.825,98.55372316030497,55.27127378793722
198488,945.0,889.7766324151529,55.2233675848471
301307,299.0,243.78480482531464,55.21519517468536
142672,167.453,112.2596150432741,55.193387886413404
183460,486.09,430.91710310797566,55.17289322991496
75900,209.48,154.31126786882737,55.16872785871169
24643,119.14,63.979317808113954,55.16068158153448
809530,227.83,172.67594423419908,55.15405759685561
108339,317.65,262.55023374512086,55.09976015136351
88300,231.84,176.75424031376585,55.08575602412478
130067,288.0,232.91878450263349,55.081215497366514
44789,108.0,52.93830439446674,55.06169560553326
64113,137.08,82.02477535511987,55.055226475934816
111530,208.75,153.77331856306316,54.97668143693684
174924,297.0,242.05418410596482,54.94581589403518
119509,140.0,85.0602844463126,54.93971555368741
81397,380.02,325.160373514758,54.859615498913854
51732,119.02,64.18494614572003,54.83505049734637
23055,114.87,60.059211520332674,54.81079122624936
24456,157.262,102.49922772539561,54.76276568280751
148101,209.34,154.5936055795324,54.74639075835822
168791,129.8,75.05522706316026,54.74477598859755
29961,525.0,470.34939868858584,54.650601311414164
24643,118.58,63.979317808113954,54.60068402294073
492898,477.0,422.440029221261,54.559970778739
492898,477.0,422.440029221261,54.559970778739
121471,112.1,57.55843897881991,54.541559495301186
122922,371.217,316.7091629641167,54.5078475339302
12500,605.0,550.562741293759,54.43725870624098
128126,580.35,525.9228669774627,54.42710860847478
10932,105.868,51.52376941730643,54.34422679851388
64583,204.01,149.69151407222267,54.318480434613264
95717,136.78,82.47235119654046,54.30764758275642
150318,629.5,575.1932973330046,54.30670266699542
12769,404.076,349.77089295120606,54.305095818325185
187174,406.692,352.41482775024036,54.27715833374401
202435,415.1,360.8704678979174,54.2295382055982
35033,127.39,73.16281797532928,54.22718141431916
24456,156.716,102.49922772539561,54.21677569257314
117814,120.35,66.13522308584638,54.21477538827472
15876,138.519,84.36521756420449,54.15377962817833
63348,408.03,353.8889700163009,54.14102876299597
238065,555.7,501.6835054345884,54.016506772442824
118966,176.77,122.76227916901412,54.007725103446816
179559,587.06,533.0834721915626,53.97652536703117
35033,127.13,73.16281797532928,53.96717927808869
138602,152.0,98.04670134447302,53.95329865552698
193800,250.36,196.48379335704252,53.87620725330905
99325,216.87,163.07313549076477,53.79685962642273
33370,150.559,96.76623678222678,53.792768955077904
46007,138.2,84.50351098457345,53.696485963668735
34072,97.0,43.31795448611616,53.68204551388384
123612,272.7,219.01841243460865,53.6815997724226
193294,1016.4,962.7211891113225,53.678835302740026
163959,195.47,141.79413811125335,53.67586310944978
122922,370.324,316.7091629641167,53.61484216283645
33370,150.354,96.76623678222678,53.587767124023216
171084,484.683,431.1147095639468,53.56830435206882
63348,407.43,353.8889700163009,53.54102265948035
187041,231.825,178.29035800293548,53.53463894530671
278369,371.5,318.0542574749598,53.4457425250402
12500,604.0,550.562741293759,53.43725870624098
85732,229.707,176.32713159648773,53.37986913593414
96124,237.48,184.13046255271308,53.34953317482598
68693,341.675,288.3336933551416,53.34129443782717
94175,416.55,363.3058689234733,53.24411886949542
86714,121.002,67.76092386176282,53.24107503960437
53000,134.65,81.41279764632372,53.23719625016065
142901,282.825,229.5892728283069,53.23573937872436
46484,163.32,110.11349258468039,53.20651473953836
13091,93.171,39.96700182082713,53.20399579880178
163959,194.97,141.79413811125335,53.17586310944978
22000,114.32,61.16436187749794,53.15563781732628
117814,119.275,66.13522308584638,53.13977844003253
84346,133.8,80.68991739838278,53.11008565337504
193202,196.992,143.90187591967418,53.09012847485707
11651,84.02,30.93834779891024,53.08164884415616
82302,185.035,131.95367423850675,53.081329423602625
12769,402.847,349.77089295120606,53.076091912075185
66661,192.774,139.72083062382745,53.05317145136786
133100,185.768,132.7679573791534,53.00004799194036
273234,952.608,899.6352102204693,52.972760970936974
121585,265.488,212.53967083963707,52.94833575215981
68693,341.25,288.3336933551416,52.91630664485842
128536,228.0,175.13262337944073,52.86737662055927
24643,116.79,63.979317808113954,52.81068310741339
189425,240.25,187.55360453964565,52.69639546035435
119262,210.0,157.32746455550753,52.67253544449247
29961,523.0,470.34939868858584,52.650601311414164
27000,125.318,72.67887999204895,52.63912080140808
222434,196.161,143.55125915533304,52.609736328065395
219608,592.28,539.7020694380294,52.57795985884559
111623,229.0,176.4388686973958,52.561131302604196
166856,336.271,283.73101376496606,52.539982328783935
151900,171.725,119.18625202672861,52.538754076787015
205141,259.0,206.49000208006953,52.50999791993047
142901,282.05,229.5892728283069,52.46071496466186
12500,603.0,550.562741293759,52.43725870624098
105791,224.95,172.5334976190286,52.41649932921359
21958,474.53,422.1518407215899,52.37815805770697
62205,154.04,101.70138266734581,52.338610618787
11274,75.63,23.325137335591627,52.30485991782634
38173,78.0,25.695686881340507,52.30431311865949
83043,336.1,283.8124254486754,52.28758065484021
65913,183.75,131.52865649910893,52.22134350089107
53860,124.051,71.93530689627042,52.11569560617099
262162,484.0,431.9043002382602,52.09569976173981
237702,433.0,380.97897339947025,52.02102660052975
240026,217.225,165.23582793875096,51.98917816476467
233341,249.0,197.0319609342693,51.96803906573069
77500,134.75,82.92114105555942,51.82885894444058
33215,107.596,55.78161488924037,51.814385782146346
84346,132.5,80.68991739838278,51.810082601617225
56343,93.8942,42.09325166470583,51.800951521329324
230259,256.38,204.64542960102528,51.734575281787215
399331,541.0,489.2977917993175,51.70220820068249
140092,328.83,277.1298744655527,51.700112106712936
294812,351.086,299.38857644367727,51.697422091478984
37241,150.709,99.04887659598579,51.660123037803274
150294,303.375,251.74743543960705,51.627564560392955
75929,521.167,469.61170027226115,51.555291915238854
56497,237.4,185.96325235934196,51.43674153714241
98212,328.224,276.788577492043,51.435421531394525
150294,303.175,251.74743543960705,51.427552353361705
216526,175.56,124.14765509578125,51.412342462812504
27000,124.089,72.67887999204895,51.41011689515808
44564,138.0,86.620599200529,51.379400799471
68693,339.675,288.3336933551416,51.34129443782717
46484,161.37,110.11349258468039,51.25650253250711
56637,161.5,110.28639682585973,51.213603174140275
51732,115.25,64.18494614572003,51.06505385427997
42942,209.188,158.16776754912098,51.02023599091808
45330,263.81,212.8147495567521,50.995248001841645
178270,109.042,58.04955479367146,50.99244502322307
64723,108.9,57.96190658833145,50.938094937547454
138977,232.853,181.93299727110568,50.9199995550662
50623,123.0,72.08712626230438,50.91287373769562
48411,249.59,198.68188181110997,50.90811452678065
64560,221.16,170.2860568948832,50.87394676722619
148829,251.02,200.15346486354,50.86653940892094
83800,180.4,129.58576344164652,50.814230454837855
46981,178.925,128.13481049414315,50.79019255761466
136522,183.675,132.94986803481342,50.72513501694439
72958,99.0,48.289918767259365,50.710081232740635
73813,413.362,362.66429192041716,50.697707591301594
45330,263.468,212.8147495567521,50.65323750379477
23803,123.12,72.51044761749381,50.60955512908822
186572,122.0,71.41608906385036,50.583910936149636
167055,158.8,108.24857773041703,50.55142532134079
82670,197.716,147.17730547335685,50.5386979446119
88300,227.28,176.75424031376585,50.52575846553103
177708,214.0,163.50905549379706,50.490944506202936
45548,108.62,58.14312338810224,50.47687935847979
24643,114.39,63.979317808113954,50.41068158153448
108971,201.525,151.15234512631167,50.3726487701727
38500,171.35,121.02185886998761,50.328147233528014
94175,413.627,363.3058689234733,50.32114523668292
66200,152.27,101.95519577413693,50.31480849832401
179449,423.03,372.75962880079385,50.27036997850303
65000,146.67,96.43054910446315,50.23944906448216
216526,174.32,124.14765509578125,50.172352228437504
237518,1083.87,1033.7266117966929,50.14338332049465
94175,413.448,363.3058689234733,50.14212912340167
65913,181.667,131.52865649910893,50.13835094718013
85623,121.0,70.96031609100551,50.03968390899449
51732,114.22,64.18494614572003,50.03505507498309
26187,148.8,98.76715630555593,50.03284674620188
202937,447.0,397.02891710963456,49.97108289036544
94988,116.012,66.04714714819919,49.96485388939847
138602,148.0,98.04670134447302,49.95329865552698
119509,135.0,85.0602844463126,49.93971555368741
16726,116.376,66.45064065067227,49.925358800011324
95526,187.88,137.96724439431074,49.91276048850176
57201,136.489,86.58520628039662,49.90379213268932
193960,212.0,162.09759348154546,49.90240651845454
67377,109.25,59.42687178726045,49.82312821273955
72958,98.0,48.289918767259365,49.710081232740635
399331,539.0,489.2977917993175,49.70220820068249
156483,585.348,535.6525644701712,49.69545799076627
104604,320.0,270.31630969883395,49.68369030116605
94751,128.88,79.19975316201196,49.68025172080054
115676,206.168,156.5017153738466,49.66628389373153
89858,110.152,60.5010461969114,49.65095423033469
111530,203.4,153.77331856306316,49.62667533342122
47200,95.27,45.674137719078445,49.59585892398796
52141,131.49,81.9438004329225,49.54620506024156
171008,282.55,233.07422841268232,49.47575938028643
245637,276.0,226.5695228239282,49.430477176071804
105167,747.807,698.3886292797871,49.4183775561504
120566,100.8,51.38596578106557,49.41403727069224
120566,100.8,51.38596578106557,49.41403727069224
44564,136.0,86.620599200529,49.379400799471
15250,118.629,69.25336727592274,49.375630526811634
71936,114.284,64.93459992623426,49.349396655796994
43681,193.0,143.66093006200165,49.339069937998346
44789,102.25,52.93830439446674,49.31169560553326
38173,75.0,25.695686881340507,49.30431311865949
60977,107.3,58.02815912623764,49.27184392552017
79782,104.494,55.236915331602816,49.25708796429562
401753,319.567,270.35362210351707,49.21336398046731
181805,505.0,455.8272082897085,49.172791710291506
262156,323.684,274.5210589133958,49.162931565119834
7043,103.203,54.159659748202486,49.043343181485014
113589,108.2,59.19418965342551,49.00580729481668
186840,189.0,140.009430268829,48.99056973117101
84365,135.841,86.9117012043595,48.92930221360925
149762,922.375,873.4518663680286,48.92313363197138
56497,234.875,185.96325235934196,48.911747640658035
275610,183.292,134.3808477991984,48.91115964709067
182943,669.148,620.2518894061445,48.89612084776172
41861,88.75,39.88969071725503,48.86030928274497
50552,262.612,213.79266891273667,48.81933059898208
79700,158.56,109.85284544164244,48.707152116951306
64583,198.38,149.69151407222267,48.688490810589826
20644,88.39,39.70322013848217,48.686779251166264
88300,225.42,176.75424031376585,48.665757855179464
111518,292.525,243.8752585977585,48.649735298725886
129532,159.672,111.06161541494338,48.610381655369125
94988,114.637,66.04714714819919,48.58985388939847
153299,213.295,164.7466338017977,48.5483643671476
60606,221.564,173.18415925996723,48.379836101360894
94399,129.428,81.09548138969086,48.3325123847232
16052,81.0,32.67135122639709,48.32864877360291
213762,185.5,137.22416557729,48.275834422710005
64818,126.65,78.37583279247283,48.27416873340607
101262,189.02,140.76445811348955,48.255546158971384
230259,252.89,204.64542960102528,48.24456978862315
10779,100.746,52.50951464063677,48.23648755662885
37917,99.7812,51.566530785654486,48.214665808583796
111360,177.5,129.3188353434009,48.181164656599094
111518,292.05,243.8752585977585,48.17472919521026
61204,165.7,117.53228329946366,48.16771364877853
40085,98.6735,50.522949634775095,48.15055042626006
111360,177.45,129.3188353434009,48.13116160484128
13091,88.053,39.96700182082713,48.085999582981465
104667,131.733,83.67276039191054,48.06024131707383
152471,150.4,102.35184354356376,48.048150352920615
85623,119.0,70.96031609100551,48.03968390899449
66600,113.42,65.40980640194115,48.01019176700416
189425,235.55,187.55360453964565,47.996398512112165
138977,229.904,181.93299727110568,47.971009686902136
17077,89.0,41.03909480832238,47.96090519167762
278369,366.0,318.0542574749598,47.9457425250402
111635,180.82,132.87572876588484,47.944278558333906
16726,114.329,66.45064065067227,47.878361729698824
220703,1351.24,1303.365986529714,47.874003704660936
278795,273.333,225.4772542573112,47.85575355518881
24456,150.3,102.49922772539561,47.8007753263622
142672,160.055,112.2596150432741,47.795377632507154
117054,143.466,95.68483085440359,47.781172563565164
46007,132.28,84.50351098457345,47.77648779472342
57189,75.1,27.325558905161923,47.77443956895917
282946,311.13,263.3754930126251,47.7545118701874
95717,130.18,82.47235119654046,47.70764147924079
399331,537.0,489.2977917993175,47.70220820068249
104294,204.32,156.69534208539181,47.624665238826935
216526,171.74,124.14765509578125,47.592350397382816
111518,291.45,243.8752585977585,47.57475360927276
71248,243.11,195.568207269302,47.541793341049555
155682,173.5,125.95948568358907,47.540514316410935
65000,143.97,96.43054910446315,47.53945211623997
42942,205.688,158.16776754912098,47.52023599091808
305047,489.471,441.9747944850977,47.496213815683575
94175,410.776,363.3058689234733,47.47013205308917
181328,288.005,240.56206754538536,47.44293733742714
12500,598.0,550.562741293759,47.43725870624098
51920,138.13,90.69577192860044,47.434232954212064
194441,739.785,692.3594942510504,47.425478893480886
166514,163.925,116.516837538662,47.40816551309581
96612,129.0,81.61712504039397,47.38287495960603
173479,123.0,75.63062652128431,47.36937347871569
64153,101.1,53.75432503284644,47.345673441274656
20644,87.04,39.70322013848217,47.33678077704517
56343,89.4287,42.09325166470583,47.33545164339964
50552,261.126,213.79266891273667,47.33333816734145
65000,143.73,96.43054910446315,47.29944662307591
114166,211.99,164.74919753445585,47.24080795870822
86167,92.0,44.85891121731448,47.14108878268552
29469,90.9853,43.84579213733377,47.139506019404514
77700,118.73,71.61951473544303,47.11048862149056
56343,89.203,42.09325166470583,47.10975126498167
74443,227.825,180.73524468056496,47.08975226767723
33713,80.54,33.45316372213457,47.086837193392775
100328,156.939,109.90484107167478,47.034154289653344
77469,257.3,210.3204192567057,46.97956853626306
73488,189.901,142.97411333186804,46.92688764469446
2720,118.493,71.56653296328108,46.926463252539236
99975,331.14,284.2229488047075,46.91706584372997
27926,116.308,69.43858683946416,46.8694118177624
126045,99.3,52.449307087897715,46.8506959638601
29192,95.58,48.76006857294362,46.81993325811107
57811,102.0,55.23225460989034,46.76774539010966
95717,129.22,82.47235119654046,46.74765002416267
95717,129.18,82.47235119654046,46.70764147924079
26187,145.47,98.76715630555593,46.702844915147196
29961,517.0,470.34939868858584,46.650601311414164
24456,149.071,102.49922772539561,46.5717714201122
199628,349.0,302.45769409681424,46.54230590318576
56343,88.6248,42.09325166470583,46.531549971036355
47275,125.8,79.31726861495288,46.48273443680493
74420,113.0,66.52485936242486,46.47514063757514
116872,208.31,161.86242711476467,46.44757044382908
150294,298.15,251.74743543960705,46.40255845687733
116121,485.825,439.4376124274744,46.38739977955686
65000,142.81,96.43054910446315,46.379448454130596
110235,287.0,240.67440159613253,46.325598403867474
38173,72.0,25.695686881340507,46.30431311865949
103138,532.779,486.52717620877064,46.25181549044811
103138,532.779,486.52717620877064,46.25181549044811
72800,122.1,75.8490683537759,46.25093012034519
26187,144.98,98.76715630555593,46.21283942198313
679614,147.105,100.91892446498059,46.18607126255847
96124,230.31,184.13046255271308,46.179535005880666
40451,118.625,72.52081961435991,46.10418038564009
55516,196.961,150.86933596327978,46.09166257187647
137806,177.728,131.67683858516548,46.05115824100639
136522,179.0,132.94986803481342,46.05013196518658
85623,117.0,70.96031609100551,46.03968390899449
111360,175.3,129.3188353434009,45.98116770835691
75900,200.29,154.31126786882737,45.97872541730544
58196,130.409,84.47783244042338,45.931164141607866
37800,109.08,63.31257688081704,45.76742495023765
99975,329.94,284.2229488047075,45.71705363669872
72102,150.68,104.97293986818634,45.707052807594906
82670,192.856,147.17730547335685,45.678697334260335
119262,203.0,157.32746455550753,45.67253544449247
141461,532.873,487.2384668581306,45.63451898171314
26187,144.38,98.76715630555593,45.61284857725657
41617,208.863,163.2785538961119,45.58445269568497
69400,137.09,91.51270432346128,45.57729201442935
130577,279.0,233.49150605663831,45.508493943361685
36180,318.75,273.2553258757108,45.49467412428919
106440,193.39,147.91245423464196,45.47754515500648
12500,596.0,550.562741293759,45.43725870624098
72800,121.28,75.8490683537759,45.43093042552097
15250,114.67,69.25336727592274,45.41663089302257
82302,177.321,131.95367423850675,45.36732490700106
33370,142.119,96.76623678222678,45.352766513671654
57436,96.1,50.76909114129893,45.330907332822164
21472,107.18,61.897768973311585,45.282231331864196
193723,209.0,163.727659602302,45.272340397698
54061,120.93,75.70343828630207,45.22656201887371
40950,208.63,163.43124028621995,45.198764596592554
70832,189.07,143.88471041364593,45.185296910572816
57189,72.5,27.325558905161923,45.17444109483807
42755,116.675,71.50197785423241,45.173025197525405
42942,203.312,158.16776754912098,45.144228910839956
86167,90.0,44.85891121731448,45.14108878268552
272278,506.5,461.36207272183134,45.13792727816866
37265,139.6,94.48063016843949,45.119375935076135
47200,90.79,45.674137719078445,45.1158631964489
185200,238.75,193.64519216799664,45.10480783200336
45240,136.626,91.53120554385463,45.0948015362235
113988,172.325,127.23480903796708,45.090187910275105
21472,106.94,61.897768973311585,45.042233468094665
29775,231.65,186.63343886940194,45.01655502708243
237704,233.437,188.4720388998697,44.96495756009125
10578,102.92,57.97764472375438,44.94235344519093
278795,270.4,225.4772542573112,44.92273963917319
90900,210.03,165.19638811422217,44.8336106650747
104016,144.25,99.45519738358038,44.79480261641962
41933,85.0002,40.23331681580517,44.766881548452645
193800,241.25,196.48379335704252,44.766206642957485
53000,126.15,81.41279764632372,44.73720387955518
62205,146.42,101.70138266734581,44.7186155015995
62837,293.061,248.40557204283598,44.65543259583589
58196,129.132,84.47783244042338,44.6541713437563
62205,146.33,101.70138266734581,44.628619163708876
28693,79.5,34.874071736258344,44.625928263741656
166856,328.33,283.73101376496606,44.59897280729956
7043,98.6982,54.159659748202486,44.538536662930326
40950,207.96,163.43124028621995,44.52876642764724
29063,80.6,36.07531868926343,44.52467978485766
42755,116.0,71.50197785423241,44.49802214576759
126045,96.9,52.449307087897715,44.45069443798119
65843,78.2225,33.78243106238984,44.440072599719535
31346,91.15,46.73765490910653,44.412346616772375
62800,169.74,125.41469576714209,44.32530972602197
103718,101.0,56.74533600341981,44.25466399658019
28406,77.7425,33.52639129151231,44.21610901366347
40451,116.725,72.52081961435991,44.204178859761186
65843,77.9325,33.78243106238984,44.15007168419219
204349,484.4,440.2521419065407,44.14785198994366
60088,177.124,132.97651905397544,44.14747386594644
40000,110.26,66.12854632382484,44.13145581240563
234476,375.827,331.70978337316245,44.11721247644692
79700,153.93,109.85284544164244,44.077147234138806
216526,168.2,124.14765509578125,44.05234185246094
129344,514.7,470.65029561871523,44.049716588316016
199722,247.972,203.93255756137344,44.03944256069687
679614,144.948,100.91892446498059,44.02907358189441
59400,103.58,59.55704682367732,44.02295500737737
27318,91.71,47.68922054642174,44.02077853805092
93206,326.0,281.99509710566355,44.00490289433645
159384,387.0,343.0014627080198,43.9985372919802
82939,130.0,86.00570624019188,43.994293759808116
28862,117.27,73.31426962211711,43.9557270209493
41617,207.225,163.2785538961119,43.94645220740372
41617,207.225,163.2785538961119,43.94645220740372
106523,339.232,295.31966741302153,43.912327215884716
95526,181.85,137.96724439431074,43.882761709204885
237704,232.349,188.4720388998697,43.87696012356781
50000,107.75,63.88725651604469,43.86274348395531
65000,140.29,96.43054910446315,43.85944418166966
84300,139.66,95.86388601390425,43.796117648205126
111195,215.0,171.2247750857169,43.775224914283086
43681,187.41,143.66093006200165,43.74907360010772
40451,116.25,72.52081961435991,43.72918038564009
167066,390.61,346.88081728420934,43.72916806735316
48994,110.87,67.15886980636122,43.71113294022081
61274,248.313,204.63283170248116,43.68017183755791
237546,522.613,478.93568516009276,43.67729091412599
50623,115.75,72.08712626230438,43.66287373769562
140488,202.225,158.57395552225643,43.6510505812592
29961,514.0,470.34939868858584,43.650601311414164
51920,134.33,90.69577192860044,43.63422990245425
4071,121.5,77.86951697258688,43.63048302741312
78438,126.35,82.75468417196358,43.59531430215752
10779,96.1045,52.50951464063677,43.59498517625776
29916,102.21,58.61776458479062,43.592234499682036
82302,175.533,131.95367423850675,43.57933052223544
56343,85.6457,42.09325166470583,43.55244688265745
21657,95.0124,51.485678818256744,43.52671894785654
63847,278.254,234.73177876872276,43.52221903401161
121585,256.052,212.53967083963707,43.51233111348793
233863,331.675,288.1978690022786,43.477118790690156
245637,270.0,226.5695228239282,43.430477176071804
102191,215.576,172.19084799519547,43.385156033124844
60100,235.0,191.61497745035555,43.38502254964445
157070,222.532,179.19819036012302,43.33380732054104
83800,172.91,129.58576344164652,43.324240220462855
109588,489.594,446.27715079315226,43.31684334747274
94988,109.353,66.04714714819919,43.30584967797269
200933,371.825,328.5366152219145,43.288396985116776
116872,205.15,161.86242711476467,43.287566781719704
79949,209.354,166.07517786095895,43.278826045291055
193723,207.0,163.727659602302,43.272340397698
8000,63.1368,19.91876652518705,43.218032333455525
63348,397.1,353.8889700163009,43.21103608721472
43000,79.68,36.48892836439465,43.19107194078113
56995,304.078,260.90920928900937,43.16879364067813
150294,294.875,251.74743543960705,43.127564560392955
36744,172.71,129.61788150425338,43.09212520961381
60977,101.1,58.02815912623764,43.071839347883454
162549,163.236,120.2215696136214,43.01442281801923
69300,79.98,37.01725278198721,42.962750574946384
66203,150.089,107.12973699866703,42.959267517934535
105167,741.307,698.3886292797871,42.9183775561504
72332,262.229,219.3387453443446,42.8902585619054
128536,218.0,175.13262337944073,42.86737662055927
28862,116.13,73.31426962211711,42.81572763130086
137046,86.4,43.6419614849979,42.758040040881006
5258,136.43,93.69021088726765,42.739781788513596
86465,198.75,156.01211916823806,42.73788083176194
187041,221.025,178.29035800293548,42.7346358935489
184098,669.874,627.1424160075418,42.73160742995822
5376,56.9255,14.199046997164576,42.72645196523777
193202,186.624,143.90187591967418,42.72211700024769
193202,186.624,143.90187591967418,42.72211700024769
243072,475.675,432.9709513137315,42.70403647923723
5783,214.08,171.48005033544763,42.59995149560706
46007,127.09,84.50351098457345,42.58648535331717
186572,114.0,71.41608906385036,42.583910936149636
117054,138.264,95.68483085440359,42.57917671395579
60977,100.6,58.02815912623764,42.571839347883454
11651,73.5,30.93834779891024,42.56165220108976
213762,179.75,137.22416557729,42.525834422710005
82302,174.474,131.95367423850675,42.52032478493075
47275,121.8,79.31726861495288,42.48273443680493
189425,230.0,187.55360453964565,42.44639546035435
99946,126.466,84.0466326015368,42.41937081643195
72193,156.89,114.48018878073024,42.40981060891819
101262,183.17,140.76445811348955,42.40554005545576
344798,964.0,921.620763865022,42.37923613497799
83800,171.93,129.58576344164652,42.34422923413473
44218,85.83,43.516435268554595,42.31356656250009
305047,484.278,441.9747944850977,42.303220651621075
168696,148.0,105.70833076013291,42.29166923986709
88480,176.497,134.2215673236592,42.275426694895486
66600,107.66,65.40980640194115,42.25019726016822
110919,134.556,92.33023834882397,42.22576140703541
134114,199.49,157.2748331863624,42.21517230680166
150887,150.508,108.29999420021122,42.208001405257534
189425,229.75,187.55360453964565,42.19639546035435
16682,145.708,103.52036271973347,42.18762983397747
16682,145.708,103.52036271973347,42.18762983397747
181805,498.0,455.8272082897085,42.172791710291506
150695,946.94,904.7761953101565,42.16380713124977
104089,191.0,148.84298668027222,42.15701331972778
70832,186.04,143.88471041364593,42.15528287248688
152471,144.5,102.35184354356376,42.14815645643624
86167,87.0,44.85891121731448,42.14108878268552
56497,228.075,185.96325235934196,42.11174458890022
86714,109.868,67.76092386176282,42.10707235405749
56343,84.1175,42.09325166470583,42.02424864046995
12769,391.721,349.77089295120606,41.950115349575185
121471,99.5,57.55843897881991,41.94156102118009
110800,110.78,68.83913580203387,41.94086297726301
60606,215.115,173.18415925996723,41.93084623319683
182943,662.175,620.2518894061445,41.92309838682422
555243,488.76,446.860206871798,41.89980289382697
18717,173.643,131.811269537185,41.83173583390874
150318,617.0,575.1932973330046,41.80670266699542
29192,90.52,48.76006857294362,41.75992807012279
35829,90.701,48.9707919912352,41.73020440769058
95526,179.64,137.96724439431074,41.6727549953377
137065,181.78,140.1744496529808,41.60554912631608
115676,197.997,156.5017153738466,41.495278644708094
137522,166.0,124.566979656218,41.433020343782005
5783,212.85,171.48005033544763,41.369955768067996
9000,90.81,49.45146011673637,41.35853744185738
240026,206.575,165.23582793875096,41.33916900949123
16802,206.6,165.29263217265924,41.307373930856386
94751,120.5,79.19975316201196,41.30024683798804
59400,100.85,59.55704682367732,41.292951650443776
137065,181.44,140.1744496529808,41.26555278842545
103718,98.0,56.74533600341981,41.25466399658019
150294,293.0,251.74743543960705,41.252564560392955
12761,86.28,45.050694106897524,41.22930467239935
70800,141.76,100.59692575143912,41.16306875539682
104089,190.0,148.84298668027222,41.15701331972778
124289,91.05,49.89351455405133,41.15648849770648
151637,710.94,669.7913889476829,41.14861349372336
327256,970.44,929.3100436754685,41.12995876593777
38500,162.12,121.02185886998761,41.09813624719989
124289,90.975,49.89351455405133,41.081483920069765
61204,158.6,117.53228329946366,41.06772280405197
293990,455.944,414.8798689370292,41.06413130711144
159384,384.0,343.0014627080198,40.9985372919802
121440,167.17,126.17316841314133,40.99682975580399
82939,127.0,86.00570624019188,40.994293759808116
861524,1011.58,970.5879822551885,40.992034834655215
59200,185.315,144.33938762585132,40.975614815554934
40451,113.475,72.52081961435991,40.954178859761186
102429,86.2,45.26281079805393,40.93718615018826
63348,394.82,353.8889700163009,40.93103730791785
47984,128.01,87.09741906155259,40.91257544528335
130581,167.25,126.33973507717745,40.91026492282255
111424,132.0,91.09185346291108,40.908146537088925
88856,71.6,30.748518009184007,40.85148046493708
28991,60.259,19.421277134745118,40.83772173610449
218024,228.0,187.21198291919106,40.78801708080894
47275,120.1,79.31726861495288,40.782729859168214
148032,152.1,111.32394582057324,40.77606028294238
98212,317.529,276.788577492043,40.740414207175775
29063,76.8,36.07531868926343,40.72468436249438
151900,159.875,119.18625202672861,40.68874797327139
131797,89.39,48.735275697307706,40.65472369234073
110919,132.945,92.33023834882397,40.61476897539478
185200,234.25,193.64519216799664,40.60480783200336
186572,112.0,71.41608906385036,40.583910936149636
332884,618.645,578.076293883577,40.56872564767298
116872,202.43,161.86242711476467,40.56756556101658
207115,515.878,475.3141157367733,40.56387498588293
152559,337.875,297.36405343594816,40.510946564051835
45548,98.65,58.14312338810224,40.50687813777667
83800,170.07,129.58576344164652,40.48424388257223
148032,151.8,111.32394582057324,40.47605723118457
61204,158.0,117.53228329946366,40.46771670053634
12500,591.0,550.562741293759,40.43725870624098
262156,314.957,274.5210589133958,40.435941819026084
111360,169.75,129.3188353434009,40.431164656599094
87200,231.0,190.6397543469163,40.360245653083695
33215,96.139,55.78161488924037,40.35738504972447
21903,117.16,76.80909051279772,40.35091314931165
83919,103.0,62.65477586357784,40.34522413642216
83919,103.0,62.65477586357784,40.34522413642216
110235,281.0,240.67440159613253,40.325598403867474
31283,109.68,69.4308234206956,40.24917688448018
152312,506.947,466.7172848802885,40.22970608650837
5783,211.68,171.48005033544763,40.19994234033362
62205,141.88,101.70138266734581,40.17862221546669
111424,131.263,91.09185346291108,40.171147025370175
73277,204.0,163.85076775230544,40.149232247694556
143093,199.66,159.5636615206117,40.09634214149767
104016,139.5,99.45519738358038,40.04480261641962
16576,87.89,47.84645721998391,40.043542169664526
9569,127.649,87.64049030174573,40.008511773449584
95100,142.1,102.09205448865687,40.007951614858754
30495,89.2,49.227378209349425,39.97261873889276
233341,237.0,197.0319609342693,39.96803906573069
129707,120.9,80.95997769504783,39.94002383083108
92500,177.925,138.00683095765532,39.91817209410249
43992,284.93,245.07974080121127,39.85025187456998
12660,79.42,39.57521915142756,39.84477901751775
83155,100.589,60.78507835381667,39.80391853339036
77500,122.7,82.92114105555942,39.77885589268277
114166,204.516,164.74919753445585,39.76680893527072
36180,313.0,273.2553258757108,39.74467412428919
71936,104.667,64.93459992623426,39.732399890660275
214505,827.325,787.6107948569525,39.7142173500788
28406,73.2275,33.52639129151231,39.70110962401503
64743,182.173,142.47266701093585,39.700337139454774
99541,133.9,94.22317074570154,39.67682315078284
119262,197.0,157.32746455550753,39.67253544449247
83141,138.225,98.55372316030497,39.671282943210656
61204,157.2,117.53228329946366,39.66771364877853
250000,1053.67,1014.0126709648727,39.657372980439845
30525,253.57,213.9148967881912,39.655110536027564
121585,252.173,212.53967083963707,39.63333331075356
46007,124.12,84.50351098457345,39.61649176200858
12660,79.16,39.57521915142756,39.584784510681814
271300,154.15,114.56615837559549,39.58383552088888
492898,462.0,422.440029221261,39.559970778739
150393,305.944,266.3872817571869,39.55671848695374
73200,157.56,118.01822999378687,39.541767564806875
553210,435.93,396.39464826051767,39.53534441526358
68637,337.16,297.63463707176237,39.525366590347005
4698,66.0036,26.486744936330428,39.516856137888325
56343,81.6065,42.09325166470583,39.51324705355589
555243,486.36,446.860206871798,39.49977847976447
261091,283.884,244.39647565772987,39.48752702781701
132518,254.93,215.4556585677141,39.474334108067154
182943,659.716,620.2518894061445,39.46411401182422
43094,93.3701,53.92936793427608,39.44073399443486
12908,71.64,32.20129789974108,39.43870148990736
66013,111.281,71.85826474655329,39.42273348342718
60088,172.346,132.97651905397544,39.36947398801675
47984,126.43,87.09741906155259,39.332581243623196
48642,70.1,30.7757222115214,39.324276262599696
261091,283.702,244.39647565772987,39.30552019187951
53860,111.229,71.93530689627042,39.29368938058505
56569,68.764,29.47818356152074,39.28581637744411
40085,89.7345,50.522949634775095,39.211547435537405
84300,135.03,95.86388601390425,39.166112765392626
4607,111.361,72.19877123485193,39.162228826183224
51688,122.0,82.83793987884553,39.16206012115447
111360,168.45,129.3188353434009,39.13116160484128
503634,555.0,515.8994400356414,39.10055996435858
262162,471.0,431.9043002382602,39.09569976173981
262162,471.0,431.9043002382602,39.09569976173981
87131,157.591,118.50223802419774,39.08876539377101
35990,225.533,186.44576044651237,39.08724431422982
114166,203.836,164.74919753445585,39.086801000700405
122122,344.0,304.9177275269143,39.08227247308571
104016,138.5,99.45519738358038,39.04480261641962
56343,81.1345,42.09325166470583,39.041246931485574
10932,90.5587,51.52376941730643,39.034931144217005
237702,420.0,380.97897339947025,39.02102660052975
53860,110.909,71.93530689627042,38.97368968576083
39988,112.63,73.67141670239164,38.95858055102633
98829,147.88,108.94827957708048,38.931725305732016
19446,100.5,61.575486210799156,38.924513789200844
73200,156.94,118.01822999378687,38.921772447619375
187174,391.332,352.41482775024036,38.91717298218151
32206,69.1047,30.258118992700023,38.846579188452324
136817,233.575,194.7504305426388,38.82456640560338
23055,98.88,60.059211520332674,38.820785733085295
196043,181.377,142.57311008764637,38.80388881372082
68211,205.7,166.92017581058727,38.77982113765492
151637,708.57,669.7913889476829,38.77861837653586
136817,233.525,194.7504305426388,38.774563353845565
74922,99.3,60.530556161654374,38.76944689010344
21657,90.2345,51.485678818256744,38.748818252055756
77632,166.0,127.27497983577194,38.725020164228056
187174,391.115,352.41482775024036,38.70016248413464
170000,210.84,172.17640488176923,38.663591456121395
1843,54.07,15.416914021785947,38.65308567303827
38686,237.531,198.87820013820019,38.652805721174815
72332,257.947,219.3387453443446,38.60824562245227
111623,215.0,176.4388686973958,38.561131302604196
33012,93.375,54.84626325842555,38.52873674157445
60100,230.125,191.61497745035555,38.51002254964445
130577,272.0,233.49150605663831,38.508493943361685
29916,97.1,58.61776458479062,38.48223388933047
12500,589.0,550.562741293759,38.43725870624098
54207,80.0,41.56400090084381,38.43599909915619
48411,237.09,198.68188181110997,38.40811452678065
49384,93.3,54.89910428621494,38.40089876554287
134748,313.25,274.85263650688063,38.39736349311937
93608,92.4,54.00984954428346,38.390151981595444
86120,196.37,157.98160241091173,38.388392706275766
61204,155.9,117.53228329946366,38.36771059702072
450000,1274.09,1235.7242122358653,38.36575358444725
82548,160.792,122.43459414597746,38.357413300311606
82548,160.792,122.43459414597746,38.357413300311606
82548,160.792,122.43459414597746,38.357413300311606
401753,308.7,270.35362210351707,38.34639010351418
17190,47.2,8.862108681057567,38.33789208188189
282946,301.71,263.3754930126251,38.334498442453025
77500,121.25,82.92114105555942,38.32885894444058
111530,192.1,153.77331856306316,38.32668754045247
15960,79.29,40.96884071320915,38.3211602023182
166489,151.804,113.48848531554127,38.31551553895092
243072,471.275,432.9709513137315,38.30404258275286
273234,937.9,899.6352102204693,38.264814193593224
86120,196.23,157.98160241091173,38.24839331662733
10779,90.644,52.50951464063677,38.13448255174604
6412,104.773,66.64539297182893,38.12760965268279
23055,98.12,60.059211520332674,38.06079122624936
73044,129.485,91.46740339265335,38.01759721769821
268480,248.426,210.42514181285284,38.00085306019403
68030,110.391,72.39935889790297,37.99163994242906
157545,220.004,182.01542427431616,37.988573528418215
10932,89.4905,51.52376941730643,37.96673198650216
278369,356.0,318.0542574749598,37.9457425250402
237546,516.877,478.93568516009276,37.94132900006349
585955,1097.64,1059.7206216151667,37.91939303327081
157723,187.119,149.21804151294924,37.900961782949196
65000,134.33,96.43054910446315,37.899452726591534
84300,133.74,95.86388601390425,37.87611947925981
64583,187.51,149.69151407222267,37.818480434613264
15000,66.01,28.223181404049452,37.78682073218101
150887,146.075,108.29999420021122,37.77500274803097
75929,507.383,469.61170027226115,37.771295333207604
229973,425.0,387.22993546013765,37.77006453986235
328760,772.73,734.9606495921611,37.769330876588924
77700,109.37,71.61951473544303,37.750488011139
180625,212.275,174.55966251261353,37.71533138387085
16098,58.31,20.596398209423327,37.71360316386769
280225,1215.98,1178.329089375308,37.65089109344194
29961,508.0,470.34939868858584,37.650601311414164
22000,98.8,61.16436187749794,37.635641174259874
91254,136.0,98.3964828793077,37.6035171206923
70800,138.19,100.59692575143912,37.593076689967134
89456,177.0,139.4143177820109,37.5856822179891
89456,177.0,139.4143177820109,37.5856822179891
47578,63.018,25.449398313155275,37.56860324324121
61151,96.8,59.233831400934825,37.56617165082299
17927,66.5,28.943953453402244,37.556046546597756
33370,134.321,96.76623678222678,37.55476236328103
51920,128.25,90.69577192860044,37.554228071399564
237518,1071.27,1033.7266117966929,37.54340773455715
555243,484.32,446.860206871798,37.45980045242072
69400,128.97,91.51270432346128,37.45729689724185
3853,104.0,66.54581061520122,37.45418938479878
49589,103.8,66.3610478812438,37.43895517051401
62200,107.15,69.76159670313844,37.38840482274047
42755,108.875,71.50197785423241,37.37302214576759
83141,135.925,98.55372316030497,37.37127989145284
143973,333.685,296.3328540166615,37.352143541932264
128126,563.225,525.9228669774627,37.30210860847478
168696,143.0,105.70833076013291,37.29166923986709
24456,139.788,102.49922772539561,37.28876665937001
88480,171.5,134.2215673236592,37.2784326763408
61204,154.8,117.53228329946366,37.267719752294155
65843,71.05,33.78243106238984,37.26757198936797
252268,242.0,204.73899906454778,37.261000935452216
60000,133.333,96.11445481885559,37.218537734855346
117814,103.35,66.13522308584638,37.21477538827472
51471,114.378,77.18846322824882,37.18953512380196
98212,313.969,276.788577492043,37.180416648582025
29775,223.8,186.63343886940194,37.16656418235587
105167,735.54,698.3886292797871,37.15134874755665
42942,195.312,158.16776754912098,37.144228910839956
99541,131.35,94.22317074570154,37.12683535781409
56388,110.054,72.92864052983418,37.125360324658004
185200,230.75,193.64519216799664,37.10480783200336
118231,170.0,132.91861146658698,37.08138853341302
90635,225.61,188.57160995302846,37.038390657323106
96124,221.16,184.13046255271308,37.02954110939629
237702,418.0,380.97897339947025,37.02102660052975
137806,168.688,131.67683858516548,37.01116495487358
14913,74.14,37.14035362744481,36.99964576220363
69400,128.51,91.51270432346128,36.99729018337466
110380,269.75,232.77897561013052,36.971024389869484
18717,168.729,131.811269537185,36.91773436906499
33012,91.75,54.84626325842555,36.90373674157445
155100,217.24,180.34137910352257,36.89862638964149
62238,93.3,56.43786576971901,36.8621372820388
12908,69.06,32.20129789974108,36.85869965885267
305268,154.838,117.98425630868269,36.85374112784075
152471,139.2,102.35184354356376,36.84815340467843
87673,97.24,60.444331060076365,36.795666803693166
74922,97.325,60.530556161654374,36.79444078658781
8730,46.3,9.523992650585356,36.77600658647519
229973,424.0,387.22993546013765,36.77006453986235
86714,104.528,67.76092386176282,36.76707601616687
22334,128.37,91.61699688537199,36.75299823181551
43094,90.63,53.92936793427608,36.70062931914189
53130,135.488,98.80295451665741,36.68505207513947
65843,70.4425,33.78243106238984,36.66006619102813
179559,569.73,533.0834721915626,36.64650827718742
216050,259.0,222.36267831293594,36.63732168706406
83400,105.06,68.44088068827044,36.61911687032331
16726,103.067,66.45064065067227,36.61636069210117
64743,179.073,142.47266701093585,36.60033103593915
47275,115.9,79.31726861495288,36.582732910926026
243072,469.55,432.9709513137315,36.57903647923723
110380,269.35,232.77897561013052,36.57103049338511
116854,108.55,72.00819351848972,36.54180953326809
194441,728.895,692.3594942510504,36.535525280199636
111424,127.625,91.09185346291108,36.533146537088925
115676,193.028,156.5017153738466,36.526284504083094
130577,270.0,233.49150605663831,36.508493943361685
585955,1096.2,1059.7206216151667,36.47932955670831
22000,97.62,61.16436187749794,36.45564086908409
106511,110.512,74.06120459992707,36.45079643767059
152559,333.75,297.36405343594816,36.385946564051835
47275,115.7,79.31726861495288,36.38272833328931
30525,250.29,213.9148967881912,36.37509649794163
64560,206.65,170.2860568948832,36.36393700160119
11274,59.63,23.325137335591627,36.30486373252361
104016,135.75,99.45519738358038,36.29480261641962
88300,213.03,176.75424031376585,36.27575846553103
87977,90.3,54.03117717693609,36.26882587482172
387638,98.9712,62.709790158800075,36.261408876844456
171008,269.325,233.07422841268232,36.25078379434893
198488,926.0,889.7766324151529,36.2233675848471
192152,504.45,468.2316859119968,36.218326295034444
16098,56.81,20.596398209423327,36.21360316386769
75228,168.5,132.29578839442866,36.204211605571345
37800,99.47,63.31257688081704,36.157424339886084
154706,1032.75,996.5970599576602,36.152940042339765
22000,97.3,61.16436187749794,36.135641174259874
207115,511.447,475.3141157367733,36.13287523002356
262162,468.0,431.9043002382602,36.09569976173981
128044,153.233,117.1487416644861,36.08426004449828
237702,417.0,380.97897339947025,36.02102660052975
110000,131.98,95.97805314507585,36.001942582463215
161969,223.0,187.00168758470028,35.99831241529972
199722,239.927,203.93255756137344,35.99444439175156
15489,87.0,51.02872443251431,35.97127556748569
202937,433.0,397.02891710963456,35.97108289036544
61204,153.5,117.53228329946366,35.96771670053634
282946,299.34,263.3754930126251,35.964503325265525
17077,77.0,41.03909480832238,35.96090519167762
182500,223.2,187.2399092969563,35.960087651285875
30543,121.94,85.98134994425105,35.9586524971552
160673,520.075,484.13695989998547,35.93805230704578
10578,93.91,57.97764472375438,35.932358938354994
83772,62.64,26.74168677724888,35.89831261239956
89315,63.71,27.85605975612943,35.85393932834323
34563,47.6,11.754010704382967,35.84598776973813
29063,71.9,36.07531868926343,35.82468283661547
16000,80.48,44.6661144648601,35.81388889207349
193202,179.712,143.90187591967418,35.81012969556019
4934,66.6667,30.873566240225042,35.79313603028277
213762,173.0,137.22416557729,35.775834422710005
122746,205.2,169.4339466678289,35.76605028041328
120836,709.583,673.8223967752388,35.76061103726124
15876,120.117,84.36521756420449,35.75177920093223
49990,212.217,176.4937967038835,35.72319853537431
59900,94.84,59.117070439659265,35.72292589823136
103924,169.0,133.3234116640171,35.6765883359829
95526,173.64,137.96724439431074,35.6727549953377
95526,173.64,137.96724439431074,35.6727549953377
61204,153.2,117.53228329946366,35.66771364877853
53130,134.464,98.80295451665741,35.661049999944154
29961,506.0,470.34939868858584,35.650601311414164
16682,139.167,103.52036271973347,35.64664472655559
23803,108.15,72.51044761749381,35.639553908385096
75900,189.95,154.31126786882737,35.638729079414816
216050,258.0,222.36267831293594,35.63732168706406
216050,258.0,222.36267831293594,35.63732168706406
16500,119.21,83.5948751998898,35.61512388458286
91254,134.0,98.3964828793077,35.6035171206923
240026,200.825,165.23582793875096,35.58916900949123
275610,169.965,134.3808477991984,35.58414853869223
186572,107.0,71.41608906385036,35.583910936149636
120836,709.367,673.8223967752388,35.54460761929249
47275,114.8,79.31726861495288,35.48273443680493
31346,82.22,46.73765490910653,35.482346311596594
76537,131.415,95.97464713582077,35.44034615031204
55800,75.4775,40.03948395811355,35.438016957413794
563782,642.0,606.5622168709724,35.43778312902759
137522,160.0,124.566979656218,35.433020343782005
137522,160.0,124.566979656218,35.433020343782005
118966,158.18,122.76227916901412,35.41771350676713
10779,87.9138,52.50951464063677,35.404288459949164
33012,90.25,54.84626325842555,35.40373674157445
56497,221.35,185.96325235934196,35.38675374417366
129707,116.3,80.95997769504783,35.34002535670999
152559,332.703,297.36405343594816,35.338949493739335
13091,75.299,39.96700182082713,35.33200178024709
53130,134.123,98.80295451665741,35.320046581975404
233937,339.0,303.6943419529466,35.305658047053385
51999,93.72,58.42967347012043,35.2903277505827
43992,280.3,245.07974080121127,35.22024699175748
94988,101.241,66.04714714819919,35.19385016625394
155100,215.5,180.34137910352257,35.15862089647743
187174,387.566,352.41482775024036,35.15118177124401
68030,107.526,72.39935889790297,35.12664207865953
101262,175.83,140.76445811348955,35.065543717565134
85732,211.391,176.32713159648773,35.06387487323883
105167,733.434,698.3886292797871,35.04539171630665
136522,167.95,132.94986803481342,35.00012891342877
159384,378.0,343.0014627080198,34.9985372919802
161969,222.0,187.00168758470028,34.99831241529972
91253,123.55,88.58099801479662,34.96900503696119
233341,232.0,197.0319609342693,34.96803906573069
481999,162.0,127.05085509300926,34.94914490699074
33370,131.707,96.76623678222678,34.94076395019509
39988,108.564,73.67141670239164,34.89258628833102
69400,126.37,91.51270432346128,34.85729842312075
273234,934.457,899.6352102204693,34.821759994374474
95100,136.88,102.09205448865687,34.78795039415563
73044,126.244,91.46740339265335,34.776599903245085
81580,274.5,239.73292916022604,34.767070839773965
79949,200.815,166.07517786095895,34.739824580447305
86465,190.75,156.01211916823806,34.73788083176194
199722,238.666,203.93255756137344,34.733442804837495
104667,118.367,83.67276039191054,34.694236373226175
8000,54.6048,19.91876652518705,34.68603465279146
77500,117.58,82.92114105555942,34.65886077549527
216050,257.0,222.36267831293594,34.63732168706406
282946,297.99,263.3754930126251,34.6144972217499
112283,75.99,41.38081812860892,34.60917973516061
110919,126.892,92.33023834882397,34.56175994219166
59400,94.08,59.55704682367732,34.52295500737737
24992,64.0,29.487568285009715,34.512431714990285
87673,94.93,60.444331060076365,34.485669245099416
11274,57.81,23.325137335591627,34.48486403769939
92099,112.65,78.16642602619405,34.48357549968486
54061,110.17,75.70343828630207,34.46655988264324
1843,49.86,15.416914021785947,34.44308658856561
54207,76.0,41.56400090084381,34.43599909915619
63900,113.64,79.23777226772354,34.402227121924895
9569,122.038,87.64049030174573,34.39751171241443
83919,97.0,62.65477586357784,34.34522413642216
88486,134.84,100.51803659247284,34.321959745417786
671507,1348.76,1314.4549027253754,34.305107040249595
111424,125.396,91.09185346291108,34.304150260233456
120694,432.0,397.73046325465265,34.26953674534735
120694,432.0,397.73046325465265,34.26953674534735
22000,95.43,61.16436187749794,34.26563842767784
39988,107.907,73.67141670239164,34.235580978272424
69300,71.21,37.01725278198721,34.192746302485446
151637,703.98,669.7913889476829,34.18859152106711
10932,85.6784,51.52376941730643,34.154628715017786
73277,198.0,163.85076775230544,34.149232247694556
66900,122.96,88.88360894660983,34.07639013786283
123612,253.05,219.01841243460865,34.03159061714916
237702,415.0,380.97897339947025,34.02102660052975
73488,176.995,142.97411333186804,34.02088178531946
117814,100.1,66.13522308584638,33.96477538827472
6010,71.79,37.844072382036856,33.94592853349049
134748,308.797,274.85263650688063,33.94436056343187
119509,119.0,85.0602844463126,33.93971555368741
112283,75.32,41.38081812860892,33.9391815662153
53000,115.35,81.41279764632372,33.93720082779737
66900,122.81,88.88360894660983,33.926388611983924
108971,185.075,151.15234512631167,33.922651821930515
35990,220.367,186.44576044651237,33.92124394801888
151900,153.1,119.18625202672861,33.913754076787015
240026,199.1,165.23582793875096,33.86417816476467
115788,285.46,251.64614657717954,33.81384487789859
84346,114.5,80.68991739838278,33.810082601617225
28406,67.3175,33.52639129151231,33.79110596190566
9045,49.0283,15.259015798018302,33.76928544099537
87673,94.21,60.444331060076365,33.76566802439629
48642,64.5,30.7757222115214,33.7242777884786
64560,204.0,170.2860568948832,33.71394310511681
175618,368.958,335.26393622282785,33.69407158967215
117814,99.825,66.13522308584638,33.68977386239581
104604,304.0,270.31630969883395,33.68369030116605
47275,113.0,79.31726861495288,33.68273138504712
57334,89.0,55.33863273027409,33.66136726972591
46484,143.75,110.11349258468039,33.63650741531961
107730,200.0,166.37389607572766,33.62610392427234
62238,90.06,56.43786576971901,33.62213178887474
95100,135.7,102.09205448865687,33.60794245958532
74599,165.25,131.64765654544456,33.60234345455544
43000,70.06,36.48892836439465,33.5710691941991
101262,174.33,140.76445811348955,33.565543717565134
75929,503.167,469.61170027226115,33.555291915238854
45224,106.87,73.32295407489268,33.54704867168935
86091,359.75,326.25192767266293,33.49807232733707
207000,508.29,474.81716252666666,33.47284601825521
24456,135.966,102.49922772539561,33.46677569257314
137522,158.0,124.566979656218,33.433020343782005
103800,106.13,72.70178334957741,33.42821390384056
105167,731.813,698.3886292797871,33.4243590014629
79700,143.26,109.85284544164244,33.407149065193494
180625,207.95,174.55966251261353,33.39033443562866
84300,129.25,95.86388601390425,33.38611398609575
204349,473.62,440.2521419065407,33.367853210646786
95717,115.82,82.47235119654046,33.34764849828376
143228,905.0,871.6615900076947,33.33840999230529
53303,458.525,425.19307893756763,33.33191495891674
21472,95.2,61.897768973311585,33.3022279749306
46484,143.37,110.11349258468039,33.25650253250711
103800,105.91,72.70178334957741,33.208220312531964
39143,70.0,36.79638489404596,33.20361510595404
387638,95.8997,62.709790158800075,33.18990619129758
39988,106.824,73.67141670239164,33.152580795166955
157723,182.36,149.21804151294924,33.14195909740232
461647,1194.0,1160.9033059683068,33.09669403169323
18717,164.906,131.811269537185,33.09473632218999
127632,386.0,352.9154120660212,33.08458793397881
51471,110.259,77.18846322824882,33.070539457298054
60000,129.167,96.11445481885559,33.05255262743347
15960,74.02,40.96884071320915,33.05115592985726
94751,112.25,79.19975316201196,33.05024683798804
137040,154.81,121.77975418745667,33.030243371137075
116186,315.043,282.02003694459665,33.02296232298147
237702,414.0,380.97897339947025,33.02102660052975
204349,473.24,440.2521419065407,32.987848327834286
104667,116.65,83.67276039191054,32.97724113396836
36387,89.35,56.377284493942646,32.97271398017845
102191,205.16,172.19084799519547,32.969155666913906
481999,160.0,127.05085509300926,32.94914490699074
47200,78.62,45.674137719078445,32.94586502750359
19429,44.0,11.075588572988739,32.924411427011265
206054,562.253,529.3317513697473,32.92123935290897
45548,91.02,58.14312338810224,32.87687325496417
128536,208.0,175.13262337944073,32.86737662055927
58908,92.05,59.19584950328502,32.854153548472794
80205,75.594,42.75740428944886,32.836597480570674
164206,666.616,633.8106849402451,32.805342891786154
109071,78.9,46.106728262534595,32.79327326334431
218024,220.0,187.21198291919106,32.78801708080894
57811,88.0,55.23225460989034,32.76774539010966
57436,83.5,50.76909114129893,32.73090885870107
202829,192.86,160.13233995148073,32.72766065887083
150294,284.475,251.74743543960705,32.72757066390858
74420,99.2501,66.52485936242486,32.72523981970404
24643,96.7,63.979317808113954,32.72067914012823
71248,228.28,195.568207269302,32.71179150999487
105500,130.63,97.93455912021871,32.69544576259379
16098,53.28,20.596398209423327,32.68360056987355
99325,195.75,163.07313549076477,32.67686450923523
10779,85.1835,52.50951464063677,32.67398755662885
55800,72.7,40.03948395811355,32.66051299012864
63847,267.38,234.73177876872276,32.64822611408974
207000,507.45,474.81716252666666,32.632849680364586
166814,116.35,83.7316363770681,32.618362097052994
271300,147.16,114.56615837559549,32.59384528651388
271492,107.078,74.53280512952514,32.545197800162356
80942,215.689,183.1534888387348,32.53550652259332
129344,503.183,470.65029561871523,32.53271829730039
48300,97.9167,65.43707293693117,32.47962933357664
102856,139.08,106.60952837424533,32.47047345680936
166489,145.93,113.48848531554127,32.44150736023998
3000,43.6667,11.235324994638358,32.431373461172186
130581,158.75,126.33973507717745,32.41026492282255
62200,102.15,69.76159670313844,32.38840482274047
157723,181.561,149.21804151294924,32.34296312572263
229000,421.83,389.49417768129007,32.33580889097556
110235,273.0,240.67440159613253,32.325598403867474
139683,877.5,845.1931430367855,32.3068569632145
111530,186.075,153.77331856306316,32.30167838517903
104016,131.75,99.45519738358038,32.29480261641962
166489,145.774,113.48848531554127,32.285516759654044
47275,111.6,79.31726861495288,32.282729859168214
86120,190.22,157.98160241091173,32.23839880979139
41861,72.1,39.88969071725503,32.210307756866065
234819,273.0,240.80216072390851,32.197839276091486
99325,195.25,163.07313549076477,32.17686450923523
86167,77.0,44.85891121731448,32.14108878268552
5783,203.61,171.48005033544763,32.12995027490393
109588,478.37,446.27715079315226,32.09284432403524
4589,52.86,20.789902927443496,32.07009768290807
193294,994.76,962.7211891113225,32.038820654302526
225014,201.0,168.96841801675487,32.03158198324513
44218,75.5275,43.516435268554595,32.01106106933603
82939,118.0,86.00570624019188,31.994293759808116
49990,208.467,176.4937967038835,31.97319853537431
71421,131.79,99.82992526136076,31.960068024772056
87673,92.4,60.444331060076365,31.95567046580254
44218,75.445,43.516435268554595,31.928564426269624
14561,203.0,171.07155959304185,31.928440406958146
53860,103.857,71.93530689627042,31.921695362030363
52141,113.822,81.9438004329225,31.878198163268905
46484,141.98,110.11349258468039,31.866503142858676
51020,53.4575,21.598060232030413,31.85944022573326
158000,247.6,215.75795041243782,31.842055691077803
3569,49.1102,17.284484426073554,31.82571454853582
90635,220.38,188.57160995302846,31.808394929784043
167055,140.04,108.24857773041703,31.791415555715787
15000,60.0,28.223181404049452,31.776818595950548
108392,123.0,91.23442179468206,31.765578205317937
103800,104.46,72.70178334957741,31.758215734895245
36180,305.0,273.2553258757108,31.74467412428919
38598,97.0,65.25679238145119,31.74320761854881
24643,95.72,63.979317808113954,31.74068341258917
58157,70.8175,39.07753128055004,31.739965972867928
180000,151.6,119.86262140486672,31.73738469864891
79782,86.919,55.236915331602816,31.682083386658903
76537,127.65,95.97464713582077,31.675354390058132
57334,87.0,55.33863273027409,31.661367269725908
72958,79.945,48.289918767259365,31.655080927564853
75900,185.94,154.31126786882737,31.628734572578878
131797,80.36,48.735275697307706,31.624724913043856
44203,53.15,21.526089239269243,31.623912286609663
192152,499.82,468.2316859119968,31.588321412221944
105612,136.85,105.2655535216568,31.584452581858827
22500,70.84,39.27627765327477,31.563718684615857
180000,151.41,119.86262140486672,31.54738225724266
44203,53.02,21.526089239269243,31.49391121849443
12500,582.0,550.562741293759,31.437258706240982
73200,149.44,118.01822999378687,31.421772447619375
73044,122.863,91.46740339265335,31.39559556974899
45548,89.53,58.14312338810224,31.386875391194636
72958,79.675,48.289918767259365,31.385084284498447
45224,104.68,73.32295407489268,31.357046230283103
182500,218.58,187.2399092969563,31.340092534098375
75900,185.65,154.31126786882737,31.338726027657003
46204,128.442,97.10717844999947,31.33482289277397
80205,74.085,42.75740428944886,31.3275947950238
90400,437.01,405.68319902028577,31.32681074533923
168696,137.0,105.70833076013291,31.29166923986709
91316,153.0,121.72889418449093,31.271105815509074
10174,51.6667,20.42422967790555,31.242468777904996
23055,91.29,60.059211520332674,31.23078939519467
79949,197.281,166.07517786095895,31.205827998416055
679614,132.107,100.91892446498059,31.18807016392566
65843,64.9675,33.78243106238984,31.185067716907035
181805,487.0,455.8272082897085,31.172791710291506
38500,152.19,121.02185886998761,31.16814357141864
108339,293.717,262.55023374512086,31.166776752926012
58703,107.91,76.76906599693291,31.140937665176466
138977,213.072,181.93299727110568,31.13900895448026
157723,180.32,149.21804151294924,31.10196581126951
1843,46.46,15.416914021785947,31.043085062686707
22101,104.75,73.71617728775752,31.033822712242483
92500,169.029,138.00683095765532,31.022176000352488
78268,91.45,60.43174425444359,31.018252693798594
47275,110.3,79.31726861495288,30.982734436804932
53860,102.895,71.93530689627042,30.959689746795988
138602,129.0,98.04670134447302,30.95329865552698
179449,403.71,372.75962880079385,30.950362654284277
90400,436.63,405.68319902028577,30.94680586252673
134748,305.766,274.85263650688063,30.91335470405687
79782,86.137,55.236915331602816,30.90008570599484
27926,100.336,69.43858683946416,30.897411695692085
21472,92.79,61.897768973311585,30.89223194221576
70832,174.75,143.88471041364593,30.865289586354066
271300,145.42,114.56615837559549,30.85383979334982
21539,158.8,127.95131600271785,30.848687049039967
87976,182.0,151.16459916034785,30.835400839652152
47984,117.92,87.09741906155259,30.822579107392727
5258,124.51,93.69021088726765,30.819791248962815
204349,471.04,440.2521419065407,30.78786663838116
71994,78.3197,47.53316412692653,30.78653802151097
88480,164.999,134.2215673236592,30.777425596262674
64560,201.06,170.2860568948832,30.77394066371056
90900,195.96,165.19638811422217,30.763618599645014
31233,55.0,24.265573110267272,30.734426889732728
31233,55.0,24.265573110267272,30.734426889732728
74420,97.2501,66.52485936242486,30.725239819704043
29063,66.8,36.07531868926343,30.72468436249438
78002,100.0,69.28606645041513,30.713933549584866
56629,115.25,84.602373841273,30.647626158726993
58733,79.475,48.83283654061337,30.642161933507722
86455,97.49,66.86948153035881,30.62051633341072
5258,124.3,93.69021088726765,30.60979216449016
49990,207.1,176.4937967038835,30.60620939963212
3569,47.885,17.284484426073554,30.60051389545965
45548,88.74,58.14312338810224,30.596874475667292
17220,73.7084,43.124059381666974,30.58433752995412
36904,75.3,44.75681340557054,30.543189646187273
426472,393.0,362.4585585652382,30.541441434761794
99700,152.8,122.26493246147383,30.53507059028398
28693,65.375,34.874071736258344,30.500928263741656
94988,96.538,66.04714714819919,30.49085486596097
13469,61.0,30.512954925353924,30.487045074646076
123612,249.5,219.01841243460865,30.48158756539135
89315,58.33,27.85605975612943,30.473942074925258
27318,78.16,47.68922054642174,30.470783115687638
90635,219.04,188.57160995302846,30.468383333104356
84615,100.825,70.38060445697676,30.444392491265432
23871,53.0,22.602140105561915,30.397859894438085
48300,95.8333,65.43707293693117,30.396224792561014
137065,170.57,140.1744496529808,30.395557671237952
61204,147.9,117.53228329946366,30.367710597020718
152471,132.7,102.35184354356376,30.348153404678428
4038,46.7895,16.50098387227743,30.288517317908116
100328,140.188,109.90484107167478,30.28316246836428
168791,105.325,75.05522706316026,30.269769885081928
179167,104.86,74.59056572612883,30.269434884222733
9569,117.899,87.64049030174573,30.258511773449584
58041,77.28,47.05703520932854,30.222963569968336
137040,151.99,121.77975418745667,30.210251305707388
180806,450.25,420.0418057164399,30.20819428356009
39143,67.0,36.79638489404596,30.203615105954043
39143,67.0,36.79638489404596,30.203615105954043
102774,117.4,87.20070512729781,30.199296398581097
175618,365.458,335.26393622282785,30.19407158967215
27889,168.423,138.23624714605003,30.186757004340592
77844,117.73,87.54997850088311,30.18002485605048
262156,304.68,274.5210589133958,30.15893376238546
205472,398.97,368.8126989194217,30.157302301281447
187174,382.569,352.41482775024036,30.154172493900262
17262,73.69,43.544754865063304,30.145247576342946
69300,67.14,37.01725278198721,30.122746607661227
43992,275.19,245.07974080121127,30.110261640194977
23903,67.252,37.16730312616275,30.084695775204437
27926,99.5173,69.43858683946416,30.07871662733271
85623,101.0,70.96031609100551,30.03968390899449
74922,90.525,60.530556161654374,29.994445364224532
24867,91.65,61.657707717972905,29.992293807906
50327,78.0,48.03663620557968,29.963363794420317
169290,253.55,223.58796070879634,29.962042342961468
174924,272.0,242.05418410596482,29.945815894035178
93897,371.34,341.40743705984255,29.932559278048075
40000,96.02,66.12854632382484,29.89145031924157
193294,992.61,962.7211891113225,29.888796240240026
58908,89.05,59.19584950328502,29.854153548472794
73044,121.305,91.46740339265335,29.83759691252243
92099,108.0,78.16642602619405,29.833573973805954
4071,107.7,77.86951697258688,29.830479975655308
101262,170.59,140.76445811348955,29.825538224401072
166514,146.325,116.516837538662,29.808159409580185
16726,96.241,66.45064065067227,29.790356663780855
104294,186.47,156.69534208539181,29.77465913531131
61756,103.0,73.23098679483137,29.769013205168633
68693,318.1,288.3336933551416,29.766312748374048
204029,443.475,413.7131442719543,29.761861831561305
103200,373.66,343.91486905530076,29.74513460680862
72800,105.58,75.8490683537759,29.730933477278782
180000,149.59,119.86262140486672,29.72737493302391
28862,103.04,73.31426962211711,29.725731293410234
68693,318.05,288.3336933551416,29.716294437827173
113580,152.75,123.04470541110781,29.705294588892187
103924,163.0,133.3234116640171,29.6765883359829
270413,258.5,228.8302432918739,29.6697567081261
103800,102.37,72.70178334957741,29.66821939700462
57334,85.0,55.33863273027409,29.661367269725908
35241,77.9,48.26008187050891,29.639919655369994
71994,77.151,47.53316412692653,29.61783684963597
113589,88.8,59.19418965342551,29.6058133983323
3267,59.62,30.0276103070647,29.592388624820067
97838,506.0,476.4430724593413,29.556927540658705
64153,83.3,53.75432503284644,29.545678018911374
85164,91.674,62.12982568518678,29.54417791588744
180625,204.075,174.55966251261353,29.51533443562866
157933,285.45,255.94139935814349,29.508612848887765
99325,192.57,163.07313549076477,29.49687183345398
49990,205.983,176.4937967038835,29.48920500510087
23153,42.2,12.71664711544531,29.48335364749414
102856,136.06,106.60952837424533,29.45046918434842
33012,84.25,54.84626325842555,29.40373674157445
179559,562.47,533.0834721915626,29.386498511562422
142672,141.637,112.2596150432741,29.37737836492903
240026,194.6,165.23582793875096,29.364178164764667
36387,85.72,56.377284493942646,29.34271672676048
117054,124.996,95.68483085440359,29.31117134286204
177216,560.0,530.6950493438038,29.304950656196183
38173,55.0,25.695686881340507,29.304313118659493
103800,102.0,72.70178334957741,29.29821665042259
15960,70.26,40.96884071320915,29.29116142302132
27926,98.6982,69.43858683946416,29.259609571668648
60606,202.44,173.18415925996723,29.25584318143902
44203,50.78,21.526089239269243,29.25390954002763
104667,112.917,83.67276039191054,29.244239424983988
182500,216.48,187.2399092969563,29.24008643058275
28862,102.55,73.31426962211711,29.235733429640703
94175,392.538,363.3058689234733,29.2321254612923
45098,135.01,105.77823373673182,29.231760770104117
121062,96.7,67.47481075878693,29.225186189455258
41617,192.482,163.2785538961119,29.20344073279435
77844,116.74,87.54997850088311,29.190019362886417
75900,183.49,154.31126786882737,29.17873762433669
181805,485.0,455.8272082897085,29.172791710291506
131797,77.9,48.735275697307706,29.1647258285712
60606,202.339,173.18415925996723,29.15484525663433
56388,102.081,72.92864052983418,29.152360751904098
129344,499.8,470.65029561871523,29.149692174253516
86167,74.0,44.85891121731448,29.14108878268552
75929,498.75,469.61170027226115,29.138299727738854
356000,186.48,157.35920943052133,29.12078629701773
273234,928.75,899.6352102204693,29.114789779530724
68146,213.2,184.10223428377452,29.097762664467666
16098,49.68,20.596398209423327,29.083602095752454
19823,151.083,122.00064198061145,29.08235057309949
87131,147.569,118.50223802419774,29.066762219942888
428647,1389.0,1359.9465007974802,29.053499202519788
111530,182.825,153.77331856306316,29.05167838517903
71248,224.61,195.568207269302,29.041793341049555
49589,95.4,66.3610478812438,29.0389536446351
237518,1062.75,1033.7266117966929,29.02338820330715
141461,516.249,487.2384668581306,29.010556579369393
287419,155.999,127.00076750364413,28.998225416277748
287419,155.996,127.00076750364413,28.995234693621498
5258,122.68,93.69021088726765,28.989789417908128
66532,70.3,41.313494841216816,28.986508210540997
113580,152.0,123.04470541110781,28.955294588892187
119509,114.0,85.0602844463126,28.939715553687407
76153,114.625,85.70283980466698,28.92216019533302
150294,280.65,251.74743543960705,28.90255845687733
69400,120.41,91.51270432346128,28.897299338648097
60000,125.0,96.11445481885559,28.88554518114441
23903,66.05,37.16730312616275,28.882699925595062
10779,81.3612,52.50951464063677,28.851683784656196
87976,180.0,151.16459916034785,28.835400839652152
49990,205.317,176.4937967038835,28.823204638889933
1843,44.22,15.416914021785947,28.803087198917176
64560,199.08,170.2860568948832,28.7939449361715
157933,284.725,255.94139935814349,28.78360674537214
381221,533.801,505.0185808444137,28.78244454621131
59400,88.32,59.55704682367732,28.7629528711469
91629,94.0,65.24804076016954,28.751959239830455
76537,124.699,95.97464713582077,28.72435036173782
47954,77.75,49.02727559162675,28.722724408373253
8637,81.65,52.93587688508586,28.714124640793045
66200,130.65,101.95519577413693,28.69479812234745
16576,76.54,47.84645721998391,28.693543695543433
30171,55.0225,26.331996075902747,28.69050300856991
38500,149.71,121.02185886998761,28.688147843879577
63771,92.475,63.791281292321955,28.68371718179914
216050,251.0,222.36267831293594,28.63732168706406
66900,117.49,88.88360894660983,28.606388917159705
68030,101.0,72.39935889790297,28.60064110209703
53303,453.775,425.19307893756763,28.58191495891674
27600,76.45,47.8713062735063,28.57869067473589
57189,55.9,27.325558905161923,28.574442620716983
85732,204.899,176.32713159648773,28.57187047870758
64153,82.3,53.75432503284644,28.545678018911374
35354,86.0313,57.51138903515408,28.519914370607637
47934,159.925,131.41217723766079,28.512825814097027
31300,72.0,43.48990293064921,28.510097069350792
120694,426.24,397.73046325465265,28.509526979722352
144000,94.66,66.1521936565581,28.507810005551278
282152,223.0,194.49510441076836,28.504895589231637
62200,98.26,69.76159670313844,28.49840543309203
117054,124.171,95.68483085440359,28.48616676522532
66203,135.608,107.12973699866703,28.478264710317347
61204,146.0,117.53228329946366,28.467716700536343
58703,105.222,76.76906599693291,28.452934125137403
26187,127.22,98.76715630555593,28.452844915147196
53077,59.457,31.008180533962054,28.44882019845982
41861,68.3333,39.88969071725503,28.44360701223716
168791,103.475,75.05522706316026,28.419771410960834
240026,193.65,165.23582793875096,28.414165957733417
387638,91.1218,62.709790158800075,28.41201312489133
143093,187.96,159.5636615206117,28.396345193255485
23903,65.556,37.16730312616275,28.388696629696625
65000,124.81,96.43054910446315,28.379448454130596
155100,208.72,180.34137910352257,28.378622117180555
20110,63.24,34.873700489292,28.3663011891748
99541,122.575,94.22317074570154,28.35182620254065
35241,76.61,48.26008187050891,28.34991873984265
87976,179.5,151.16459916034785,28.335400839652152
61274,232.951,204.63283170248116,28.318172325839157
151900,147.5,119.18625202672861,28.31374797327139
51999,86.74,58.42967347012043,28.310324393649104
16802,193.6,165.29263217265924,28.307373930856386
293990,443.185,414.8798689370292,28.305128621564563
72800,104.14,75.8490683537759,28.290931035872532
15000,56.51,28.223181404049452,28.28681691748375
115788,279.928,251.64614657717954,28.28186245602359
99541,122.5,94.22317074570154,28.276829254298463
88480,162.498,134.2215673236592,28.27643377497361
376507,231.49,203.21563190985316,28.274373583310904
193723,192.0,163.727659602302,28.272340397698002
15913,64.83,36.58207433605272,28.247927495001967
105000,261.25,233.0179597824745,28.23204021752551
16682,131.75,103.52036271973347,28.22963728026653
46007,112.73,84.50351098457345,28.22649237236014
40142,224.167,195.9503806263049,28.216626819984157
230747,134.0,105.7891132541025,28.210886745897497
8000,48.1205,19.91876652518705,28.201732132039513
288800,662.52,634.3435119042247,28.17650762702533
82200,76.25,48.07762212813821,28.17237787186179
46204,125.27,97.10717844999947,28.16281819306694
73277,192.0,163.85076775230544,28.149232247694556
3267,58.13,30.0276103070647,28.102390761050536
82035,120.275,92.18044556894263,28.094555956936276
122122,333.0,304.9177275269143,28.08227247308571
428647,1388.0,1359.9465007974802,28.053499202519788
9569,115.691,87.64049030174573,28.050511590344115
118858,473.14,445.0934769183514,28.046537730086072
7133,59.45,31.410553472373927,28.039447290565526
64723,86.0,57.96190658833145,28.038093411668548
56388,100.943,72.92864052983418,28.014360263622848
54172,99.0,71.0443150955931,27.955684904406894
99541,122.175,94.22317074570154,27.951832306056275
819577,1595.76,1567.879015226122,27.880994539503035
180000,147.74,119.86262140486672,27.877384088297347
18860,94.7394,66.87815498933773,27.861247781658363
3545,50.17,22.312161046531102,27.85783712241421
49553,132.75,104.94885987553057,27.801140124469427
167055,136.04,108.24857773041703,27.791415555715787
82670,174.96,147.17730547335685,27.782701240510335
57811,83.0,55.23225460989034,27.76774539010966
108392,119.0,91.23442179468206,27.765578205317937
99541,121.975,94.22317074570154,27.751827728419556
118966,150.49,122.76227916901412,27.72772632414994
42028,55.017,27.303172086076124,27.7138262049395
33713,61.16,33.45316372213457,27.70683612527754
189425,215.25,187.55360453964565,27.696395460354353
68701,76.17,48.484194702905036,27.685803466040277
57334,83.0,55.33863273027409,27.661367269725908
199037,265.575,237.9264228507778,27.64858935625344
133072,137.872,110.23620267791098,27.635791340643706
200442,673.0,645.3766118020225,27.623388197977533
83141,126.15,98.55372316030497,27.596278365573937
3877,50.93,23.342552253938575,27.587448051237207
46484,137.68,110.11349258468039,27.566500091100863
160673,511.7,484.13695989998547,27.56305230704578
97838,504.0,476.4430724593413,27.556927540658705
57436,78.3,50.76909114129893,27.530911910458883
82035,119.7,92.18044556894263,27.519551379299557
27889,165.748,138.23624714605003,27.51175395258278
28693,62.375,34.874071736258344,27.500928263741656
12761,72.53,45.050694106897524,27.47930467239935
83155,88.262,60.78507835381667,27.476922683780984
130794,138.5,111.03177508704026,27.46822491295974
19823,149.458,122.00064198061145,27.45735057309949
204998,407.055,379.6055414834429,27.44945119233836
53860,99.3691,71.93530689627042,27.433795581756925
245637,254.0,226.5695228239282,27.430477176071804
56569,56.904,29.47818356152074,27.42581576709254
92994,70.751,43.33380164814044,27.417197802543157
102856,134.02,106.60952837424533,27.41047589821561
43681,171.07,143.66093006200165,27.409077262217096
96612,109.0,81.61712504039397,27.382874959606028
180625,201.925,174.55966251261353,27.365340539144285
143228,899.0,871.6615900076947,27.338409992305287
17220,70.4583,43.124059381666974,27.334238347825213
233937,331.0,303.6943419529466,27.305658047053385
254766,331.36,304.0705613478686,27.28942400369391
47984,114.38,87.09741906155259,27.282578191865383
88480,161.497,134.2215673236592,27.275426694895486
252268,232.0,204.73899906454778,27.261000935452216
75929,496.867,469.61170027226115,27.255304122270104
57394,110.322,83.09365588914075,27.228342707050658
104667,110.9,83.67276039191054,27.227241133968363
47954,76.25,49.02727559162675,27.222724408373253
31316,49.875,22.667616655478536,27.207383344521464
75000,107.0,79.79379303597848,27.20620696402152
39143,64.0,36.79638489404596,27.203615105954043
40311,119.425,92.24145408899639,27.18354896276142
17709,58.21,31.064765207702916,27.14523387676974
29916,85.74,58.61776458479062,27.12223327897891
262162,459.0,431.9043002382602,27.09569976173981
262162,459.0,431.9043002382602,27.09569976173981
101262,167.85,140.76445811348955,27.085547990026072
68211,194.0,166.92017581058727,27.079824189412733
98829,136.02,108.94827957708048,27.071724695380453
21168,57.625,30.55925140608615,27.06574859391385
46204,124.168,97.10717844999947,27.06082081757866
29916,85.67,58.61776458479062,27.052233584154692
63900,106.29,79.23777226772354,27.0522286478038
157545,209.067,182.01542427431616,27.051577068457277
45305,104.097,77.05402755879665,27.042972563273665
123612,246.025,219.01841243460865,27.006581461875726
24618,70.54,43.54802433598073,26.991976579546616
15250,96.241,69.25336727592274,26.987630038530384
18432,58.1,31.118931138238125,26.98106733588297
11910,48.426,21.445607696691635,26.980390991052506
174924,269.0,242.05418410596482,26.945815894035178
24251,44.2,17.26671278792485,26.933287975014604
121585,239.462,212.53967083963707,26.922334775597307
173479,102.5,75.63062652128431,26.869373478715687
62800,152.27,125.41469576714209,26.855308505318845
106523,322.168,295.31966741302153,26.84833185455659
6400,60.83,33.986208185075256,26.84379364597943
171084,457.916,431.1147095639468,26.80127554347507
33012,81.625,54.84626325842555,26.77873674157445
41861,66.6667,39.88969071725503,26.777011553252784
16682,130.292,103.52036271973347,26.771644726555593
229973,414.0,387.22993546013765,26.770064539862346
229973,414.0,387.22993546013765,26.770064539862346
61756,100.0,73.23098679483137,26.769013205168633
57673,67.0774,40.334680482270954,26.742719725248577
199722,230.669,203.93255756137344,26.736448786282807
150393,293.118,266.3872817571869,26.73072971742249
180000,146.58,119.86262140486672,26.717380426187972
16411,85.44,58.722898878588495,26.717103562817755
16411,85.44,58.722898878588495,26.717103562817755
16411,85.44,58.722898878588495,26.717103562817755
144086,83.68,56.97404150683351,26.705958798342273
387638,89.4154,62.709790158800075,26.705607485242894
47934,158.1,131.41217723766079,26.68782886585484
128126,552.6,525.9228669774627,26.677108608474782
84365,113.551,86.9117012043595,26.639301298081904
103800,99.33,72.70178334957741,26.628218481477276
102957,118.9,92.28592317149574,26.614078354383167
76537,122.582,95.97464713582077,26.6073535966011
5258,120.29,93.69021088726765,26.59979002825969
45224,99.91,73.32295407489268,26.587049587216697
102856,133.19,106.60952837424533,26.58047406716092
147205,143.0,116.42536445396028,26.574635546039715
98125,205.575,179.00676345667947,26.568233491562722
121146,90.5,63.937883424472915,26.562116575527085
155682,152.52,125.95948568358907,26.560518588871872
487433,109.21,82.6511249021135,26.558874182359162
122592,295.17,268.61191640810665,26.558097019627724
76537,122.485,95.97464713582077,26.51035347453079
96124,210.59,184.13046255271308,26.45953378517754
149762,899.9,873.4518663680286,26.448158046033882
84615,96.825,70.38060445697676,26.444392491265432
52141,108.386,81.9438004329225,26.44220115399156
12500,577.0,550.562741293759,26.437258706240982
56995,287.344,260.90920928900937,26.434784851615632
19446,88.0,61.575486210799156,26.424513789200844
70040,108.479,82.08388411923272,26.395112157622748
62242,136.0,109.60821651990702,26.391783480092982
64743,168.82,142.47266701093585,26.3473403132829
72800,102.17,75.8490683537759,26.320929815169407
168791,101.375,75.05522706316026,26.31977293683974
44789,79.25,52.93830439446674,26.31169560553326
68693,314.625,288.3336933551416,26.291306644858423
60086,112.37,86.08153731823951,26.28846542834252
42731,312.067,285.8014530234961,26.26553306048828
123612,245.275,219.01841243460865,26.256581461875726
86323,104.0,77.74988560464969,26.25011439535031
64560,196.52,170.2860568948832,26.23394737757775
62279,98.0762,71.84595430030758,26.230248092270543
49990,202.717,176.4937967038835,26.22319853537431
89315,54.07,27.85605975612943,26.21393993869479
75000,106.0,79.79379303597848,26.20620696402152
37917,77.75,51.566530785654486,26.183469214345514
74584,87.497,61.327028696652015,26.169972951297204
12660,65.74,39.57521915142756,26.16477871234197
38500,147.18,121.02185886998761,26.15813380579364
23803,98.66,72.51044761749381,26.149556044615565
143093,185.7,159.5636615206117,26.136335427630485
76537,122.108,95.97464713582077,26.1333545731636
53000,107.54,81.41279764632372,26.12720326920362
38319,66.3,40.176175635019455,26.123827416738358
53077,57.127,31.008180533962054,26.118818367405133
20110,60.99,34.873700489292,26.1163011891748
105500,124.05,97.93455912021871,26.115443931539104
17709,57.18,31.064765207702916,26.115235097472866
66532,67.4,41.313494841216816,26.08650668466209
122122,331.0,304.9177275269143,26.08227247308571
43992,271.16,245.07974080121127,26.080262860898102
50020,57.0,30.92727077113561,26.07272922886439
126045,78.5,52.449307087897715,26.050692912102285
43000,62.51,36.48892836439465,26.02106995713855
70837,216.65,190.64544667279523,26.004547223689144
86465,182.0,156.01211916823806,25.98788083176194
204349,466.24,440.2521419065407,25.987848327834286
131710,222.51,196.5228638995413,25.98713060729463
14842,52.55,26.578414926634537,25.97158431042601
37917,77.5312,51.566530785654486,25.964665808583796
16000,70.62,44.6661144648601,25.95388828172193
481999,153.0,127.05085509300926,25.94914490699074
72958,74.22,48.289918767259365,25.93008245344376
14561,197.0,171.07155959304185,25.928440406958146
77700,97.54,71.61951473544303,25.92048618008431
15786,38.37,12.453619575814807,25.91637935606996
61151,85.15,59.233831400934825,25.91617012494408
294812,325.294,299.38857644367727,25.905429903978984
151637,695.68,669.7913889476829,25.88860372809836
18000,77.75,51.86341238506539,25.886587614934612
83155,86.661,60.78507835381667,25.875924758976296
53860,97.7664,71.93530689627042,25.83109630197177
83400,94.26,68.44088068827044,25.81912144796003
47578,51.261,25.449398313155275,25.811603273758788
40311,118.05,92.24145408899639,25.80854896276142
167055,134.04,108.24857773041703,25.791415555715787
26944,191.117,165.33058499822445,25.786419396306798
66013,97.6295,71.85826474655329,25.77123659622015
7133,57.18,31.410553472373927,25.769446832801854
61756,99.0,73.23098679483137,25.769013205168633
61274,230.381,204.63283170248116,25.748165001620407
287419,152.726,127.00076750364413,25.72523042116056
40142,221.667,195.9503806263049,25.716626819984157
99946,109.724,84.0466326015368,25.6773664219007
74599,157.325,131.64765654544456,25.677340402797626
129532,136.726,111.06161541494338,25.664382509861312
10334,39.47,13.823979355530275,25.646021865172848
58733,74.45,48.83283654061337,25.617160407628816
50577,76.35,50.74940251520265,25.600595958918447
4698,52.0793,26.486744936330428,25.592554990427384
35354,83.0937,57.51138903515408,25.5823075590842
96124,209.71,184.13046255271308,25.579544161154104
24643,89.55,63.979317808113954,25.570685243643858
116854,97.575,72.00819351848972,25.56680342975247
450000,1261.27,1235.7242122358653,25.545807295384748
22101,99.25,73.71617728775752,25.533822712242483
14524,32.2503,6.719791612028279,25.530509749055707
177708,189.0,163.50905549379706,25.490944506202936
13469,56.0,30.512954925353924,25.487045074646076
100328,135.366,109.90484107167478,25.461156242778344
23112,46.1302,20.675739195427685,25.454460236945362
53000,106.86,81.41279764632372,25.447202964027838
54207,67.0,41.56400090084381,25.43599909915619
116186,307.433,282.02003694459665,25.41297697141897
120836,699.233,673.8223967752388,25.410574416167492
58157,64.4825,39.07753128055004,25.404966888395272
73044,116.816,91.46740339265335,25.34859849943649
56995,286.219,260.90920928900937,25.309784851615632
105500,123.22,97.93455912021871,25.285442100484417
193723,189.0,163.727659602302,25.272340397698002
51020,46.8675,21.598060232030413,25.26944007314537
49388,46.25,20.995934890761713,25.254065109238287
36562,122.79,97.54477160197824,25.245229313549103
36180,298.5,273.2553258757108,25.24467412428919
93608,79.25,54.00984954428346,25.240150455716538
80325,73.9167,48.67734147540079,25.239360795107025
102429,70.5,45.26281079805393,25.237189201946073
31346,71.95,46.73765490910653,25.212342039135656
387638,87.9138,62.709790158800075,25.204012941785862
27926,94.6028,69.43858683946416,25.164211622449898
122122,330.0,304.9177275269143,25.08227247308571
130067,258.0,232.91878450263349,25.081215497366514
23055,85.11,60.059211520332674,25.05078909001889
45224,98.37,73.32295407489268,25.047048671689353
5769,38.1,13.06112732257264,25.038871151548456
77844,112.57,87.54997850088311,25.020021193941105
53077,56.018,31.008180533962054,25.00982102243443
93420,75.5,50.50728214850463,24.99271785149537
29775,211.6,186.63343886940194,24.966567234113683
10334,38.79,13.823979355530275,24.966021559997067
86375,213.09,188.13447896477538,24.955517373115242
481999,152.0,127.05085509300926,24.94914490699074
64743,167.389,142.47266701093585,24.916340557423524
49384,79.8,54.89910428621494,24.90089876554287
71088,160.0,135.09937514591948,24.90062485408052
71088,160.0,135.09937514591948,24.90062485408052
62242,134.5,109.60821651990702,24.891783480092982
33215,80.671,55.78161488924037,24.889382730388533
150695,929.66,904.7761953101565,24.88377783437477
128536,200.0,175.13262337944073,24.86737662055927
51500,119.48,94.61482908453439,24.8651742723992
35253,136.667,111.81619961357337,24.850807832715688
47578,50.299,25.449398313155275,24.84960147322168
83400,93.28,68.44088068827044,24.839118091026435
16500,108.42,83.5948751998898,24.825122969055514
278795,250.3,225.4772542573112,24.822748794446625
57811,80.0,55.23225460989034,24.76774539010966
91149,578.0,553.2333649124221,24.766635087577924
83660,144.12,119.35749862291706,24.762496494270437
66900,113.63,88.88360894660983,24.746388306808143
112283,66.12,41.38081812860892,24.73918461797311
57394,107.826,83.09365588914075,24.732340509785033
77632,152.0,127.27497983577194,24.725020164228056
90900,189.92,165.19638811422217,24.72361005472314
1760,42.5,17.77692946346299,24.72307053653701
60000,120.833,96.11445481885559,24.718545364249877
89315,52.57,27.85605975612943,24.71393993869479
57100,67.48,42.771477017837995,24.7085263390956
4698,51.192,26.486744936330428,24.70525640644301
4698,51.192,26.486744936330428,24.70525640644301
29916,83.32,58.61776458479062,24.702235110033598
86323,102.44,77.74988560464969,24.69011683675656
65843,58.47,33.78243106238984,24.687570158313285
45548,82.82,58.14312338810224,24.67687630672198
16576,72.52,47.84645721998391,24.673539423082495
113000,124.747,100.07416983469788,24.672831813251335
102856,131.28,106.60952837424533,24.670470405051546
94175,387.975,363.3058689234733,24.6691371800423
66794,78.3195,53.68902530523555,24.630478478944134
51920,115.32,90.69577192860044,24.624227766223783
27318,72.31,47.68922054642174,24.620777012172013
45240,116.132,91.53120554385463,24.600798240325062
10174,45.0,20.42422967790555,24.57577032209445
147205,141.0,116.42536445396028,24.574635546039715
80205,67.322,42.75740428944886,24.56459430674255
26325,43.6202,19.062774038055142,24.5574270727847
97838,501.0,476.4430724593413,24.556927540658705
45224,97.87,73.32295407489268,24.547048671689353
40835,40.325,15.810589915386839,24.514410847552615
46204,121.618,97.10717844999947,24.510817765820846
9838,109.422,84.91373325796245,24.50826381235005
45348,60.5,35.993275975793495,24.506724024206505
37800,87.81,63.31257688081704,24.49742067777671
13469,55.0,30.512954925353924,24.487045074646076
13469,55.0,30.512954925353924,24.487045074646076
76537,120.452,95.97464713582077,24.477356343183132
42755,95.975,71.50197785423241,24.473020619888686
19446,86.0417,61.575486210799156,24.466216059708657
90411,151.383,126.9424267445607,24.440568860908044
87131,142.937,118.50223802419774,24.4347584357632
137522,149.0,124.566979656218,24.433020343782005
21657,75.9007,51.485678818256744,24.415024611919037
166489,137.884,113.48848531554127,24.395517370005606
47275,103.7,79.31726861495288,24.382728333289307
68211,191.3,166.92017581058727,24.379827241170545
17262,67.92,43.544754865063304,24.37524330388201
30160,67.75,43.398355647414725,24.351644352585275
44218,67.8575,43.516435268554595,24.341062900390718
59476,64.466,40.13679066234817,24.32921275562058
387638,87.0264,62.709790158800075,24.31660754627805
65000,120.71,96.43054910446315,24.279449980009502
177281,400.84,376.5889862839994,24.251010053891207
28693,59.125,34.874071736258344,24.250928263741656
66600,89.66,65.40980640194115,24.25019726016822
28760,61.925,37.67608026278639,24.248918974274154
74420,90.75,66.52485936242486,24.225140637575137
48642,55.0,30.7757222115214,24.2242777884786
81576,409.877,385.65867643538155,24.2183377247747
230747,130.0,105.7891132541025,24.210886745897497
41861,64.1,39.88969071725503,24.210307756866065
41861,64.1,39.88969071725503,24.210307756866065
58196,108.679,84.47783244042338,24.201168414068803
122592,292.81,268.61191640810665,24.1980811504871
86120,182.16,157.98160241091173,24.17840125119764
66013,96.0305,71.85826474655329,24.17223757278265
68146,208.256,184.10223428377452,24.15376242032704
44182,91.0,66.86000540657523,24.139994593424774
47500,85.45,61.32285640720736,24.127140541034827
115788,275.772,251.64614657717954,24.12585659664859
95100,126.19,102.09205448865687,24.09794795274938
262162,456.0,431.9043002382602,24.09569976173981
4768,39.3,15.216622657709545,24.083376579351004
20110,58.95,34.873700489292,24.076300273647455
148032,135.4,111.32394582057324,24.07604807591113
60096,83.0,58.925563981466794,24.074436018533206
50020,55.0,30.92727077113561,24.07272922886439
193294,986.79,962.7211891113225,24.068788916021276
187647,271.83,247.79888376222385,24.031102810041773
94175,387.333,363.3058689234733,24.027138889026673
60088,156.989,132.97651905397544,24.0124793591105
17927,52.95,28.943953453402244,24.00604730953721
159384,367.0,343.0014627080198,23.9985372919802
78438,106.75,82.75468417196358,23.995315828036425
82939,110.0,86.00570624019188,23.994293759808116
51999,82.42,58.42967347012043,23.990324698824885
36744,153.58,129.61788150425338,23.962120326801312
83400,92.4,68.44088068827044,23.959120837608467
78550,45.36,21.444047625618218,23.915952984733345
157933,279.85,255.94139935814349,23.90860674537214
194188,234.227,210.35453750199278,23.872467502890032
42129,49.1167,25.24678838682009,23.86991083192991
40835,39.675,15.810589915386839,23.86440932167371
70800,124.44,100.59692575143912,23.843076689967134
21866,45.975,22.151210485259472,23.82378798886162
10743,60.0653,36.26509901856411,23.80020096922886
35354,81.2813,57.51138903515408,23.769914370607637
57811,79.0,55.23225460989034,23.76774539010966
27600,71.63,47.8713062735063,23.75869097991167
118231,156.669,132.91861146658698,23.75039488106927
25000,50.01,26.2894903178711,23.720508003662104
91253,112.3,88.58099801479662,23.719005036961192
103800,96.4,72.70178334957741,23.698218176301495
70040,105.766,82.08388411923272,23.68211472109931
103924,157.0,133.3234116640171,23.6765883359829
4589,44.45,20.789902927443496,23.660097835495957
179559,556.74,533.0834721915626,23.656518042812422
83800,153.24,129.58576344164652,23.654242051517542
74599,155.3,131.64765654544456,23.65234650631325
387638,86.3439,62.709790158800075,23.63411242909055
110800,92.47,68.83913580203387,23.63086541866926
57100,66.39,42.771477017837995,23.618522371810442
63900,102.84,79.23777226772354,23.602224070167082
70800,124.18,100.59692575143912,23.583074553736665
147205,140.0,116.42536445396028,23.574635546039715
147205,140.0,116.42536445396028,23.574635546039715
43094,77.5,53.92936793427608,23.57063206572392
79782,78.791,55.236915331602816,23.55408503460812
73200,141.57,118.01822999378687,23.551777330431875
129707,104.5,80.95997769504783,23.540022304952174
99700,145.8,122.26493246147383,23.53507059028398
71224,93.06,69.53177877239092,23.528218786202828
71100,39.16,15.643239961353343,23.516759886058765
86091,349.75,326.25192767266293,23.49807232733707
5376,37.6773,14.199046997164576,23.478252502347143
179559,556.56,533.0834721915626,23.476525367031172
65913,155.0,131.52865649910893,23.471343500891066
160673,507.6,484.13695989998547,23.463046203530155
12754,47.88,24.418374203055837,23.461626865059397
78438,106.2,82.75468417196358,23.445312776278612
181328,264.0,240.56206754538536,23.43793245461464
24618,66.98,43.54802433598073,23.431979020952866
74180,76.13,52.70538831837568,23.424608935042286
59498,72.0,48.57663055786556,23.423369442134437
87977,77.45,54.03117717693609,23.418819771306097
679614,124.323,100.91892446498059,23.40407358189441
74599,155.05,131.64765654544456,23.40234650631325
35253,135.167,111.81619961357337,23.350807832715688
43955,133.04,109.69021020205719,23.349783084075625
24875,49.72,26.373050955355765,23.34695026534736
59400,82.9,59.55704682367732,23.342954702201588
60088,156.306,132.97651905397544,23.329480701883938
11270,35.0,11.670955286483407,23.329044713516595
16726,89.7567,66.45064065067227,23.306057957726168
4934,54.1667,30.873566240225042,23.293132215585505
144000,89.44,66.1521936565581,23.287808784848153
21866,45.425,22.151210485259472,23.273788751801074
193723,187.0,163.727659602302,23.272340397698002
91253,111.85,88.58099801479662,23.269000459324474
102191,195.459,172.19084799519547,23.268151638593594
117054,118.935,95.68483085440359,23.250166704190164
87673,83.68,60.444331060076365,23.235669245099416
62238,79.66,56.43786576971901,23.222137892390364
83108,77.1,53.925738396402224,23.17426007771887
53234,124.75,101.59823949114269,23.151760508857308
56629,107.75,84.602373841273,23.147626158726993
31346,69.88,46.73765490910653,23.142342344311437
62242,132.75,109.60821651990702,23.141783480092982
204029,436.85,413.7131442719543,23.136861831561305
89315,50.97,27.85605975612943,23.113941464573696
6139,41.65,18.546339444333615,23.10366208154529
262162,455.0,431.9043002382602,23.09569976173981
24875,49.46,26.373050955355765,23.08694812911689
152312,489.79,466.7172848802885,23.072723664633372
43992,268.14,245.07974080121127,23.060273847226227
137046,66.7,43.6419614849979,23.058035463244288
87107,104.22,81.16352436501019,23.056476855692935
45224,96.37,73.32295407489268,23.047048671689353
83155,83.832,60.78507835381667,23.046922378605203
401753,293.4,270.35362210351707,23.046371792967307
16000,67.71,44.6661144648601,23.043884619612555
26372,91.6275,68.58564499375102,23.041857447655232
162549,143.259,120.2215696136214,23.037433071925477
50577,73.775,50.74940251520265,23.02559901067626
73488,165.991,142.97411333186804,23.016883982585085
157545,205.031,182.01542427431616,23.01558158505884
28363,32.4,9.410502620812421,22.989498905066483
36562,120.51,97.54477160197824,22.96523053425223
131797,71.68,48.735275697307706,22.944724607868075
11910,44.39,21.445607696691635,22.944391692956803
40000,89.07,66.12854632382484,22.941453370999383
72102,127.91,104.97293986818634,22.93706379392303
14561,194.0,171.07155959304185,22.928440406958146
24618,66.45,43.54802433598073,22.90197261226146
51020,44.49,21.598060232030413,22.891941446436384
94988,88.93,66.04714714819919,22.882853156976594
62200,92.64,69.76159670313844,22.87840268651
74180,75.56,52.70538831837568,22.854609240218068
29916,81.46,58.61776458479062,22.842234499682036
115288,158.35,135.51306676948488,22.836939334030745
66200,124.79,101.95519577413693,22.83480514139042
29192,71.58,48.76006857294362,22.81993325811107
121146,86.75,63.937883424472915,22.812116575527085
237546,501.739,478.93568516009276,22.80332851178224
57201,109.379,86.58520628039662,22.793791522337756
68030,95.187,72.39935889790297,22.787637562057967
193294,985.5,962.7211891113225,22.778810888677526
64560,193.06,170.2860568948832,22.77394066371056
61204,140.3,117.53228329946366,22.767719752294155
143973,319.09,296.3328540166615,22.75714232122914
33215,78.537,55.78161488924037,22.75538767423619
31635,31.2,8.474713175547556,22.725287587391897
21866,44.875,22.151210485259472,22.723789514740528
72102,127.68,104.97293986818634,22.707060436989437
86250,282.58,259.87633940936547,22.703647162900154
58196,107.16,84.47783244042338,22.68217122168599
93897,364.084,341.40743705984255,22.676577832735575
22101,96.38,73.71617728775752,22.66381996566045
125507,361.2,338.54081004480196,22.659202162229292
101400,129.74,107.08104859584117,22.658956897322895
87187,86.396,63.74561741024058,22.650386312903954
216050,245.0,222.36267831293594,22.63732168706406
35990,209.083,186.44576044651237,22.63723210719857
31283,92.04,69.4308234206956,22.60917749483174
79900,123.482,100.89239257329773,22.589609685003055
24456,125.045,102.49922772539561,22.5457704435497
104016,122.0,99.45519738358038,22.544802616419616
30543,108.52,85.98134994425105,22.538646698815356
83800,152.12,129.58576344164652,22.53423167554098
4698,49.0078,26.486744936330428,22.521056119577775
31300,66.0,43.48990293064921,22.510097069350792
31300,66.0,43.48990293064921,22.510097069350792
272278,483.87,461.36207272183134,22.50792239535616
40451,95.025,72.52081961435991,22.504181911518998
68701,70.9875,48.484194702905036,22.503308348852777
13469,53.0,30.512954925353924,22.487045074646076
35241,70.72,48.26008187050891,22.459919350194212
10932,73.9793,51.52376941730643,22.455532035330286
196043,165.018,142.57311008764637,22.44489528344738
181328,263.0,240.56206754538536,22.43793245461464
137522,147.0,124.566979656218,22.433020343782005
166814,106.15,83.7316363770681,22.418365148810807
22101,96.12,73.71617728775752,22.403825458824514
15000,50.61,28.223181404049452,22.38681920630211
187041,200.625,178.29035800293548,22.334641997064523
83800,151.92,129.58576344164652,22.334234727298792
16052,55.0,32.67135122639709,22.328648773602907
14150,51.9829,29.66640110544615,22.316497606712055
38173,48.0,25.695686881340507,22.304313118659493
36387,78.67,56.377284493942646,22.292713675002666
43400,45.3,23.021419967731944,22.278579269328603
20110,57.15,34.873700489292,22.276301036586908
90411,149.215,126.9424267445607,22.27256959332992
193723,186.0,163.727659602302,22.272340397698002
153299,187.005,164.7466338017977,22.258371081014786
5376,36.4487,14.199046997164576,22.2496529540073
66013,94.0858,71.85826474655329,22.22753542434515
69300,59.24,37.01725278198721,22.222748896479587
56388,95.1481,72.92864052983418,22.21946127680644
56388,95.147,72.92864052983418,22.21836264399394
230747,128.0,105.7891132541025,22.210886745897497
109000,109.07,86.93123716638574,22.138762528438477
80205,64.867,42.75740428944886,22.10959247568786
328760,757.06,734.9606495921611,22.099347966432674
122122,327.0,304.9177275269143,22.08227247308571
60096,81.0,58.925563981466794,22.074436018533206
67377,81.5,59.42687178726045,22.073128212739547
195437,315.596,293.5527209995151,22.04328730126616
68030,94.43,72.39935889790297,22.03064140727281
95717,104.5,82.47235119654046,22.02764880345954
105505,90.51,68.48450060075061,22.02550153547986
29063,58.1,36.07531868926343,22.02467978485766
72709,57.661,35.63741018810328,22.02358910999242
86375,210.15,188.13447896477538,22.015514931708992
57100,64.78,42.771477017837995,22.00852176145888
131797,70.73,48.735275697307706,21.994727659625887
56388,94.9212,72.92864052983418,21.992563083447067
166489,135.478,113.48848531554127,21.989511510630606
187041,200.275,178.29035800293548,21.984635893548898
83108,75.9,53.925738396402224,21.974263129476682
809530,194.65,172.67594423419908,21.974049662285296
59071,78.3101,56.342167889423116,21.96792885129954
74584,83.287,61.327028696652015,21.959973866824548
113000,122.033,100.07416983469788,21.958827296649773
43992,267.03,245.07974080121127,21.950257978085602
481999,149.0,127.05085509300926,21.94914490699074
166814,105.675,83.7316363770681,21.943366674689713
47200,67.61,45.674137719078445,21.935862891273118
14561,193.0,171.07155959304185,21.928440406958146
14561,193.0,171.07155959304185,21.928440406958146
84615,92.3,70.38060445697676,21.919398594781057
11910,43.35,21.445607696691635,21.90439077742946
62205,123.6,101.70138266734581,21.898615806775283
101262,162.64,140.76445811348955,21.875541276158884
53000,103.27,81.41279764632372,21.85719899674268
22334,113.47,91.61699688537199,21.853004335331136
233863,310.05,288.1978690022786,21.852118790690156
143093,181.41,159.5636615206117,21.846342141497672
17709,52.9,31.064765207702916,21.83523631817599
160038,113.5,91.67178586365603,21.828214136343973
10932,73.3513,51.52376941730643,21.827533683279505
139683,867.0,845.1931430367855,21.8068569632145
83957,206.475,184.6765721598071,21.798433943708517
94988,87.844,66.04714714819919,21.796854621820344
44203,43.32,21.526089239269243,21.793910455554975
83155,82.578,60.78507835381667,21.792924575870828
23153,34.5,12.71664711544531,21.783352884554688
93764,62.8,41.03982342026941,21.76017581679114
98125,200.75,179.00676345667947,21.743236543320535
148829,221.89,200.15346486354,21.736534526108443
31233,46.0,24.265573110267272,21.734426889732728
57436,72.5,50.76909114129893,21.73090885870107
345837,204.29,182.5676391433908,21.722354142742006
102191,193.911,172.19084799519547,21.72014748820297
78002,91.0,69.28606645041513,21.713933549584866
51483,50.0,28.29415681686065,21.70584318313935
33713,55.12,33.45316372213457,21.666835209750197
6139,40.2,18.546339444333615,21.653661318605838
90900,186.85,165.19638811422217,21.65361798929345
39541,45.83,24.176901575028438,21.65310025602625
182943,641.899,620.2518894061445,21.647097410261722
71421,121.47,99.82992526136076,21.64007595934237
62800,147.05,125.41469576714209,21.63530728461572
150673,170.56,148.92755080784673,21.63244675074702
84300,117.48,95.86388601390425,21.616117343029345
51020,43.2125,21.598060232030413,21.614441293848493
16098,42.2,20.596398209423327,21.603602553516126
50577,72.35,50.74940251520265,21.600595958918447
243072,454.55,432.9709513137315,21.57903647923723
42755,93.075,71.50197785423241,21.57301909400978
50020,52.5,30.92727077113561,21.57272922886439
50020,52.5,30.92727077113561,21.57272922886439
16682,125.083,103.52036271973347,21.562637463372
492898,444.0,422.440029221261,21.559970778739
46007,106.04,84.50351098457345,21.53648993095389
99946,105.57,84.0466326015368,21.52336709328742
130577,255.0,233.49150605663831,21.508493943361685
16802,186.8,165.29263217265924,21.507370879098573
187174,373.921,352.41482775024036,21.506162239994012
75929,491.117,469.61170027226115,21.505304122270104
27995,57.2005,35.69987448207459,21.50062600620666
62238,77.93,56.43786576971901,21.49213453545677
13469,52.0,30.512954925353924,21.487045074646076
345837,204.05,182.5676391433908,21.482363908367006
15000,49.69,28.223181404049452,21.466817222659532
42942,179.625,158.16776754912098,21.45723245087902
144086,78.43,56.97404150683351,21.455958798342273
487433,104.09,82.6511249021135,21.43887143577713
156483,557.089,535.6525644701712,21.436424787641272
30171,47.7575,26.331996075902747,21.42550361892147
50493,51.5025,30.09239810014734,21.410100526561646
44182,88.25,66.86000540657523,21.389994593424774
68211,188.3,166.92017581058727,21.379827241170545
60086,107.46,86.08153731823951,21.378461766233144
28862,94.67,73.31426962211711,21.355728546828203
53077,52.305,31.008180533962054,21.296819771213727
56388,94.2177,72.92864052983418,21.289056613720504
148829,221.43,200.15346486354,21.276527812241255
103718,78.0,56.74533600341981,21.25466399658019
86959,51.962,30.711554953942787,21.250446846594322
17190,30.1,8.862108681057567,21.23789170041216
47200,66.91,45.674137719078445,21.23586594303093
11274,44.56,23.325137335591627,21.23486403769939
51778,56.0,34.780823601984224,21.219176398015776
230747,127.0,105.7891132541025,21.210886745897497
7043,75.3546,54.159659748202486,21.19493925082095
57673,61.5,40.334680482270954,21.165319517729046
117814,87.3,66.13522308584638,21.164779965911436
19000,49.5,28.360372671680704,21.139627328319296
182943,641.375,620.2518894061445,21.123110593855472
46484,131.23,110.11349258468039,21.116503142858676
10334,34.94,13.823979355530275,21.116019271178708
2347,36.72,15.605713256051875,21.11428796465125
99700,143.36,122.26493246147383,21.09506814887773
53077,52.091,31.008180533962054,21.08281906930943
60096,80.0,58.925563981466794,21.074436018533206
50020,52.0,30.92727077113561,21.07272922886439
77844,108.61,87.54997850088311,21.06002210946845
90635,209.61,188.57160995302846,21.038390657323106
79900,121.929,100.89239257329773,21.03660828119446
85164,83.166,62.12982568518678,21.036174681024157
52141,102.949,81.9438004329225,21.005197064636093
163959,162.77,141.79413811125335,20.97586616120759
60582,122.493,101.52096315039131,20.972033065429002
233341,218.0,197.0319609342693,20.968039065730693
123612,239.975,219.01841243460865,20.956593668906976
45240,112.467,91.53120554385463,20.93579732479772
69799,109.0,88.07081811126567,20.929181888734334
14561,192.0,171.07155959304185,20.928440406958146
16726,87.3677,66.45064065067227,20.917058018761324
139113,105.4,84.50359798919082,20.896403536688084
27889,159.115,138.23624714605003,20.87875834711403
149762,894.325,873.4518663680286,20.873145839002632
77844,108.41,87.54997850088311,20.86002516122626
96929,56.3,35.453775503813034,20.846223733247513
144000,86.99,66.1521936565581,20.837804207211434
129664,285.2,264.364248823844,20.83576338318727
35354,78.3438,57.51138903515408,20.832414370607637
37083,57.13,36.306878097871945,20.82312297024329
4698,47.3014,26.486744936330428,20.814654294626603
83800,150.39,129.58576344164652,20.804235948001917
218024,208.0,187.21198291919106,20.78801708080894
47200,66.45,45.674137719078445,20.775859229163743
204349,461.0,440.2521419065407,20.747858093459286
214505,808.35,787.6107948569525,20.739180728985048
51622,124.81,104.07337745429024,20.736620104303512
34455,263.0,242.2703701992794,20.729629800720602
38500,141.73,121.02185886998761,20.70813685755145
51483,49.0,28.29415681686065,20.70584318313935
64583,170.39,149.69151407222267,20.698485317425764
47200,66.37,45.674137719078445,20.695865027503586
58157,59.7675,39.07753128055004,20.689970550504647
26372,89.2325,68.58564499375102,20.646853175194295
50000,84.53,63.88725651604469,20.642742263252188
25463,59.194,38.554577827050835,20.63942241708979
152559,318.0,297.36405343594816,20.635946564051835
64749,63.0,42.372002228249336,20.627997771750664
66013,92.4797,71.85826474655329,20.621433434599055
49492,45.4,24.794361941564418,20.60563958431449
875000,1500.38,1479.7770206063994,20.602984276413054
111304,125.2,104.60904396287314,20.590952985369043
47200,66.25,45.674137719078445,20.575862280921555
60000,116.667,96.11445481885559,20.55254499803894
199628,323.0,302.45769409681424,20.542305903185763
129707,101.5,80.95997769504783,20.540022304952174
95717,103.01,82.47235119654046,20.53765093969001
22101,94.25,73.71617728775752,20.533822712242483
148101,175.12,154.5936055795324,20.526389537655092
94175,383.825,363.3058689234733,20.519143283557923
62200,90.25,69.76159670313844,20.488403296861563
30000,38.89,18.401750384897426,20.48824900475101
74420,87.0,66.52485936242486,20.475140637575137
65907,108.77,88.30872612779567,20.46127051527074
113000,120.528,100.07416983469788,20.453830043231804
77700,92.06,71.61951473544303,20.440482823150717
33215,76.217,55.78161488924037,20.43538797941197
71936,85.368,64.93459992623426,20.433396289586057
350000,350.65,330.21671316976483,20.433280726719545
29063,56.5,36.07531868926343,20.424681310736567
28826,29.9,9.479857796871315,20.42014182165896
87200,211.0,190.6397543469163,20.360245653083695
4071,98.225,77.86951697258688,20.355481501534214
83919,83.0,62.65477586357784,20.34522413642216
40085,70.8575,50.522949634775095,20.334548534170217
8637,73.27,52.93587688508586,20.334119757980545
83660,139.69,119.35749862291706,20.332503818489187
160038,112.0,91.67178586365603,20.328214136343973
8637,73.26,52.93587688508586,20.324125251144608
120566,71.7,51.38596578106557,20.314031167176616
56388,93.2286,72.92864052983418,20.29995901850566
57673,60.625,40.334680482270954,20.290319517729046
50577,71.025,50.74940251520265,20.27559901067626
23903,57.41,37.16730312616275,20.24269672124936
116186,302.25,282.02003694459665,20.229963055403346
16805,200.916,180.68919269832466,20.226807667886277
93313,77.5,57.281569807338386,20.218430192661614
230747,126.0,105.7891132541025,20.210886745897497
60582,121.706,101.52096315039131,20.18503813134697
70837,210.83,190.64544667279523,20.184555158259457
181805,476.0,455.8272082897085,20.172791710291506
22101,93.88,73.71617728775752,20.16381996566045
15879,39.1667,19.004714146124897,20.16198430968565
83155,80.939,60.78507835381667,20.153924636905984
229000,409.62,389.49417768129007,20.12581743589743
31635,28.6,8.474713175547556,20.12528720592217
43681,163.78,143.66093006200165,20.11906871729522
120566,71.5,51.38596578106557,20.114034218934428
4038,36.6125,16.50098387227743,20.111515364783116
389641,147.0,126.89749329657388,20.102506703426116
305268,138.083,117.98425630868269,20.09873624502825
6139,38.64,18.546339444333615,20.093659945314823
23903,57.241,37.16730312616275,20.07369800298764
50020,51.0,30.92727077113561,20.07272922886439
62238,76.51,56.43786576971901,20.072136366511458
25866,26.7,6.6411748549670415,20.058825907972412
34171,58.38,38.35095066376559,20.029050404349647
33012,74.875,54.84626325842555,20.02873674157445
60086,106.1,86.08153731823951,20.01846115588158
27995,55.7148,35.69987448207459,20.014927306255487
50327,68.0,48.03663620557968,19.963363794420317
93500,81.6,61.64521420642434,19.954784267696752
12761,65.0,45.050694106897524,19.949305893102476
69876,212.4,192.45281586928834,19.94717802719603
24345,109.46,89.53394780118853,19.926051283284124
133100,152.653,132.7679573791534,19.8850424987763
64818,98.2333,78.37583279247283,19.85746646289826
144086,76.83,56.97404150683351,19.85596032422118
14519,45.31,25.455705174679938,19.854296198611078
345837,202.41,182.5676391433908,19.84236451871857
10779,72.3514,52.50951464063677,19.84188764207807
23112,40.5,20.675739195427685,19.824260804572315
3569,37.0801,17.284484426073554,19.79561658711004
47275,99.1,79.31726861495288,19.782729859168214
103200,363.69,343.91486905530076,19.775133386105495
21866,41.9,22.151210485259472,19.748791040619434
86465,175.75,156.01211916823806,19.73788083176194
77700,91.35,71.61951473544303,19.73048373867806
10334,33.55,13.823979355530275,19.72601988153027
77632,147.0,127.27497983577194,19.725020164228056
91253,108.3,88.58099801479662,19.719005036961192
116854,91.725,72.00819351848972,19.716804955631375
113580,142.75,123.04470541110781,19.705294588892187
111304,124.31,104.60904396287314,19.700953595720605
24979,86.0,66.31226104853744,19.687738951462563
105612,124.95,105.2655535216568,19.68444342658539
62837,268.089,248.40557204283598,19.683417214976515
23153,32.4,12.71664711544531,19.683354410433594
96124,203.79,184.13046255271308,19.65953073341973
200442,665.0,645.3766118020225,19.623388197977533
83155,80.393,60.78507835381667,19.607919387882546
76537,115.578,95.97464713582077,19.603355793866726
237704,208.064,188.4720388998697,19.591956461458437
60086,105.67,86.08153731823951,19.5884608507058
89456,159.0,139.4143177820109,19.585682217989103
105612,124.85,105.2655535216568,19.584444952464295
3877,42.92,23.342552253938575,19.577445915006738
26507,78.7917,59.21928039186098,19.572421878646836
10779,72.0784,52.50951464063677,19.568885017566352
46037,41.209,21.662840437628937,19.546159196160126
199628,322.0,302.45769409681424,19.542305903185763
66585,30.0,10.459923829203898,19.5400761707961
53000,100.95,81.41279764632372,19.537199301918463
41297,78.75,59.24677340909979,19.503226590900212
6010,57.34,37.844072382036856,19.495927770551035
91253,108.075,88.58099801479662,19.493998933445567
13469,50.0,30.512954925353924,19.487045074646076
112956,109.86,90.37873685394825,19.481263756403308
166514,135.975,116.516837538662,19.458168564853622
59498,68.0,48.57663055786556,19.423369442134437
13091,59.368,39.96700182082713,19.40099820969045
23871,42.0,22.602140105561915,19.397859894438085
162549,139.6,120.2215696136214,19.378436489894227
89858,79.873,60.5010461969114,19.37195490172141
179167,93.95,74.59056572612883,19.359431222113358
180000,139.21,119.86262140486672,19.347385309000472
16000,64.01,44.6661144648601,19.343887671370368
79900,120.23,100.89239257329773,19.337610783635867
15786,31.79,12.453619575814807,19.33638133971254
11270,31.0,11.670955286483407,19.329044713516595
84346,100.0,80.68991739838278,19.310082601617225
204349,459.56,440.2521419065407,19.307855652053036
65907,107.6,88.30872612779567,19.291272346325428
809530,191.96,172.67594423419908,19.28406247966811
111360,148.6,129.3188353434009,19.28117076011472
23903,56.43,37.16730312616275,19.26269717901303
25866,25.9,6.6411748549670415,19.258824763563233
137046,62.9,43.6419614849979,19.258040040881006
49388,40.25,20.995934890761713,19.254065109238287
116854,91.25,72.00819351848972,19.24180648151028
66600,84.65,65.40980640194115,19.240195123937752
71994,66.7665,47.53316412692653,19.233338253444565
6400,53.21,33.986208185075256,19.2237908993974
51778,54.0,34.780823601984224,19.219176398015776
51778,54.0,34.780823601984224,19.219176398015776
91253,107.8,88.58099801479662,19.219005036961192
230747,125.0,105.7891132541025,19.210886745897497
39143,56.0,36.79638489404596,19.203615105954043
74180,71.88,52.70538831837568,19.174608935042286
15913,55.75,36.58207433605272,19.16792566394728
42028,46.465,27.303172086076124,19.161828066511767
93897,360.549,341.40743705984255,19.1415741706262
93608,73.15,54.00984954428346,19.140151981595444
50577,69.875,50.74940251520265,19.125597484797353
18860,86.0026,66.87815498933773,19.124446634197426
149762,892.55,873.4518663680286,19.098121424940132
85732,195.407,176.32713159648773,19.07986608417633
60096,78.0,58.925563981466794,19.074436018533206
129716,509.83,490.75596544221,19.0740211300556
80325,67.75,48.67734147540079,19.072658524599213
143093,178.59,159.5636615206117,19.026334817278922
6010,56.86,37.844072382036856,19.015928228314706
23605,31.7,12.685050390542859,19.014950372396594
5554,34.35,15.338502339912475,19.01149613420862
33167,52.15,33.15101830332779,18.998983222551118
82939,105.0,86.00570624019188,18.994293759808116
58733,67.825,48.83283654061337,18.992160407628816
140345,201.79,182.81018742598226,18.97980586015055
39988,92.648,73.67141670239164,18.97658592212008
13091,58.941,39.96700182082713,18.974000071262715
481999,146.0,127.05085509300926,18.94914490699074
53130,117.742,98.80295451665741,18.93904224847931
261091,263.335,244.39647565772987,18.93851579734826
15250,88.1868,69.25336727592274,18.933430819780384
14561,190.0,171.07155959304185,18.928440406958146
14561,190.0,171.07155959304185,18.928440406958146
72800,94.77,75.8490683537759,18.9209282892905
39649,74.0,55.08275783177581,18.917242168224192
47200,64.59,45.674137719078445,18.91585861881218
102957,111.2,92.28592317149574,18.91407377674645
141461,506.149,487.2384668581306,18.910519958275643
112283,60.28,41.38081812860892,18.899180650687953
168791,93.95,75.05522706316026,18.894769885081928
62242,128.5,109.60821651990702,18.891783480092982
95079,206.55,187.66992448650547,18.880078565252347
78268,79.3,60.43174425444359,18.86825879731422
134748,293.719,274.85263650688063,18.86635763374437
387638,81.5659,62.709790158800075,18.856112551160862
73044,110.323,91.46740339265335,18.855594654221647
70832,162.74,143.88471041364593,18.85529507951813
106511,92.907,74.06120459992707,18.845793080736996
73200,136.86,118.01822999378687,18.841770616564688
19315,52.88,34.038511165160656,18.841489902954578
117054,114.493,95.68483085440359,18.808165361416727
180000,138.67,119.86262140486672,18.807376764078597
50493,48.8725,30.09239810014734,18.780103273143677
57811,74.0,55.23225460989034,18.76774539010966
46007,103.27,84.50351098457345,18.766485658492954
91629,84.0,65.24804076016954,18.751959239830455
37917,70.3125,51.566530785654486,18.745969214345514
29469,62.5908,43.84579213733377,18.745009101679905
29469,62.5908,43.84579213733377,18.745009101679905
555243,465.6,446.860206871798,18.739799231717598
31233,43.0,24.265573110267272,18.734426889732728
62893,48.2,29.47818948660198,18.721811276337473
3267,48.74,30.0276103070647,18.7123913714021
121585,231.24,212.53967083963707,18.700334653526994
62279,90.5404,71.84595430030758,18.694443343735387
56137,61.0,42.3111057578752,18.688894242124803
141461,505.927,487.2384668581306,18.688535094994393
34072,62.0,43.31795448611616,18.682045513883843
76537,114.653,95.97464713582077,18.678352742108913
21866,40.825,22.151210485259472,18.67379027767998
15420,40.84,22.184755093180282,18.65524505940761
20584,87.79,69.140539141848,18.64946177367935
18697,25.625,6.996840298563264,18.628159701436736
15960,59.59,40.96884071320915,18.621159439378744
29192,67.37,48.76006857294362,18.609934173638415
84365,105.516,86.9117012043595,18.60429763597253
80325,67.2667,48.67734147540079,18.58935926922812
89456,158.0,139.4143177820109,18.585682217989103
163959,160.37,141.79413811125335,18.575857005934154
50020,49.5,30.92727077113561,18.57272922886439
25609,71.6605,53.09767337235978,18.562826200394127
26372,87.1425,68.58564499375102,18.55685683730367
57673,58.875,40.334680482270954,18.540319517729046
75650,69.38,50.84006241374371,18.53993483967426
27995,54.229,35.69987448207459,18.529125609478143
37800,81.84,63.31257688081704,18.527419457073584
31635,27.0,8.474713175547556,18.525286824452444
199722,222.448,203.93255756137344,18.515440485501557
29192,67.26,48.76006857294362,18.499933563286852
4698,44.9807,26.486744936330428,18.493956510202775
122592,287.1,268.61191640810665,18.488089695408974
86465,174.5,156.01211916823806,18.48788083176194
64743,160.951,142.47266701093585,18.47833701738446
58041,65.52,47.05703520932854,18.462961433737867
113580,141.5,123.04470541110781,18.455294588892187
99700,140.72,122.26493246147383,18.45506875922929
43007,69.8413,51.39110744937759,18.450193514977876
9813,37.44,18.994625230529206,18.44537339617978
41861,58.3333,39.88969071725503,18.443610826934425
40950,181.87,163.43124028621995,18.438754830967554
563782,625.0,606.5622168709724,18.437783129027594
106440,166.35,147.91245423464196,18.43755186887367
214252,67.0,48.602601422703465,18.397398577296535
214252,67.0,48.602601422703465,18.397398577296535
98125,197.4,179.00676345667947,18.39323043980491
4768,33.6,15.216622657709545,18.38337581641155
44564,105.0,86.620599200529,18.379400799471
237546,497.297,478.93568516009276,18.36131191021974
38500,139.37,121.02185886998761,18.34813624719989
111635,151.22,132.87572876588484,18.34427245481828
56569,47.815,29.47818356152074,18.336815065188244
42214,50.04,31.71200368630765,18.327997229219694
61151,77.56,59.233831400934825,18.326166157658925
110235,259.0,240.67440159613253,18.325598403867474
144900,234.15,215.83014309855787,18.319850797926506
19041,28.1,9.783589393042947,18.31641098842678
12754,42.73,24.418374203055837,18.31162533918049
38173,44.0,25.695686881340507,18.304313118659493
11900,55.77,37.4657365711648,18.304263886598875
66900,107.14,88.88360894660983,18.25639044303861
8837,90.0,71.75459461592263,18.245405384077372
64743,160.713,142.47266701093585,18.240330425587587
86465,174.25,156.01211916823806,18.23788083176194
268480,228.659,210.42514181285284,18.233854769178407
86323,95.97,77.74988560464969,18.220115616053434
16726,84.6375,66.45064065067227,18.186856297569918
45098,123.96,105.77823373673182,18.181765347740836
33215,73.96,55.78161488924037,18.178384195232283
17709,49.24,31.064765207702916,18.17523647076388
35990,204.617,186.44576044651237,18.171243948018883
20110,53.04,34.873700489292,18.166300426235345
94658,74.6,56.442613553712725,18.15738492040837
47007,59.35,41.20119199898918,18.148806475131913
86167,63.0,44.85891121731448,18.14108878268552
44182,85.0,66.86000540657523,18.139994593424774
123612,237.15,219.01841243460865,18.131581461875726
24643,82.1,63.979317808113954,18.12068066600714
173479,93.75,75.63062652128431,18.119373478715687
51500,112.73,94.61482908453439,18.1151742723992
72958,66.39,48.289918767259365,18.100080622389072
51999,76.52,58.42967347012043,18.09032317294598
130067,251.0,232.91878450263349,18.081215497366514
62205,119.77,101.70138266734581,18.068613975720595
10743,54.3318,36.26509901856411,18.06669953490269
112283,59.44,41.38081812860892,18.059180498100062
40311,110.3,92.24145408899639,18.05854896276142
58908,77.25,59.19584950328502,18.054150496714982
63900,97.29,79.23777226772354,18.0522286478038
240026,183.275,165.23582793875096,18.039165957733417
35241,66.28,48.26008187050891,18.019916908787962
42129,43.25,25.24678838682009,18.00321161317991
82939,104.0,86.00570624019188,17.994293759808116
66532,59.3,41.313494841216816,17.98650439584373
150695,922.75,904.7761953101565,17.97380468984352
68701,66.455,48.484194702905036,17.97080712814965
481999,145.0,127.05085509300926,17.94914490699074
12754,42.36,24.418374203055837,17.941626407295725
119509,103.0,85.0602844463126,17.939715553687407
150294,269.675,251.74743543960705,17.927552353361705
54061,93.63,75.70343828630207,17.926558967115895
11900,55.38,37.4657365711648,17.914264496950437
51688,100.75,82.83793987884553,17.912060121154468
48300,83.3333,65.43707293693117,17.896224792561014
8730,27.4,9.523992650585356,17.876006967944917
53000,99.27,81.41279764632372,17.85719899674268
59400,77.4,59.55704682367732,17.842954702201588
387638,80.5421,62.709790158800075,17.832308840223362
123612,236.85,219.01841243460865,17.831593668906976
38319,58.0,40.176175635019455,17.823824364980545
168791,92.85,75.05522706316026,17.794771410960834
77055,105.141,87.3578962899231,17.783102550408927
18860,84.6375,66.87815498933773,17.759341958904457
48881,52.35,34.59207434655215,17.75792412756894
80325,66.4333,48.67734147540079,17.755954728212494
49388,38.75,20.995934890761713,17.754065109238287
91629,83.0,65.24804076016954,17.751959239830455
18432,48.87,31.118931138238125,17.75106779364664
12761,62.8,45.050694106897524,17.749305130163023
51622,121.82,104.07337745429024,17.74662224053398
4698,44.2299,26.486744936330428,17.743155423776994
56569,47.216,29.47818356152074,17.737816041750744
33695,146.125,128.40724356207852,17.71775643792148
128682,75.3,57.58399398001554,17.71600907174227
74180,70.42,52.70538831837568,17.71460985056963
129344,488.35,470.65029561871523,17.69971048480039
86120,175.68,157.98160241091173,17.698390264869516
37107,154.701,137.03620508662948,17.664798941690833
103286,216.03,198.39764755015386,17.632351229143012
72193,132.11,114.48018878073024,17.629811829621318
64749,60.0,42.372002228249336,17.627997771750664
64749,60.0,42.372002228249336,17.627997771750664
202829,177.76,160.13233995148073,17.627654555355207
72332,236.955,219.3387453443446,17.616256486710085
40835,33.425,15.810589915386839,17.61440932167371
36221,38.8,21.18585997247453,17.61413926458602
81881,141.576,123.96557221326145,17.61043181505886
12908,49.8,32.20129789974108,17.59870133731947
92994,60.931,43.33380164814044,17.59719810771894
126045,70.0,52.449307087897715,17.550692912102285
60582,119.069,101.52096315039131,17.548037093749315
72800,93.39,75.8490683537759,17.540931035872532
21600,48.72,31.179455074209844,17.54054614649328
66585,28.0,10.459923829203898,17.5400761707961
133100,150.298,132.7679573791534,17.530046771237238
7133,48.94,31.410553472373927,17.529445154335058
103800,90.21,72.70178334957741,17.508215734895245
38500,138.53,121.02185886998761,17.508139909309264
78550,38.95,21.444047625618218,17.505953137321235
87187,81.243,63.74561741024058,17.497378805579736
46037,39.1485,21.662840437628937,17.485658097527313
46037,39.1485,21.662840437628937,17.485658097527313
95526,155.45,137.96724439431074,17.482752553931448
8730,27.0,9.523992650585356,17.476007349414644
66900,106.34,88.88360894660983,17.4563873912808
34563,29.2,11.754010704382967,17.445990058556486
10932,68.9625,51.52376941730643,17.438732108572474
7675,32.28,14.842830740340098,17.437168038956777
33530,32.905,15.48006783387146,17.424930945425416
23871,40.0,22.602140105561915,17.397859894438085
214252,66.0,48.602601422703465,17.397398577296535
118231,150.313,132.91861146658698,17.39439207345208
557217,80.1,62.70971209493002,17.390286379191075
29916,75.99,58.61776458479062,17.37223327897891
112283,58.74,41.38081812860892,17.359183549857875
5258,111.03,93.69021088726765,17.33978789202922
117814,83.475,66.13522308584638,17.339775388274717
17879,81.2833,63.95125618590682,17.332046121222085
48392,247.087,229.75574595331832,17.33125966191605
58703,94.095,76.76906599693291,17.325935223770216
24586,30.41,13.091220034161422,17.318779813250686
38173,43.0,25.695686881340507,17.304313118659493
94751,96.5,79.19975316201196,17.30024683798804
33713,50.74,33.45316372213457,17.286837956332228
31053,70.6,53.32551994486311,17.274478529257983
62200,87.03,69.76159670313844,17.268402076158438
183460,448.18,430.91710310797566,17.262889567805587
58562,158.0,140.74267598829437,17.257324011705634
47578,42.705,25.449398313155275,17.255603517899413
41297,76.5,59.24677340909979,17.253226590900212
74443,197.978,180.73524468056496,17.242752145606914
93420,67.75,50.50728214850463,17.24271785149537
68146,201.344,184.10223428377452,17.24175985685048
79700,127.09,109.85284544164244,17.23715089624818
53130,116.035,98.80295451665741,17.232049145451967
34819,38.0,20.768623528426907,17.231376471573093
381221,522.244,505.0185808444137,17.22543771027381
48642,48.0,30.7757222115214,17.2242777884786
87673,77.66,60.444331060076365,17.21567260203301
18860,84.0914,66.87815498933773,17.213245157146645
22334,108.83,91.61699688537199,17.213004945682698
37083,53.51,36.306878097871945,17.20312022366126
240026,182.425,165.23582793875096,17.189175113006854
124289,67.075,49.89351455405133,17.18148239419086
84300,113.04,95.86388601390425,17.176114901623095
58562,157.917,140.74267598829437,17.174331457994697
92500,155.177,138.00683095765532,17.170170995469675
71806,57.73,40.56042857818917,17.16957096404716
87107,98.3,81.16352436501019,17.136478686747623
23903,54.27,37.16730312616275,17.102697331600922
102994,23.82,6.725791998807715,17.094207696016504
20644,56.79,39.70322013848217,17.08678077704517
29149,28.0,10.91743338116423,17.08256661883577
11329,28.17,11.129841220967467,17.040158855326478
18340,41.02,23.98444624963654,17.03555420812713
113589,76.2,59.19418965342551,17.005807294816677
157545,199.015,182.01542427431616,16.999575115332277
64560,187.28,170.2860568948832,16.993941884413687
10733,37.77,20.779457008483618,16.990543449280054
66600,82.4,65.40980640194115,16.990195123937752
4768,32.2,15.216622657709545,16.98337810522991
92500,154.989,138.00683095765532,16.982167455430613
22000,78.14,61.16436187749794,16.9756375121505
15489,68.0,51.02872443251431,16.97127556748569
15489,68.0,51.02872443251431,16.97127556748569
144900,232.8,215.83014309855787,16.969859953199943
132518,232.42,215.4556585677141,16.964339601231217
138602,115.0,98.04670134447302,16.95329865552698
27889,155.188,138.23624714605003,16.95175639398903
16576,64.79,47.84645721998391,16.943543695543433
13789,21.5,4.562136237427859,16.937863762572142
11910,38.38,21.445607696691635,16.9343933714236
14185,32.69,15.761367864161777,16.928630762547208
130794,127.95,111.03177508704026,16.91822186120193
28693,51.7917,34.874071736258344,16.917626719552203
39649,72.0,55.08275783177581,16.917242168224192
53651,129.35,112.43428590103225,16.91572020248337
69600,117.86,100.95469507941164,16.905305530939927
271300,131.47,114.56615837559549,16.903842845107633
12000,44.32,27.434390732131156,16.885608962693063
23903,54.051,37.16730312616275,16.88369556158139
106440,164.79,147.91245423464196,16.877539051490857
47500,78.2,61.32285640720736,16.877140541034827
35605,103.248,86.37710753881348,16.870893559819336
39648,49.0,32.130720848534395,16.869279151465605
69754,67.0,50.13595029807898,16.86404970192102
95526,154.83,137.96724439431074,16.862757436743948
24867,78.5,61.657707717972905,16.842292282027095
10743,53.1032,36.26509901856411,16.838099986562845
121146,80.7501,63.937883424472915,16.81221575765599
13091,56.77,39.96700182082713,16.802998636936543
28363,26.2,9.410502620812421,16.78949814212703
18000,68.65,51.86341238506539,16.78658914081352
95433,48.7,31.928339545561602,16.77166121737785
86786,89.0,72.24528804602814,16.754711953971864
86786,89.0,72.24528804602814,16.754711953971864
91629,82.0,65.24804076016954,16.751959239830455
104355,178.5,161.7541327402342,16.745867259765788
77263,114.017,97.27959058260959,16.73740770840604
28826,26.2,9.479857796871315,16.72014296606814
128044,133.867,117.1487416644861,16.718262730045154
56388,89.6418,72.92864052983418,16.71315939692363
72958,65.0,48.289918767259365,16.710081232740635
92500,154.712,138.00683095765532,16.70517465757905
175618,351.958,335.26393622282785,16.69407158967215
116854,88.7,72.00819351848972,16.69180342975247
137040,138.46,121.77975418745667,16.680252526410513
57189,44.0,27.325558905161923,16.674441094838077
345837,199.24,182.5676391433908,16.672366349773256
25609,69.7629,53.09767337235978,16.665227933792565
22101,90.38,73.71617728775752,16.66381996566045
487433,99.3125,82.6511249021135,16.661375097886506
57334,72.0,55.33863273027409,16.661367269725908
141461,503.896,487.2384668581306,16.657529235619393
52559,53.0,36.349294900499125,16.650705099500875
52559,53.0,36.349294900499125,16.650705099500875
65657,464.7,448.0672156416802,16.632796565351043
144086,73.6,56.97404150683351,16.625956967287586
50493,46.7175,30.09239810014734,16.625100679149536
171084,447.732,431.1147095639468,16.617285064959447
33530,32.085,15.48006783387146,16.604931250601197
65843,50.385,33.78243106238984,16.602567259143363
11143,40.48,23.877902974087156,16.60209656814917
68030,89.0,72.39935889790297,16.60064110209703
68030,89.0,72.39935889790297,16.60064110209703
7675,31.42,14.842830740340098,16.577169335953847
112956,106.955,90.37873685394825,16.576264977106433
6010,54.41,37.844072382036856,16.565927465375253
492898,439.0,422.440029221261,16.559970778739
207115,491.866,475.3141157367733,16.551881577679808
40142,212.5,195.9503806263049,16.549619373695094
74584,77.865,61.327028696652015,16.537969167117517
129664,280.9,264.364248823844,16.535745072640395
58733,65.35,48.83283654061337,16.517161933507722
10385,27.879,11.363780896302181,16.515218813780827
24992,46.0,29.487568285009715,16.512431714990285
24992,46.0,29.487568285009715,16.512431714990285
39558,55.0097,38.51438208472304,16.495318690423446
14519,41.95,25.455705174679938,16.494295588259515
52957,147.843,131.3705206749869,16.472481644349045
216526,140.61,124.14765509578125,16.462345514570316
19315,50.5,34.038511165160656,16.461488834839344
28432,65.2,48.739234765419816,16.46076218282237
59400,76.01,59.55704682367732,16.45295531255315
99700,138.71,122.26493246147383,16.445074252393354
44218,59.9575,43.516435268554595,16.441065189209077
23067,26.6,10.163375748264333,16.436624633205394
54207,58.0,41.56400090084381,16.43599909915619
28590,120.0,103.57175092341164,16.428249076588358
50577,67.175,50.74940251520265,16.425600536555166
59498,65.0,48.57663055786556,16.423369442134437
24867,78.08,61.657707717972905,16.422294113081783
47439,170.05,153.64556906179624,16.404433989961575
214252,65.0,48.602601422703465,16.397398577296535
104667,100.067,83.67276039191054,16.394240950862894
30543,102.37,85.98134994425105,16.38865280233098
196043,158.961,142.57311008764637,16.38788844750988
29149,27.3,10.91743338116423,16.382565855896317
44564,103.0,86.620599200529,16.379400799471
55087,53.0,36.63025211994327,16.369747880056728
170000,188.54,172.17640488176923,16.363588404363583
83919,79.0,62.65477586357784,16.34522413642216
34455,258.6,242.2703701992794,16.329635904236227
9816,37.17,20.847910027086815,16.322088141858497
86323,94.07,77.74988560464969,16.320114090174528
84346,97.0025,80.68991739838278,16.312585043023475
27995,52.0004,35.69987448207459,16.3005260611383
117054,111.975,95.68483085440359,16.290167619717508
4768,31.5,15.216622657709545,16.283377342290457
47275,95.6,79.31726861495288,16.282729859168214
49990,192.767,176.4937967038835,16.27320158713212
27814,322.667,306.41005068900006,16.25694149849994
10174,36.6667,20.42422967790555,16.242468777904996
68693,304.575,288.3336933551416,16.241318851889673
12660,55.8,39.57521915142756,16.224780085632986
122746,185.657,169.4339466678289,16.223051012835157
47954,65.25,49.02727559162675,16.222724408373253
10103,35.4,19.18115389355727,16.218847632321637
33148,94.25,78.03766971688533,16.212330283114667
187174,368.626,352.41482775024036,16.211179329837762
15250,85.4565,69.25336727592274,16.20312991646007
74682,217.29,201.0963092056237,16.193684080509115
19315,50.23,34.038511165160656,16.19148837707567
151900,135.375,119.18625202672861,16.18874797327139
35253,128.0,111.81619961357337,16.183800386426626
16098,36.78,20.596398209423327,16.183600569873548
23702,47.2309,31.071029722891875,16.15987008789914
35936,57.1667,41.028803311034586,16.13789514477596
65843,49.9025,33.78243106238984,16.12006909019805
4000,21.6667,5.5542002108644235,16.112500152294757
4000,21.6667,5.5542002108644235,16.112500152294757
105500,114.04,97.93455912021871,16.105441795308636
11910,37.54,21.445607696691635,16.09439321883571
37083,52.4,36.306878097871945,16.09312342800696
35605,102.458,86.37710753881348,16.080892644291993
72958,64.3675,48.289918767259365,16.077581537916416
39541,40.25,24.176901575028438,16.073098424971562
82548,138.5,122.43459414597746,16.065405854022544
6139,34.61,18.546339444333615,16.063661166017948
86959,46.772,30.711554953942787,16.060444405188072
94751,95.2501,79.19975316201196,16.050346020116947
9838,100.94,84.91373325796245,16.0262691834438
57394,99.117,83.09365588914075,16.02334087599597
39541,40.2,24.176901575028438,16.023099187911015
47439,169.66,153.64556906179624,16.014434600313137
33530,31.485,15.48006783387146,16.004932776480103
159384,359.0,343.0014627080198,15.998537291980199
159384,359.0,343.0014627080198,15.998537291980199
39558,54.5089,38.51438208472304,15.994517603997664
26495,19.1667,3.179630554201467,15.987069808957713
17132,31.2,15.217421979690537,15.982578783248917
82789,76.98,60.999096465550636,15.980906891382958
11910,37.42,21.445607696691635,15.974390472253678
166814,99.7,83.7316363770681,15.968360571174088
43000,52.45,36.48892836439465,15.9610723985448
481999,143.0,127.05085509300926,15.949144906990739
133594,110.0,94.05099893609146,15.94900106390854
27995,51.629,35.69987448207459,15.92912713535705
28363,25.3,9.410502620812421,15.889496616248126
16000,60.55,44.6661144648601,15.883884772200446
15000,44.1,28.223181404049452,15.876817070071642
7043,70.0307,54.159659748202486,15.871040935391264
179167,90.45,74.59056572612883,15.859431222113358
185200,209.5,193.64519216799664,15.85480783200336
122922,332.552,316.7091629641167,15.842838989008328
58041,62.89,47.05703520932854,15.832964180319898
76153,101.525,85.70283980466698,15.822161721211927
9788,30.13,14.310098695307707,15.819900465458895
57274,61.79,45.97178662242205,15.818214293105292
83400,84.25,68.44088068827044,15.80911931172956
18202,23.984,8.176828465804174,15.807170786515162
61756,89.0,73.23098679483137,15.769013205168633
36307,31.26,15.495849392557458,15.764150836324378
86786,88.0,72.24528804602814,15.754711953971864
57165,80.08,64.32601255345907,15.753989277595622
90900,180.95,165.19638811422217,15.753608834020014
11910,37.19,21.445607696691635,15.74439093001735
82789,76.74,60.999096465550636,15.740901398218895
113988,142.975,127.23480903796708,15.740197065548543
40142,211.667,195.9503806263049,15.716626819984157
62238,72.15,56.43786576971901,15.712135756159896
16351,30.625,14.91415960726085,15.71084039273915
72193,130.19,114.48018878073024,15.709813660676005
66794,69.3768,53.68902530523555,15.687775231873822
4768,30.9,15.216622657709545,15.683376960820729
55240,44.0,28.330590435648272,15.669409564351728
55240,44.0,28.330590435648272,15.669409564351728
283000,396.66,380.99160520837177,15.668398453737609
54061,91.37,75.70343828630207,15.666564460279957
57334,71.0,55.33863273027409,15.661367269725908
90697,189.2,173.55121613287517,15.648780815367019
233863,303.825,288.1978690022786,15.627143204752656
18432,46.7,31.118931138238125,15.581069624701328
83772,42.313,26.74168677724888,15.571312948092917
63900,94.8,79.23777226772354,15.56223078403427
121146,79.5,63.937883424472915,15.562116575527085
27995,51.2576,35.69987448207459,15.557724394878534
97838,492.0,476.4430724593413,15.556927540658705
283000,396.54,380.99160520837177,15.548403336550109
20986,35.0,19.452100858827336,15.547899141172664
56388,88.4687,72.92864052983418,15.540056064404098
129707,96.5,80.95997769504783,15.540022304952174
53000,96.92,81.41279764632372,15.507200522621588
13469,46.0,30.512954925353924,15.487045074646076
60088,148.457,132.97651905397544,15.480481678446438
553210,411.85,396.39464826051767,15.455357842997955
49100,71.86,56.42364631691706,15.436354293434505
54207,57.0,41.56400090084381,15.435999099156192
111360,144.75,129.3188353434009,15.431164656599094
11270,27.1,11.670955286483407,15.42904509498632
37803,35.2291,19.814994406317467,15.414104867364173
6400,49.4,33.986208185075256,15.41379334080365
16098,36.01,20.596398209423327,15.413600112109876
59900,74.53,59.117070439659265,15.41292833963761
151637,685.2,669.7913889476829,15.40862325934836
23871,38.0,22.602140105561915,15.397859894438085
23871,38.0,22.602140105561915,15.397859894438085
214252,64.0,48.602601422703465,15.397398577296535
48300,80.8333,65.43707293693117,15.396224792561014
59476,55.527,40.13679066234817,15.390209764897925
72800,91.23,75.8490683537759,15.380935003157688
39558,53.8942,38.51438208472304,15.379817286614852
21866,37.525,22.151210485259472,15.373791040619434
91149,568.6,553.2333649124221,15.366610673515424
148829,215.48,200.15346486354,15.326530863999068
44789,68.25,52.93830439446674,15.31169560553326
12660,54.88,39.57521915142756,15.304781916687674
38173,41.0,25.695686881340507,15.304313118659493
53000,96.7,81.41279764632372,15.287199301918463
4000,20.8333,5.5542002108644235,15.279099425976398
32527,37.96,22.698255887297467,15.26174319717519
57274,61.23,45.97178662242205,15.258212919814277
129707,96.2,80.95997769504783,15.240019253194362
112283,56.6,41.38081812860892,15.219180345512171
33695,143.625,128.40724356207852,15.21775643792148
230747,121.0,105.7891132541025,15.210886745897497
43094,69.13,53.92936793427608,15.200629319141889
42028,42.494,27.303172086076124,15.190827395125048
4314,19.0,3.813897648232566,15.186102351767435
43681,158.84,143.66093006200165,15.179066275888971
74180,67.88,52.70538831837568,15.174608935042286
22524,41.0,25.82641212471668,15.17358787528332
18551,27.0,11.85744006256594,15.14255993743406
553210,411.52,396.39464826051767,15.125340753154205
16726,81.5659,66.45064065067227,15.115262059288668
90900,180.31,165.19638811422217,15.113609444371576
85164,77.236,62.12982568518678,15.106174375848376
387638,77.8119,62.709790158800075,15.102107119031956
262162,447.0,431.9043002382602,15.095699761739809
39464,26.982,11.888145435589983,15.093854915362165
42129,40.3333,25.24678838682009,15.086513157369364
43000,51.57,36.48892836439465,15.081071330429566
180625,189.625,174.55966251261353,15.065337487386472
225014,184.0,168.96841801675487,15.031581983245133
20584,84.17,69.140539141848,15.029459027097317
6139,33.56,18.546339444333615,15.0136619289574
152559,312.375,297.36405343594816,15.010946564051835
71421,114.84,99.82992526136076,15.010071076529869
43955,124.69,109.69021020205719,14.999792239349063
66532,56.3,41.313494841216816,14.986504395843731
41241,48.0,33.01440978901789,14.98559021098211
133072,125.217,110.23620267791098,14.980800190741363
57165,79.3,64.32601255345907,14.973990498298747
118489,269.423,254.45819482874495,14.964809321645674
138602,113.0,98.04670134447302,14.953298655526979
34563,26.7,11.754010704382967,14.945990058556486
24618,58.49,43.54802433598073,14.94197734248607
8000,34.86,19.91876652518705,14.941234085164513
26372,83.525,68.58564499375102,14.939356532127888
14561,186.0,171.07155959304185,14.928440406958146
17220,58.0417,43.124059381666974,14.917639074143572
126077,104.0,89.0927707238692,14.907229276130806
90411,141.837,126.9424267445607,14.89457887067367
71994,62.4197,47.53316412692653,14.886536495632065
19446,76.4583,61.575486210799156,14.882811518693032
101262,155.64,140.76445811348955,14.875541276158884
35253,126.667,111.81619961357337,14.850800203321157
25401,58.9187,44.083301216440105,14.835399955434895
71936,79.768,64.93459992623426,14.833397815464963
11143,38.7,23.877902974087156,14.822097788852297
44352,49.1667,34.35038839955675,14.816310056253798
27995,50.5147,35.69987448207459,14.814827361187128
163959,156.6,141.79413811125335,14.805867992262279
10743,51.0555,36.26509901856411,14.79040101195347
229973,402.0,387.22993546013765,14.770064539862346
61756,88.0,73.23098679483137,14.769013205168633
33148,92.8,78.03766971688533,14.76233333487248
49975,71.3125,56.56837217281457,14.74412782718543
545351,650.412,635.6722651476589,14.73972215702861
71994,62.2672,47.53316412692653,14.734036343044174
99700,136.99,122.26493246147383,14.72507303169023
21600,45.9,31.179455074209844,14.720546451669062
28826,24.2,9.479857796871315,14.720142966068138
9703,23.39,8.68088332404451,14.709116065603927
43955,124.39,109.69021020205719,14.69978918759125
20584,83.84,69.140539141848,14.69945719604263
14150,44.3458,29.66640110544615,14.679397386985492
75929,484.283,469.61170027226115,14.671289229691979
53651,127.1,112.43428590103225,14.66571257308884
65907,102.97,88.30872612779567,14.66127509290746
28406,48.1775,33.52639129151231,14.651110386954485
171084,445.76,431.1147095639468,14.645300201678197
18202,22.815,8.176828465804174,14.638172068253443
102994,21.36,6.725791998807715,14.634208611543848
86455,81.5,66.86948153035881,14.630518469641189
9666,30.44,15.822944010770948,14.617056523286669
60582,116.128,101.52096315039131,14.607035201659471
66900,103.49,88.88360894660983,14.606388917159705
91254,113.0,98.3964828793077,14.603517120692302
47578,40.045,25.449398313155275,14.595599855790038
47934,146.0,131.41217723766079,14.587822762339215
10174,35.0,20.42422967790555,14.57577032209445
147205,131.0,116.42536445396028,14.574635546039715
47191,45.0,30.43740339910606,14.56259660089394
10578,72.54,57.97764472375438,14.562356191772963
199628,317.0,302.45769409681424,14.542305903185763
39464,26.43,11.888145435589983,14.541854869585798
31635,23.0,8.474713175547556,14.525286824452444
31053,67.85,53.32551994486311,14.524478529257983
25401,58.5944,44.083301216440105,14.51109728209505
182943,634.748,620.2518894061445,14.496096433699222
11910,35.94,21.445607696691635,14.49439093001735
15715,18.7,4.208549980487367,14.491450782452086
4038,30.9848,16.50098387227743,14.483816466467687
99541,108.7,94.22317074570154,14.47682620254065
14519,39.93,25.455705174679938,14.474295130495843
45098,120.25,105.77823373673182,14.47176626326818
15489,65.5,51.02872443251431,14.47127556748569
204029,428.175,413.7131442719543,14.46184352101443
7675,29.29,14.842830740340098,14.447170175187246
4000,20.0,5.5542002108644235,14.445799789135577
64153,68.2,53.75432503284644,14.44567191539575
245637,241.0,226.5695228239282,14.430477176071804
181328,254.983,240.56206754538536,14.420934163599014
14150,44.0738,29.66640110544615,14.407398027854633
44182,81.25,66.86000540657523,14.389994593424774
14913,51.52,37.14035362744481,14.379646830318862
51471,91.5513,77.18846322824882,14.362836820579304
30160,57.75,43.398355647414725,14.351644352585275
49078,50.39,36.04691772508652,14.343081664561915
34455,256.6,242.2703701992794,14.329635904236227
112283,55.71,41.38081812860892,14.329180955863734
54061,90.03,75.70343828630207,14.326560492994801
16092,34.4,20.07593859121716,14.324062934661747
10578,72.29,57.97764472375438,14.312356191772963
38173,40.0,25.695686881340507,14.304313118659493
38173,40.0,25.695686881340507,14.304313118659493
38173,40.0,25.695686881340507,14.304313118659493
112283,55.67,41.38081812860892,14.28918004033639
16351,29.2,14.91415960726085,14.285841155678604
22400,49.5,35.2146387862968,14.285361213703197
105167,712.672,698.3886292797871,14.283367790525404
41861,54.1667,39.88969071725503,14.277007738555518
41861,54.1667,39.88969071725503,14.277007738555518
24345,103.81,89.53394780118853,14.276049757405218
144086,71.25,56.97404150683351,14.275958493166492
193723,178.0,163.727659602302,14.272340397698002
5783,185.73,171.48005033544763,14.249945392091433
14519,39.7,25.455705174679938,14.244295588259515
93608,68.25,54.00984954428346,14.240150455716538
204349,454.49,440.2521419065407,14.237848327834286
110800,83.07,68.83913580203387,14.230863892790353
111530,168.0,153.77331856306316,14.226681436936843
51778,49.0,34.780823601984224,14.219176398015776
12908,46.42,32.20129789974108,14.218700269204234
52141,96.1541,81.9438004329225,14.210298077819687
118231,147.125,132.91861146658698,14.206388533413019
105500,112.12,97.93455912021871,14.185443626363323
59900,73.3,59.117070439659265,14.182932612098547
104355,175.933,161.7541327402342,14.17886591699235
22524,40.0,25.82641212471668,14.17358787528332
48519,34.8333,20.66802849884742,14.165273045342033
22334,105.78,91.61699688537199,14.163001893924886
98624,86.975,72.81449385727441,14.16050461684668
10103,33.3401,19.18115389355727,14.158945441159528
104089,163.0,148.84298668027222,14.157013319727781
14269,45.34,31.184082246241424,14.155917906346467
82200,62.23,48.07762212813821,14.152377414098119
77700,85.77,71.61951473544303,14.150481907623373
9309,51.44,37.289655207317,14.150343419391987
25609,67.2205,53.09767337235978,14.122823758987877
18202,22.293,8.176828465804174,14.11617080177395
41861,54.0,39.88969071725503,14.110309282744971
40950,177.54,163.43124028621995,14.108752999912866
201350,250.143,236.04257098163987,14.10043438945388
474680,843.04,828.9407222355082,14.099255791835503
129532,125.16,111.06161541494338,14.098388247166
140345,196.9,182.81018742598226,14.089806470502111
77700,85.7,71.61951473544303,14.080482212799154
68211,181.0,166.92017581058727,14.079824189412733
30531,43.9333,29.854562326432266,14.078737691878281
133594,108.125,94.05099893609146,14.07400106390854
111424,105.162,91.09185346291108,14.070149100565487
129532,125.13,111.06161541494338,14.068381838474593
42028,41.361,27.303172086076124,14.057827974959032
43955,123.74,109.69021020205719,14.049787661712344
166489,127.513,113.48848531554127,14.024515172739981
90900,179.22,165.19638811422217,14.023613106480951
82670,161.194,147.17730547335685,14.016694770783772
376507,217.22,203.21563190985316,14.004369310849967
86465,170.0,156.01211916823806,13.987880831761942
41241,47.0,33.01440978901789,13.98559021098211
74599,145.625,131.64765654544456,13.977343454555438
77055,101.322,87.3578962899231,13.964102306268302
157545,195.978,182.01542427431616,13.962572551855715
32256,78.168,64.2155734332177,13.952425834360426
114166,178.696,164.74919753445585,13.946801611051967
119509,99.0,85.0602844463126,13.939715553687407
30401,27.0,13.060812548531397,13.939187451468603
36221,35.1,21.18585997247453,13.914138501646566
193960,176.0,162.09759348154546,13.90240651845454
150673,162.825,148.92755080784673,13.89744614039546
89315,41.73,27.85605975612943,13.873939786106899
21892,44.63,30.75960088138099,13.870400186734244
128044,130.983,117.1487416644861,13.83426004449828
27640,43.8771,30.04829477910019,13.82880711909317
47200,59.5,45.674137719078445,13.825862280921555
37083,50.13,36.306878097871945,13.82312297024329
179449,386.58,372.75962880079385,13.820357771471777
166814,97.525,83.7316363770681,13.793365148810807
59900,72.91,59.117070439659265,13.79293322245011
4000,19.3333,5.5542002108644235,13.779099425976398
111195,185.0,171.2247750857169,13.775224914283086
81580,253.5,239.73292916022604,13.767070839773965
557217,76.47,62.70971209493002,13.760289125773106
151637,683.55,669.7913889476829,13.75859884528586
34563,25.5,11.754010704382967,13.745989295617033
1536,21.6667,7.92284503604208,13.7438553271171
24643,77.72,63.979317808113954,13.74068341258917
19000,42.1,28.360372671680704,13.73962580244039
27685,20.817,7.083905276802239,13.733094158622567
15000,41.95,28.223181404049452,13.726819358890001
74420,80.25,66.52485936242486,13.725140637575137
47954,62.75,49.02727559162675,13.722724408373253
5839,42.75,29.032411207219496,13.717588792780504
51483,42.0,28.29415681686065,13.70584318313935
49078,49.75,36.04691772508652,13.703082274913477
63771,77.482,63.791281292321955,13.690720965978826
30401,26.75,13.060812548531397,13.689187451468603
26325,32.75,19.062774038055142,13.687225961944858
35253,125.5,111.81619961357337,13.683800386426626
243072,446.65,432.9709513137315,13.679042582752857
103924,147.0,133.3234116640171,13.676588335982899
23903,50.84,37.16730312616275,13.67269702642514
177281,390.261,376.5889862839994,13.672000044125582
55240,42.0,28.330590435648272,13.669409564351728
55240,42.0,28.330590435648272,13.669409564351728
90411,140.599,126.9424267445607,13.656572278876794
53860,85.5857,71.93530689627042,13.650394092499113
45305,90.7,77.05402755879665,13.64596938944554
200442,659.0,645.3766118020225,13.623388197977533
11143,37.5,23.877902974087156,13.622097025912844
17132,28.83,15.217421979690537,13.612577944015518
64583,163.29,149.69151407222267,13.598479213910139
66532,54.9,41.313494841216816,13.58650668466209
11900,51.05,37.4657365711648,13.58426266589575
26372,82.1675,68.58564499375102,13.581858363182576
101400,120.66,107.08104859584117,13.578955066268207
10135,29.57,16.00054427412153,13.569455420702688
102191,185.755,172.19084799519547,13.564156887617031
202829,173.68,160.13233995148073,13.54765272430052
14150,43.2133,29.66640110544615,13.546897692161274
22500,52.81,39.27627765327477,13.533723720016248
23702,44.5988,31.071029722891875,13.527770936287812
278795,238.983,225.4772542573112,13.505747451673187
79700,123.35,109.85284544164244,13.49715303247865
12908,45.69,32.20129789974108,13.488700726967906
22000,74.65,61.16436187749794,13.485639648380968
92500,151.478,138.00683095765532,13.47116586851655
86455,80.34,66.86948153035881,13.470514807531814
56637,123.75,110.28639682585973,13.463603174140275
31316,36.125,22.667616655478536,13.457383344521464
40611,45.5,32.049296199288236,13.450703800711764
28750,33.87,20.419397606739302,13.450601325145463
112283,54.83,41.38081812860892,13.449183702445765
12500,564.0,550.562741293759,13.437258706240982
102429,58.7,45.26281079805393,13.437189964885526
18342,25.525,12.0933025056902,13.431697112840073
6431,31.42,17.996440658666852,13.423559417627093
14150,43.0871,29.66640110544615,13.420699877219867
101400,120.5,107.08104859584117,13.418951404158832
129344,484.067,470.65029561871523,13.416690465269141
23871,36.0,22.602140105561915,13.397859894438085
214252,62.0,48.602601422703465,13.397398577296535
89315,41.24,27.85605975612943,13.383941922337367
44564,100.0,86.620599200529,13.379400799471
235000,383.78,370.4077681017563,13.372230677540585
123612,232.375,219.01841243460865,13.35658756539135
43955,123.04,109.69021020205719,13.349790713470156
214505,800.95,787.6107948569525,13.339217350078798
5769,26.4,13.06112732257264,13.338872295957634
34825,36.0,22.66509433928444,13.33490566071556
27995,49.029,35.69987448207459,13.32912484653869
27995,49.029,35.69987448207459,13.32912484653869
11270,25.0,11.670955286483407,13.329044713516593
72709,48.948,35.63741018810328,13.310591673468984
22000,74.47,61.16436187749794,13.305639343205186
50846,46.0,32.694485144086485,13.305514855913515
29778,34.1,20.80768162597745,13.292316848143642
66532,54.6,41.313494841216816,13.286503632904278
4000,18.8333,5.5542002108644235,13.279099425976398
58908,72.47,59.19584950328502,13.274151717418107
91316,135.0,121.72889418449093,13.271105815509074
70042,222.817,209.54633916512242,13.270662177651019
9816,34.11,20.847910027086815,13.262090583264747
148829,213.41,200.15346486354,13.25653879856938
9838,98.17,84.91373325796245,13.256264910982864
42214,44.96,31.71200368630765,13.247995398165006
56569,42.726,29.47818356152074,13.247818177981213
32256,77.454,64.2155734332177,13.238428947153395
86465,169.25,156.01211916823806,13.237880831761942
112956,103.612,90.37873685394825,13.233262657770496
47954,62.25,49.02727559162675,13.222724408373253
83772,39.959,26.74168677724888,13.217312856540183
29778,34.02,20.80768162597745,13.21231883178622
75000,93.0,79.79379303597848,13.206206964021519
23903,50.37,37.16730312616275,13.202695805722016
153999,201.0,187.80271157268805,13.197288427311946
9703,21.86,8.68088332404451,13.179117286307052
204349,453.43,440.2521419065407,13.177850769240536
202829,173.31,160.13233995148073,13.17765760711302
94175,376.475,363.3058689234733,13.169137180042298
91363,322.478,309.3088858511139,13.169110975057947
62279,85.0068,71.84595430030758,13.160843490219762
10743,49.4174,36.26509901856411,13.152301341543314
33401,17.7,4.551443701283565,13.148557061655888
13512,27.25,14.10217560088639,13.14782439911361
62242,122.75,109.60821651990702,13.141783480092982
44182,80.0,66.86000540657523,13.139994593424774
1396,20.15,7.017108611653998,13.132891006876275
39538,40.05,26.920299389904763,13.129699847155784
36562,110.66,97.54477160197824,13.115232060131135
16098,33.71,20.596398209423327,13.113600875049329
389641,140.0,126.89749329657388,13.102506703426116
56995,274.008,260.90920928900937,13.098786316459382
33246,34.5833,21.48922706643315,13.094074477756305
27452,33.0,19.906778956253365,13.093221043746635
27452,33.0,19.906778956253365,13.093221043746635
40531,65.69,52.5972738210826,13.092728620323648
87976,164.25,151.16459916034785,13.085400839652152
39541,37.26,24.176901575028438,13.083096746504765
50020,44.0,30.92727077113561,13.07272922886439
50020,44.0,30.92727077113561,13.07272922886439
67377,72.4995,59.42687178726045,13.072624672700485
41302,30.725,17.661012010685784,13.063988370783942
9309,50.35,37.289655207317,13.060343266804097
49589,79.4,66.3610478812438,13.0389536446351
84365,99.95,86.9117012043595,13.038295743882685
31829,45.4,32.364589419982856,13.03541210589605
59071,69.3549,56.342167889423116,13.01272865598704
48881,47.6,34.59207434655215,13.007924127568941
45348,49.0,35.993275975793495,13.006724024206505
16584,109.986,96.98286491978654,13.00313514124862
68203,22.16,9.157118375556369,13.00288147185574
31075,28.9,15.899199788306808,13.000799830223466
31053,66.325,53.32551994486311,12.999477003379077
41241,46.0,33.01440978901789,12.98559021098211
49553,117.925,104.94885987553057,12.97614317622724
8730,22.5,9.523992650585356,12.976007349414644
57189,40.3,27.325558905161923,12.974440331898624
41302,30.625,17.661012010685784,12.963987989314216
207115,488.276,475.3141157367733,12.961885239789183
2347,28.56,15.605713256051875,12.954286209890508
39807,41.594,28.646733807880572,12.947267962138959
44784,38.0,25.05864789080191,12.941352109198089
30401,26.0,13.060812548531397,12.939187451468603
26325,32.0,19.062774038055142,12.937225961944858
14561,184.0,171.07155959304185,12.928440406958146
14561,184.0,171.07155959304185,12.928440406958146
202435,373.79,360.8704678979174,12.919540647004453
43143,37.0737,24.155083649438474,12.918616301733401
43143,37.0737,24.155083649438474,12.918616301733401
8079,23.76,10.842593343773954,12.917406885107882
47500,74.24,61.32285640720736,12.91714145656217
87187,76.661,63.74561741024058,12.915385702552392
94988,78.94,66.04714714819919,12.892855293207063
113988,140.125,127.23480903796708,12.890190962032918
66532,54.2,41.313494841216816,12.886505921722637
373416,130.0,117.12672910456456,12.87327089543544
69754,63.0,50.13595029807898,12.864049701921019
69754,63.0,50.13595029807898,12.864049701921019
53077,43.871,31.008180533962054,12.862817848606305
7675,27.69,14.842830740340098,12.84716979371752
29062,14.0,1.1544441161993901,12.84555588380061
82200,60.92,48.07762212813821,12.842376040807103
21472,74.74,61.897768973311585,12.842228890457946
102856,119.45,106.60952837424533,12.840468573996858
83155,73.607,60.78507835381667,12.821923904484109
28750,33.24,20.419397606739302,12.820604071727494
76903,59.871,47.067730689326375,12.803267693241985
50567,57.975,45.19129391624614,12.783704557874955
89858,73.281,60.5010461969114,12.779952033069065
144086,69.75,56.97404150683351,12.775958493166492
545351,648.447,635.6722651476589,12.77475633671611
47578,38.212,25.449398313155275,12.762603487381835
86465,168.75,156.01211916823806,12.737880831761942
10135,28.73,16.00054427412153,12.729455268114798
278369,330.781,318.0542574749598,12.726748384415203
31635,21.2,8.474713175547556,12.725287587391897
77632,140.0,127.27497983577194,12.725020164228056
111304,117.32,104.60904396287314,12.710955731951074
7133,44.12,31.410553472373927,12.709445459510839
144086,69.67,56.97404150683351,12.695956662111804
56137,55.0,42.3111057578752,12.688894242124803
24979,79.0,66.31226104853744,12.687738951462563
15574,28.54,15.853389653259601,12.686611262267743
157933,268.625,255.94139935814349,12.683600641856515
8079,23.52,10.842593343773954,12.677407113989718
59071,69.0171,56.342167889423116,12.674929583721415
50493,42.7625,30.09239810014734,12.670102662792115
15950,37.68,25.01212443587843,12.667875869297351
40835,28.475,15.810589915386839,12.664410466082888
121585,225.198,212.53967083963707,12.658327207237932
152471,115.0,102.35184354356376,12.64815645643624
40706,34.75,22.10448978708124,12.645510212918762
33401,17.19,4.551443701283565,12.638556832774052
14519,38.09,25.455705174679938,12.634294977907953
77055,99.9768,87.3578962899231,12.618902721307364
14973,19.696,7.07711333190781,12.618885813600002
20540,43.251,30.64733030524539,12.603669145438204
133594,106.65,94.05099893609146,12.599002589787446
49975,69.1562,56.56837217281457,12.587824421423711
83957,197.26,184.6765721598071,12.58342234702883
70837,203.22,190.64544667279523,12.574554547907894
49108,49.43,36.85753784242459,12.57246246275119
75929,482.183,469.61170027226115,12.571313643754479
49108,49.42,36.85753784242459,12.562460326520721
72800,88.41,75.8490683537759,12.56093530833347
110800,81.4,68.83913580203387,12.56086572384504
24643,76.53,63.979317808113954,12.55068097118292
121440,138.72,126.17316841314133,12.546832807561799
66585,23.0,10.459923829203898,12.540076170796102
27600,60.41,47.8713062735063,12.53869357390581
22400,47.75,35.2146387862968,12.535361213703197
125507,351.075,338.54081004480196,12.534202162229292
57436,63.3,50.76909114129893,12.530908095761617
29063,48.6,36.07531868926343,12.52467978485766
22334,104.14,91.61699688537199,12.523002504276448
95526,150.49,137.96724439431074,12.522761098853323
44218,56.0375,43.516435268554595,12.521063205566499
129344,483.167,470.65029561871523,12.516696568784766
14519,37.97,25.455705174679938,12.514296046023187
130577,246.0,233.49150605663831,12.508493943361685
117054,108.183,95.68483085440359,12.498167802822977
13469,43.0,30.512954925353924,12.487045074646076
47954,61.5,49.02727559162675,12.472724408373253
10779,64.9797,52.50951464063677,12.47018354051557
33695,140.875,128.40724356207852,12.46775643792148
41302,30.125,17.661012010685784,12.463987989314216
122922,329.169,316.7091629641167,12.459843383539578
30401,25.5,13.060812548531397,12.439187451468603
12500,563.0,550.562741293759,12.437258706240982
99700,134.7,122.26493246147383,12.435064486768354
33530,27.905,15.48006783387146,12.424932852774047
17220,55.5417,43.124059381666974,12.417639074143572
64024,61.75,49.345865967876115,12.404134032123885
53234,114.0,101.59823949114269,12.401760508857308
23871,35.0,22.602140105561915,12.397859894438085
180000,132.24,119.86262140486672,12.377384088297347
10932,63.8945,51.52376941730643,12.370731315115442
43910,62.4275,50.05703918251732,12.370462495949475
61151,71.57,59.233831400934825,12.336168293889394
87976,163.5,151.16459916034785,12.335400839652152
39541,36.51,24.176901575028438,12.333096746504765
16052,45.0,32.67135122639709,12.328648773602907
116854,84.325,72.00819351848972,12.316803429752468
104667,95.9833,83.67276039191054,12.31053886346055
50846,45.0,32.694485144086485,12.305514855913515
70042,221.85,209.54633916512242,12.303666938393206
82200,60.38,48.07762212813821,12.302378939977025
168696,118.0,105.70833076013291,12.29166923986709
86455,79.15,66.86948153035881,12.280519995520095
18000,64.12,51.86341238506539,12.256590361516643
405083,105.36,93.1034644247677,12.256536185583869
13939,19.5,7.248296579687987,12.251703420312012
83772,38.989,26.74168677724888,12.247311635837058
64153,66.0,53.75432503284644,12.245674967153562
8837,84.0,71.75459461592263,12.245405384077372
42028,39.548,27.303172086076124,12.244828249617235
93420,62.75,50.50728214850463,12.242717851495371
32527,34.94,22.698255887297467,12.241742739411517
25609,65.3229,53.09767337235978,12.225225492386315
545351,647.896,635.6722651476589,12.22373094609111
51778,47.0,34.780823601984224,12.219176398015776
60000,108.333,96.11445481885559,12.218545364249877
27995,47.9147,35.69987448207459,12.214825072368768
230747,118.0,105.7891132541025,12.210886745897497
75000,92.0,79.79379303597848,12.206206964021519
39143,49.0,36.79638489404596,12.203615105954043
25609,65.2985,53.09767337235978,12.200826688675377
10743,48.4618,36.26509901856411,12.196700603017923
113988,139.425,127.23480903796708,12.19019401379073
28862,85.49,73.31426962211711,12.175728241652422
22524,38.0,25.82641212471668,12.17358787528332
60582,113.679,101.52096315039131,12.158037704100877
104089,161.0,148.84298668027222,12.157013319727781
56629,96.75,84.602373841273,12.147626158726993
62242,121.75,109.60821651990702,12.141783480092982
76537,108.108,95.97464713582077,12.1333545731636
137806,143.808,131.67683858516548,12.131160072061078
44218,55.6475,43.516435268554595,12.131063815918061
46037,33.7913,21.662840437628937,12.128461289665985
389641,139.0,126.89749329657388,12.102506703426116
31075,28.0,15.899199788306808,12.100800211693192
41329,48.07,35.97689182707369,12.093107867750525
11464,16.0,3.9117812684202,12.0882187315798
122122,317.0,304.9177275269143,12.082272473085709
79700,121.93,109.85284544164244,12.077154863533337
33530,27.5525,15.48006783387146,12.072431937246703
101262,152.82,140.76445811348955,12.055549210729197
17190,20.9,8.862108681057567,12.037890937472707
27640,42.0821,30.04829477910019,12.033805135450592
53077,43.025,31.008180533962054,12.016820991916852
5839,41.0417,29.032411207219496,12.00928724859105
99325,175.08,163.07313549076477,12.006866340289918
99325,175.08,163.07313549076477,12.006866340289918
46230,46.0,33.994873421229734,12.005126578770266
24586,25.09,13.091220034161422,11.998780118426469
51622,116.07,104.07337745429024,11.99662224053398
75929,481.6,469.61170027226115,11.988305831254479
29469,55.8334,43.84579213733377,11.987608588984592
80325,60.65,48.67734147540079,11.972660050478119
17132,27.19,15.217421979690537,11.97257855436708
15489,63.0,51.02872443251431,11.97127556748569
5258,105.66,93.69021088726765,11.969792774841721
144900,227.79,215.83014309855787,11.959850187574943
8073,19.78,7.821395810940874,11.958604875704633
87107,93.11,81.16352436501019,11.946476245341373
189425,199.5,187.55360453964565,11.946395460354353
23112,32.62,20.675739195427685,11.94425973645708
49589,78.3,66.3610478812438,11.938955170514006
84346,92.6275,80.68991739838278,11.937585043023475
30949,40.2,28.272343008128818,11.927657754810635
29469,55.7652,43.84579213733377,11.919409431269749
39649,67.0,55.08275783177581,11.917242168224192
44182,78.75,66.86000540657523,11.889994593424774
72958,60.1625,48.289918767259365,11.872579706861728
63900,91.11,79.23777226772354,11.87222834262802
66661,151.587,139.72083062382745,11.866174991406922
15120,26.6667,14.809838501619142,11.856861861540038
30160,55.25,43.398355647414725,11.851644352585275
27995,47.5433,35.69987448207459,11.843426146587518
39807,40.484,28.646733807880572,11.837267351787396
26948,63.63,51.79781984899732,11.832181219117913
63348,365.7,353.8889700163009,11.811042190730348
35936,52.8333,41.028803311034586,11.804498233154867
74180,64.5,52.70538831837568,11.794611681624318
270413,240.618,228.8302432918739,11.787752923946414
83772,38.528,26.74168677724888,11.786313100680808
18414,58.3333,46.547193360977445,11.786108183212008
16200,65.86,54.082044027775446,11.777956582576117
16000,56.44,44.6661144648601,11.773884161848883
137040,133.55,121.77975418745667,11.770248864301138
43143,35.9152,24.155083649438474,11.760115630346682
19315,45.79,34.038511165160656,11.751489750366687
86323,89.49,77.74988560464969,11.74011225911984
42214,43.45,31.71200368630765,11.737997076631803
53860,83.6624,71.93530689627042,11.727092395721769
33739,87.76,76.03326810400009,11.726734032230382
77632,139.0,127.27497983577194,11.725020164228056
37775,42.0,30.275287860848188,11.724712139151812
31053,65.05,53.32551994486311,11.724483106894702
42028,39.014,27.303172086076124,11.71082785288872
72958,60.0,48.289918767259365,11.710081232740635
74584,73.037,61.327028696652015,11.709973866824548
16200,65.79,54.082044027775446,11.707956887751898
50493,41.7975,30.09239810014734,11.705102510204224
12777,18.7,6.994928799878786,11.705071963060668
399331,501.0,489.2977917993175,11.702208200682492
66794,65.3884,53.68902530523555,11.699371911561322
68637,309.33,297.63463707176237,11.695349500503255
56137,54.0,42.3111057578752,11.688894242124803
25000,37.97,26.2894903178711,11.680510902832026
94751,90.8799,79.19975316201196,11.680144909277104
88486,112.18,100.51803659247284,11.661963712702942
10779,64.1607,52.50951464063677,11.651183296374946
27889,149.875,138.23624714605003,11.638752853949967
216050,234.0,222.36267831293594,11.637321687064059
19315,45.67,34.038511165160656,11.631487003784656
151637,681.42,669.7913889476829,11.62859396247336
16092,31.7,20.07593859121716,11.624062171722294
62893,41.1,29.47818948660198,11.621808987519113
13728,31.75,20.13115403676618,11.61884596323382
33401,16.17,4.551443701283565,11.61855637501038
36562,109.16,97.54477160197824,11.615232060131135
68030,84.0,72.39935889790297,11.600641102097029
15715,15.8,4.208549980487367,11.591450210247496
18000,63.45,51.86341238506539,11.586588377874065
43400,34.6,23.021419967731944,11.57857850638915
65000,108.0,96.43054910446315,11.569450895536846
34171,49.92,38.35095066376559,11.569047505179725
26033,34.0,22.443141631421263,11.556858368578737
26033,34.0,22.443141631421263,11.556858368578737
23702,42.6246,31.071029722891875,11.553569733895234
24867,73.21,61.657707717972905,11.552291366499752
149762,885.0,873.4518663680286,11.548133631971382
52748,59.249,47.706419178192554,11.542581371123852
66585,22.0,10.459923829203898,11.540076170796102
101262,152.3,140.76445811348955,11.53554493826826
405083,104.63,93.1034644247677,11.526532828650275
70042,221.067,209.54633916512242,11.520662177651019
4925,18.83,7.311172108858381,11.518827814847674
62242,121.125,109.60821651990702,11.516783480092982
15649,40.2145,28.701082346238177,11.513418081007917
282152,206.0,194.49510441076836,11.504895589231637
41297,70.75,59.24677340909979,11.503226590900212
94988,77.542,66.04714714819919,11.494852668695344
33695,139.9,128.40724356207852,11.492750334405855
102191,183.683,172.19084799519547,11.492150662031094
9816,32.33,20.847910027086815,11.482091803967872
102856,118.09,106.60952837424533,11.480467963645296
36307,26.97,15.495849392557458,11.474149920797034
14150,41.1379,29.66640110544615,11.471500200706195
13224,32.28,20.831168170893967,11.448830608402908
57436,62.2,50.76909114129893,11.430909621640524
62893,40.9,29.47818948660198,11.421812039276926
14913,48.56,37.14035362744481,11.419647745846206
103200,355.31,343.91486905530076,11.395128503292995
8730,20.9,9.523992650585356,11.376006967944917
55087,48.0,36.63025211994327,11.369747880056728
15000,39.59,28.223181404049452,11.366818748538439
87200,202.0,190.6397543469163,11.360245653083695
4038,27.8519,16.50098387227743,11.350916228430577
166489,124.834,113.48848531554127,11.345514318247794
15960,52.3,40.96884071320915,11.3311585238514
49108,48.18,36.85753784242459,11.32246246275119
40531,63.91,52.5972738210826,11.312726026329507
16805,192.0,180.68919269832466,11.31080730167534
71936,76.245,64.93459992623426,11.310402820347775
35936,52.3333,41.028803311034586,11.304498233154867
11910,32.75,21.445607696691635,11.304392303308365
70042,220.85,209.54633916512242,11.303666938393206
14025,16.4,5.106769882435634,11.29322973609464
22334,102.91,91.61699688537199,11.293006776737386
57673,51.625,40.334680482270954,11.290319517729046
14185,27.047,15.761367864161777,11.285633020847989
239638,317.0,305.73217919994926,11.267820800050742
153700,803.914,792.6468324129391,11.267169051904602
4589,32.05,20.789902927443496,11.260096309617051
53077,42.261,31.008180533962054,11.252821052952008
8837,83.0,71.75459461592263,11.245405384077372
93420,61.75,50.50728214850463,11.242717851495371
140092,288.36,277.1298744655527,11.230110886009811
120694,408.96,397.73046325465265,11.229528200425477
9309,48.51,37.289655207317,11.220343114216206
51778,46.0,34.780823601984224,11.219176398015776
75000,91.0,79.79379303597848,11.206206964021519
153999,199.0,187.80271157268805,11.197288427311946
33739,87.23,76.03326810400009,11.196735252933507
28750,31.61,20.419397606739302,11.19060300361226
11464,15.1,3.9117812684202,11.188219113049527
93500,72.8333,61.64521420642434,11.188083523067846
93313,68.4667,57.281569807338386,11.185127885532708
41617,174.462,163.2785538961119,11.183451719122473
10385,22.545,11.363780896302181,11.181219179991764
53077,42.187,31.008180533962054,11.178819740696149
10103,30.35,19.18115389355727,11.168846487912457
112283,52.54,41.38081812860892,11.159182786918421
122592,279.77,268.61191640810665,11.158072605565224
6203,20.24,9.08222621281136,11.157773558306804
42755,82.65,71.50197785423241,11.148023671646499
77263,108.4,97.27959058260959,11.12041094326932
71224,80.65,69.53177877239092,11.118222753487984
20644,50.82,39.70322013848217,11.116779556342046
4000,16.6667,5.5542002108644235,11.112500152294757
66661,150.825,139.72083062382745,11.104166324414734
37083,47.41,36.306878097871945,11.103121749540165
81881,135.055,123.96557221326145,11.089420462519797
81881,135.055,123.96557221326145,11.089420462519797
81881,135.055,123.96557221326145,11.089420462519797
14744,27.65,16.56694627468606,11.083053343844213
82200,59.15,48.07762212813821,11.072379397740697
232139,611.511,600.4430314095656,11.067954918559394
151637,680.85,669.7913889476829,11.05858663825461
202829,171.19,160.13233995148073,11.05766248992552
34758,34.0,22.946292666346395,11.053707333653605
24643,75.03,63.979317808113954,11.05068097118292
86455,77.91,66.86948153035881,11.040522131750564
87131,129.542,118.50223802419774,11.039769422091325
47200,56.71,45.674137719078445,11.035861365394211
387638,73.7165,62.709790158800075,11.006709169813206
46230,45.0,33.994873421229734,11.005126578770266
93206,293.0,281.99509710566355,11.004902894336453
37083,47.31,36.306878097871945,11.003123275419071
13044,34.49,23.487326016666042,11.002675661800755
20804,28.96,17.963342835001335,10.996656249471322
30171,37.3275,26.331996075902747,10.99550331374569
43143,35.1428,24.155083649438474,10.987715728002932
88300,187.74,176.75424031376585,10.985765179398214
41241,44.0,33.01440978901789,10.98559021098211
50327,59.0,48.03663620557968,10.963363794420317
17077,52.0,41.03909480832238,10.960905191677618
13224,31.79,20.831168170893967,10.958832744633376
39558,49.467,38.51438208472304,10.95261696923204
20804,28.89,17.963342835001335,10.926656554647103
15574,26.78,15.853389653259601,10.926611033385907
183460,441.84,430.91710310797566,10.922893229914962
91253,99.5,88.58099801479662,10.91900198520338
39649,66.0,55.08275783177581,10.917242168224192
56995,271.812,260.90920928900937,10.902802429740632
28750,31.32,20.419397606739302,10.900602088084916
140345,193.71,182.81018742598226,10.899819287884924
25463,49.454,38.554577827050835,10.899420738622993
14025,16.0,5.106769882435634,10.893230117564366
66532,52.2,41.313494841216816,10.886505921722637
48411,209.55,198.68188181110997,10.868121240647838
128536,186.0,175.13262337944073,10.86737662055927
27318,58.55,47.68922054642174,10.86077869063881
40311,103.1,92.24145408899639,10.858544385124702
10578,68.83,57.97764472375438,10.852357107300307
381221,515.851,505.0185808444137,10.832432339180059
51500,105.43,94.61482908453439,10.815171220641389
48300,76.25,65.43707293693117,10.812927063068827
11910,32.25,21.445607696691635,10.804392303308365
140345,193.6,182.81018742598226,10.789818677533361
9045,26.0328,15.259015798018302,10.773784876420175
18340,34.75,23.98444624963654,10.765553750363459
74584,72.087,61.327028696652015,10.75996928918783
86786,83.0,72.24528804602814,10.754711953971864
91629,76.0,65.24804076016954,10.751959239830455
129344,481.4,470.65029561871523,10.749698277769141
69600,111.68,100.95469507941164,10.725305225764146
16092,30.8,20.07593859121716,10.724060645843387
155100,191.06,180.34137910352257,10.71861845507118
46981,138.85,128.13481049414315,10.715195609372472
1843,26.13,15.416914021785947,10.713085138980654
23112,31.38,20.675739195427685,10.704259965338917
99700,132.96,122.26493246147383,10.695074252393354
17132,25.91,15.217421979690537,10.692577867721573
167066,357.57,346.88081728420934,10.689190040009407
110800,79.51,68.83913580203387,10.670866334196603
55240,39.0,28.330590435648272,10.669409564351728
22000,71.83,61.16436187749794,10.665639953556749
66794,64.3484,53.68902530523555,10.659370996033978
13939,17.9,7.248296579687987,10.651703038842285
65907,98.96,88.30872612779567,10.65127295667699
14269,41.82,31.184082246241424,10.635917448582795
64749,53.0,42.372002228249336,10.627997771750664
64749,53.0,42.372002228249336,10.627997771750664
16098,31.22,20.596398209423327,10.623601103931165
70042,220.167,209.54633916512242,10.620668281166644
4000,16.1667,5.5542002108644235,10.612500152294757
13224,31.44,20.831168170893967,10.60883236316365
64619,214.665,204.0572778409249,10.607715445207901
15574,26.46,15.853389653259601,10.606609431213055
35990,197.05,186.44576044651237,10.604242605245446
99700,132.86,122.26493246147383,10.59506814887773
79700,120.44,109.85284544164244,10.587156999763806
102994,17.31,6.725791998807715,10.584207467134668
186572,82.0,71.41608906385036,10.583910936149636
25139,35.15,24.574304279715843,10.575697246163063
71421,110.4,99.82992526136076,10.57007626451815
59400,70.12,59.55704682367732,10.562955922904713
47191,41.0,30.43740339910606,10.56259660089394
29469,54.4,43.84579213733377,10.55420938854514
156483,546.205,535.6525644701712,10.552452619672522
3545,32.86,22.312161046531102,10.54783956382046
71994,58.0675,47.53316412692653,10.534336941188705
39541,34.71,24.176901575028438,10.533097509444218
66600,75.94,65.40980640194115,10.530196039465096
11270,22.2,11.670955286483407,10.529045476456046
31635,19.0,8.474713175547556,10.525286824452444
14973,17.599,7.07711333190781,10.521887598878322
24586,23.61,13.091220034161422,10.51878057619014
81372,140.811,130.29351170570138,10.517492932970498
31300,54.0,43.48990293064921,10.510097069350792
48411,209.19,198.68188181110997,10.508120630296276
16802,175.8,165.29263217265924,10.507370879098573
64113,92.53,82.02477535511987,10.505223424177004
21892,41.25,30.75960088138099,10.49039911861901
70832,154.37,143.88471041364593,10.485284703541566
46037,32.143,21.662840437628937,10.480161118767548
14790,12.7,2.226044409959384,10.473955399305753
41329,46.45,35.97689182707369,10.47310893586576
96336,27.625,17.166916002024095,10.458083997975905
3025,19.999,9.541287834701878,10.457712714614528
44203,31.97,21.526089239269243,10.443910074085249
194441,702.8,692.3594942510504,10.440493541918386
14150,40.1025,29.66640110544615,10.436099810081195
48642,41.2,30.7757222115214,10.424278551418052
32527,33.12,22.698255887297467,10.421743044587298
23871,33.0,22.602140105561915,10.397859894438085
214252,59.0,48.602601422703465,10.397398577296535
214252,59.0,48.602601422703465,10.397398577296535
214252,59.0,48.602601422703465,10.397398577296535
138316,346.6,336.2114132903778,10.388592813137848
44564,97.0,86.620599200529,10.379400799471
30531,40.2333,29.854562326432266,10.378736928938828
102856,116.97,106.60952837424533,10.360472846457796
3000,21.5833,11.235324994638358,10.347974642202463
22000,71.51,61.16436187749794,10.34564025873253
74443,191.071,180.73524468056496,10.335754464942852
111304,114.94,104.60904396287314,10.330958478533105
21866,32.475,22.151210485259472,10.323787988861621
5783,181.8,171.48005033544763,10.319952716310183
76537,106.288,95.97464713582077,10.313354878339382
40142,206.25,195.9503806263049,10.299619373695094
39464,22.179,11.888145435589983,10.290855418902204
8079,21.12,10.842593343773954,10.277407495459444
26926,29.198,18.93111771226888,10.266882241954754
39464,22.142,11.888145435589983,10.253854762774274
6431,28.24,17.996440658666852,10.243559112451312
557217,72.95,62.70971209493002,10.240284853312168
23702,41.3086,31.071029722891875,10.237571656502656
24875,36.61,26.373050955355765,10.236949654995797
105500,108.17,97.93455912021871,10.235439048726604
15960,51.2,40.96884071320915,10.231160049730306
81576,395.885,385.65867643538155,10.226333330243449
19429,21.3,11.075588572988739,10.224410664071808
48642,41.0,30.7757222115214,10.224277788478599
51778,45.0,34.780823601984224,10.219176398015776
51778,45.0,34.780823601984224,10.219176398015776
16576,58.06,47.84645721998391,10.213544153307105
14519,35.66,25.455705174679938,10.204294672732171
39143,47.0,36.79638489404596,10.203615105954043
153999,198.0,187.80271157268805,10.197288427311946
134114,167.47,157.2748331863624,10.195168034340725
16576,58.04,47.84645721998391,10.193543695543433
15715,14.4,4.208549980487367,10.191449638042906
30613,28.1,17.91475535467321,10.185245026796515
83772,36.916,26.74168677724888,10.174313588962058
50493,40.2625,30.09239810014734,10.170102662792115
13224,31.0,20.831168170893967,10.168831829106033
17220,53.2917,43.124059381666974,10.167639074143572
130581,136.5,126.33973507717745,10.160264922822549
53234,111.75,101.59823949114269,10.151760508857308
73277,174.0,163.85076775230544,10.149232247694556
18551,22.0,11.85744006256594,10.14255993743406
112536,174.35,164.22713646287875,10.122869640636878
173479,85.75,75.63062652128431,10.119373478715687
173479,85.7499,75.63062652128431,10.11927429658678
120836,683.933,673.8223967752388,10.110586623198742
41861,50.0,39.88969071725503,10.110309282744971
41861,50.0,39.88969071725503,10.110309282744971
71806,50.665,40.56042857818917,10.104572337338176
58703,86.862,76.76906599693291,10.092933514785841
679614,111.006,100.91892446498059,10.087072239120971
50000,73.97,63.88725651604469,10.082744704658438
3569,27.357,17.284484426073554,10.072515924878594
65843,43.8525,33.78243106238984,10.070069853137504
93313,67.35,57.281569807338386,10.068428666782708
305268,128.052,117.98425630868269,10.067745644442311
18471,31.0,20.932552497188123,10.067447502811877
90900,175.26,165.19638811422217,10.063606392613764
144000,76.21,66.1521936565581,10.057805427914559
75650,60.89,50.84006241374371,10.049936975904728
21539,138.0,127.95131600271785,10.048683997282154
64153,63.8,53.75432503284644,10.045674204214109
103138,496.569,486.52717620877064,10.041824035369984
103138,496.569,486.52717620877064,10.041824035369984
8079,20.88,10.842593343773954,10.037405816992647
21469,49.981,39.94433602651463,10.036662966405295
420885,942.75,932.7145570248197,10.035442975180331
225014,179.0,168.96841801675487,10.031581983245133
132394,212.5,202.47204672042318,10.02795327957682
9838,94.94,84.91373325796245,10.026269183443802
15120,24.8333,14.809838501619142,10.023461135221678
99700,132.28,122.26493246147383,10.015066317823042
53303,435.2,425.19307893756763,10.006933269463616
46230,44.0,33.994873421229734,10.005126578770266
46230,44.0,33.994873421229734,10.005126578770266
46230,44.0,33.994873421229734,10.005126578770266
32766,48.35,38.34689649346052,10.003101980660574
13224,30.83,20.831168170893967,9.998831752812087
41241,43.0,33.01440978901789,9.98559021098211
327256,939.29,929.3100436754685,9.979934351875272
13224,30.81,20.831168170893967,9.978831295048415
40085,60.5,50.522949634775095,9.977050365224905
25401,54.0539,44.083301216440105,9.970600455923176
15786,22.42,12.453619575814807,9.966380500479138
157545,191.964,182.01542427431616,9.948580242285402
21469,49.8897,39.94433602651463,9.945365816747092
179449,382.7,372.75962880079385,9.940383406237402
14561,181.0,171.07155959304185,9.928440406958146
88486,110.43,100.51803659247284,9.911963712702942
37803,29.7139,19.814994406317467,9.89890520610929
11265,13.425,3.526371877042629,9.898628313692235
23432,62.555,52.65943805968158,9.895562245494204
93608,63.9,54.00984954428346,9.890151981595444
21600,41.06,31.179455074209844,9.880546299081171
405083,102.98,93.1034644247677,9.8765389321659
39648,42.0,32.130720848534395,9.869279151465605
130794,120.9,111.03177508704026,9.868226438838647
15950,34.87,25.01212443587843,9.857874496006335
2260,19.9512,10.09967349401458,9.851526991214913
33401,14.4,4.551443701283565,9.848555917246708
401753,280.2,270.35362210351707,9.846390103514182
5839,38.875,29.032411207219496,9.842588792780504
56467,48.187,38.35536462510165,9.831635649556553
43992,254.9,245.07974080121127,9.820253095273102
99700,132.08,122.26493246147383,9.815069369580854
39807,38.453,28.646733807880572,9.806265307109662
51500,104.42,94.61482908453439,9.80516908441092
2260,19.9,10.09967349401458,9.800326124515694
39464,21.684,11.888145435589983,9.795854579668806
138977,191.727,181.93299727110568,9.794007733777136
70832,153.67,143.88471041364593,9.785287755299379
23392,37.18,27.398699271212255,9.781301033963526
57811,65.0,55.23225460989034,9.76774539010966
9813,28.76,18.994625230529206,9.76537499835263
17709,40.83,31.064765207702916,9.765236623351772
1396,16.78,7.017108611653998,9.762892074991509
28590,113.333,103.57175092341164,9.761249259693827
86786,82.0,72.24528804602814,9.754711953971864
36904,54.51,44.75681340557054,9.753184915962663
91629,75.0,65.24804076016954,9.751959239830455
47500,71.07,61.32285640720736,9.747143287616858
90400,415.43,405.68319902028577,9.74679365549548
77700,81.36,71.61951473544303,9.74048587490853
37100,153.917,144.1811860548558,9.735821391433262
34171,48.08,38.35095066376559,9.7290511672891
35465,52.5001,42.77485475676939,9.725244425359513
122592,278.32,268.61191640810665,9.708090916112099
148829,209.86,200.15346486354,9.706535746811568
140345,192.51,182.81018742598226,9.699807080853674
346056,64.0,54.30425170417892,9.695748295821083
74180,62.4,52.70538831837568,9.694613207503224
56137,52.0,42.3111057578752,9.688894242124803
7292,27.5,17.815661201514253,9.684338798485747
29778,30.49,20.80768162597745,9.682318145140712
83400,78.12,68.44088068827044,9.679122058311592
14790,11.9,2.226044409959384,9.67395520857089
46037,31.3188,21.662840437628937,9.655959534905243
46037,31.3188,21.662840437628937,9.655959534905243
30171,35.98,26.331996075902747,9.64800346633358
44182,76.5,66.86000540657523,9.639994593424774
18432,40.75,31.118931138238125,9.631068861761875
24103,29.125,19.49913333347199,9.625866666528012
59900,68.73,59.117070439659265,9.612932917274328
27926,79.0405,69.43858683946416,9.60190998670771
102774,96.8,87.20070512729781,9.599297924460004
39541,33.76,24.176901575028438,9.583096746504765
50020,40.5,30.92727077113561,9.57272922886439
77844,97.12,87.54997850088311,9.570024245698917
17879,73.5167,63.95125618590682,9.565444558722085
9941,30.26,20.70043334178047,9.559566887101365
38500,130.58,121.02185886998761,9.558142961067077
26033,32.0,22.443141631421263,9.556858368578737
167055,117.8,108.24857773041703,9.551425321340787
20986,29.0,19.452100858827336,9.547899141172664
64153,63.3,53.75432503284644,9.545674204214109
426472,372.0,362.4585585652382,9.541441434761794
47007,50.7333,41.20119199898918,9.532107256381913
53303,434.725,425.19307893756763,9.531927165947991
41933,49.75,40.23331681580517,9.516683184194832
51920,100.21,90.69577192860044,9.51422715587222
9816,30.36,20.847910027086815,9.512090583264747
1760,27.28,17.77692946346299,9.503071223182516
15306,26.6,17.103558978535954,9.496441402933772
17927,38.44,28.943953453402244,9.49604517330674
53860,81.4186,71.93530689627042,9.483295093475675
9309,46.77,37.289655207317,9.480345250446675
51622,113.55,104.07337745429024,9.476625597467574
18000,61.33,51.86341238506539,9.4665894459893
47200,55.14,45.674137719078445,9.465861670569993
29469,53.308,43.84579213733377,9.462206519892796
29469,53.308,43.84579213733377,9.462206519892796
71806,50.0175,40.56042857818917,9.45707325286552
49100,65.88,56.42364631691706,9.456350936500911
45086,37.0,27.544218091023907,9.455781908976093
66203,116.585,107.12973699866703,9.455262085805629
86959,40.166,30.711554953942787,9.45444541226815
4000,15.0,5.5542002108644235,9.445799789135577
47439,163.09,153.64556906179624,9.444427276094387
43143,33.5981,24.155083649438474,9.443015105444339
118338,421.434,411.99979701573363,9.434193462781991
5554,24.77,15.338502339912475,9.431498117851197
137040,131.21,121.77975418745667,9.430252526410513
182943,629.677,620.2518894061445,9.425112546980472
21368,19.61,10.192747487574746,9.417253122776817
53234,111.0,101.59823949114269,9.401760508857308
23871,32.0,22.602140105561915,9.397859894438085
23871,32.0,22.602140105561915,9.397859894438085
214252,58.0,48.602601422703465,9.397398577296535
214252,58.0,48.602601422703465,9.397398577296535
27648,35.529,26.13478073202051,9.394218596592772
14025,14.5,5.106769882435634,9.393230117564366
31346,56.13,46.73765490910653,9.392346159008703
28432,58.125,48.739234765419816,9.385765234580184
5554,24.72,15.338502339912475,9.381496973442017
8730,18.9,9.523992650585356,9.376006967944917
21582,24.01,14.638583031003636,9.3714171978782
65999,62.325,52.96047951490119,9.364521248038265
26495,12.5417,3.179630554201467,9.362069808957713
15269,33.79,24.433380997928335,9.356619917599009
39464,21.241,11.888145435589983,9.352853786211774
57274,55.32,45.97178662242205,9.348213072402167
27814,315.75,306.41005068900006,9.339949310999941
40461,42.025,32.68642688363595,9.338574642242953
18342,21.425,12.0933025056902,9.331696731370346
57436,60.1,50.76909114129893,9.330907332822164
40451,81.825,72.52081961435991,9.30417733388228
6392,25.0,15.698659560228386,9.301340439771614
10103,28.47,19.18115389355727,9.288845419797223
18000,61.15,51.86341238506539,9.286589140813518
4000,14.8333,5.5542002108644235,9.279099425976398
83108,63.2,53.925738396402224,9.27426236653723
149762,882.725,873.4518663680286,9.273109217908882
40835,25.075,15.810589915386839,9.264410847552615
13224,30.09,20.831168170893967,9.258831981693923
30300,16.7,7.449639896848932,9.25036086609052
8837,81.0,71.75459461592263,9.245405384077372
23803,81.75,72.51044761749381,9.23955238250619
14150,38.9046,29.66640110544615,9.238197130637836
69400,100.74,91.51270432346128,9.227293540308253
27640,39.275,30.04829477910019,9.226706746778717
58562,149.967,140.74267598829437,9.224319250963447
22949,13.3,4.092990656883649,9.207009533851213
83800,138.78,129.58576344164652,9.194235337650355
16682,112.708,103.52036271973347,9.187637463371999
5554,24.52,15.338502339912475,9.181498117851197
25463,47.731,38.554577827050835,9.176421165869087
22524,35.0,25.82641212471668,9.17358787528332
278795,234.65,225.4772542573112,9.172739639173187
57673,49.5,40.334680482270954,9.165319517729046
17262,52.71,43.544754865063304,9.165244219409352
62205,110.86,101.70138266734581,9.158617943005751
71936,74.093,64.93459992623426,9.158402393101682
104089,158.0,148.84298668027222,9.157013319727781
6431,27.15,17.996440658666852,9.153558959863421
65663,90.325,81.17271682915242,9.152280119089767
53234,110.75,101.59823949114269,9.151760508857308
13100,27.76,18.608836661917763,9.151163566964073
62242,118.75,109.60821651990702,9.141783480092982
144900,224.97,215.83014309855787,9.139858122145256
7133,40.54,31.410553472373927,9.129447443153417
57100,51.9,42.771477017837995,9.128524508040911
36562,106.67,97.54477160197824,9.125226566967072
59476,49.26,40.13679066234817,9.123207659185034
1396,16.13,7.017108611653998,9.112890549112603
131797,57.84,48.735275697307706,9.104724455280184
389641,136.0,126.89749329657388,9.102506703426116
389641,136.0,126.89749329657388,9.102506703426116
30160,52.5,43.398355647414725,9.101644352585275
52034,63.0001,53.89970547704957,9.100393705079334
262162,441.0,431.9043002382602,9.095699761739809
27452,29.0,19.906778956253365,9.093221043746635
86959,39.798,30.711554953942787,9.086445381750572
8079,19.92,10.842593343773954,9.077406732519991
51471,86.2613,77.18846322824882,9.07283590505196
20584,78.21,69.140539141848,9.069459942624661
222434,152.618,143.55125915533304,9.06673706048727
148101,163.66,154.5936055795324,9.066398082576967
121146,73.0,63.937883424472915,9.062116575527085
33401,13.61,4.551443701283565,9.05855595539368
39558,47.56,38.51438208472304,9.045619288567977
12945,19.69,10.645731462290515,9.044269071767102
557217,71.75,62.70971209493002,9.040287905069981
10103,28.22,19.18115389355727,9.038845419797223
167055,117.28,108.24857773041703,9.03142104887985
33739,85.06,76.03326810400009,9.026729454593664
3025,18.5656,9.541287834701878,9.024311606826442
62893,38.5,29.47818948660198,9.02181051339802
9392,29.47,20.452303864883426,9.017695448471066
46230,43.0,33.994873421229734,9.005126578770266
53077,40.007,31.008180533962054,8.998819435520367
4773,29.1,20.101508729557995,8.998491651911731
15879,28.0,19.004714146124897,8.995285853875103
29916,67.61,58.61776458479062,8.992236025560942
15715,13.2,4.208549980487367,8.99144982877777
21892,39.75,30.75960088138099,8.99039911861901
65144,49.07,40.08265900069903,8.987340694125187
8051,19.2,10.215411283123336,8.984589479816117
8051,19.2,10.215411283123336,8.984589479816117
14519,34.44,25.455705174679938,8.984293452029046
56388,81.906,72.92864052983418,8.977357700146285
83108,62.9,53.925738396402224,8.974263129476682
37107,146.004,137.03620508662948,8.967792716104896
61439,34.3,25.338672833840796,8.96132640321975
138602,107.0,98.04670134447302,8.953298655526979
71421,108.78,99.82992526136076,8.950073517936119
21368,19.14,10.192747487574746,8.947251902073692
72709,44.579,35.63741018810328,8.941588377570547
44784,34.0,25.05864789080191,8.941352109198089
33246,30.4167,21.48922706643315,8.927473296726031
16805,189.609,180.68919269832466,8.919800831948777
39649,64.0,55.08275783177581,8.917242168224192
39649,64.0,55.08275783177581,8.917242168224192
11442,24.16,15.243184887108114,8.916814960303995
57673,49.25,40.334680482270954,8.915319517729046
11910,30.35,21.445607696691635,8.904392684778092
53234,110.5,101.59823949114269,8.901760508857308
71088,144.0,135.09937514591948,8.900624854080519
71088,144.0,135.09937514591948,8.900624854080519
27648,35.027,26.13478073202051,8.892219695225585
4583,25.34,16.451960637272258,8.888039515315633
66013,80.7441,71.85826474655329,8.885837731474055
9813,27.88,18.994625230529206,8.885373930237396
57274,54.85,45.97178662242205,8.878211851699042
27995,44.5718,35.69987448207459,8.871925749859003
82200,56.94,48.07762212813821,8.862376498570775
87131,127.356,118.50223802419774,8.85376478341945
7292,26.6667,17.815661201514253,8.851039161644927
66794,62.54,53.68902530523555,8.85097561029179
82911,77.9,69.05832503926837,8.841676486610538
8079,19.68,10.842593343773954,8.837406961401827
110919,101.165,92.33023834882397,8.834762566703375
100328,118.739,109.90484107167478,8.834157341411156
62893,38.3,29.47818948660198,8.821809750458566
58196,93.2933,84.47783244042338,8.81546437354146
5447,13.474,4.658557203707558,8.815442773404257
102774,96.0,87.20070512729781,8.799294872702191
118338,420.792,411.99979701573363,8.792195171766366
21168,39.35,30.55925140608615,8.790747068034943
218024,196.0,187.21198291919106,8.788017080808942
22101,82.5,73.71617728775752,8.783822712242483
123612,227.8,219.01841243460865,8.781590617149163
187041,187.05,178.29035800293548,8.759645048822335
27646,24.64,15.892940934549317,8.74705845509912
8051,18.96,10.215411283123336,8.74458780134932
38598,74.0,65.25679238145119,8.743207618548809
77632,136.0,127.27497983577194,8.725020164228056
37775,39.0,30.275287860848188,8.724712139151812
70800,109.32,100.59692575143912,8.723073943385103
10334,22.54,13.823979355530275,8.716021559997069
155682,134.66,125.95948568358907,8.70051797852031
15786,21.15,12.453619575814807,8.696380042715466
346056,63.0,54.30425170417892,8.695748295821083
345837,191.26,182.5676391433908,8.692355363445131
222434,152.228,143.55125915533304,8.676737670838833
51471,85.8642,77.18846322824882,8.675733549094929
24643,72.65,63.979317808113954,8.670683717764952
43143,32.8257,24.155083649438474,8.670615203100589
4589,29.46,20.789902927443496,8.67009615702916
55240,37.0,28.330590435648272,8.669409564351728
61204,126.2,117.53228329946366,8.66771364877853
65144,48.7501,40.08265900069903,8.667440181429875
100328,118.568,109.90484107167478,8.66315972178225
37241,107.708,99.04887659598579,8.65912358711968
49662,199.78,191.1247216399038,8.655277139393064
64024,58.0,49.345865967876115,8.654134032123885
52559,45.0,36.349294900499125,8.650705099500875
9392,29.1,20.452303864883426,8.6476965165863
28084,48.075,39.441034602624484,8.63396616031497
18342,20.725,12.0933025056902,8.631697875779526
51471,85.8182,77.18846322824882,8.629735929466023
43681,152.29,143.66093006200165,8.629063224131158
65663,89.8,81.17271682915242,8.627286222605392
107730,175.0,166.37389607572766,8.626103924272343
10334,22.45,13.823979355530275,8.626021407409178
102994,15.35,6.725791998807715,8.624208382662012
72332,227.959,219.3387453443446,8.62025428944446
283000,389.61,380.99160520837177,8.618380143190734
273234,908.25,899.6352102204693,8.614789779530724
61439,33.95,25.338672833840796,8.611327929098657
68701,57.09,48.484194702905036,8.605805449682855
8079,19.44,10.842593343773954,8.597407190283663
73813,371.25,362.66429192041716,8.585708079582844
186572,80.0,71.41608906385036,8.583910936149636
243072,441.55,432.9709513137315,8.579036479237232
12088,12.1,3.5213626383223864,8.57863774314734
4583,25.03,16.451960637272258,8.57804004937325
147205,125.0,116.42536445396028,8.574635546039715
199037,246.5,237.9264228507778,8.573577149222189
89770,168.91,160.3422818375774,8.567721824531986
5554,23.9,15.338502339912475,8.561497278617798
60582,110.08,101.52096315039131,8.559038680663377
51471,85.7456,77.18846322824882,8.557134611106648
11270,20.22,11.670955286483407,8.549044026871085
20986,28.0,19.452100858827336,8.547899141172664
66585,19.0,10.459923829203898,8.540076170796102
22101,82.2502,73.71617728775752,8.534021076500295
20444,38.077,29.543182547380642,8.533817116925999
14524,15.2497,6.719791612028279,8.529907980562054
8726,19.28,10.75529017489369,8.524710511751818
15000,36.74,28.223181404049452,8.516820274417345
54405,26.0,17.483359879608244,8.516640120391756
54405,26.0,17.483359879608244,8.516640120391756
38500,129.53,121.02185886998761,8.508139909309264
45348,44.5,35.993275975793495,8.506724024206505
17132,23.7,15.217421979690537,8.482578783248917
32527,31.17,22.698255887297467,8.471744188996478
65999,61.425,52.96047951490119,8.464519722159359
26926,27.372,18.93111771226888,8.440882028331707
11900,45.9,37.4657365711648,8.43426495471411
22000,69.59,61.16436187749794,8.425634460392686
10151,26.54,18.116224386993043,8.423776528534301
9788,22.73,14.310098695307707,8.419900846928622
19041,18.2,9.783589393042947,8.416411369896506
8168,29.4167,21.00396897663677,8.41273138652241
66900,97.29,88.88360894660983,8.406391968917518
11274,31.73,23.325137335591627,8.404862206644701
14842,34.98,26.578414926634537,8.401584615601791
77844,95.95,87.54997850088311,8.400018447359074
100328,118.303,109.90484107167478,8.398160332133813
40706,30.5,22.10448978708124,8.395510212918762
28363,17.8,9.410502620812421,8.389496616248126
222434,151.94,143.55125915533304,8.388743286073208
15649,37.0896,28.701082346238177,8.388517263136823
408000,688.87,680.4859150027135,8.384080114474045
11265,11.9,3.526371877042629,8.373627741487645
68203,17.53,9.157118375556369,8.372882311089139
82200,56.45,48.07762212813821,8.372378634801244
29778,29.17,20.80768162597745,8.362318450316494
4589,29.15,20.789902927443496,8.360096691086778
50567,53.55,45.19129391624614,8.358705320814408
65144,48.44,40.08265900069903,8.357339626009953
66013,80.2108,71.85826474655329,8.352535424345149
405083,101.45,93.1034644247677,8.346532523474494
40492,25.225,16.882705463049422,8.342294918420304
25000,34.63,26.2894903178711,8.340510750244135
9303,35.0,26.667052539014318,8.332947460985682
31316,31.0,22.667616655478536,8.332383344521464
23549,26.19,17.864353116853138,8.325647417204479
9726,14.83,6.5086050235065445,8.321394900199511
43681,151.98,143.66093006200165,8.319065665537408
12152,16.095,7.784094299998703,8.31090501335579
35936,49.3333,41.028803311034586,8.304498233154867
16576,56.15,47.84645721998391,8.303544305894995
27648,34.436,26.13478073202051,8.3012200919541
268480,218.714,210.42514181285284,8.28886270374872
61439,33.625,25.338672833840796,8.286327166159204
13220,29.0,20.715090028190367,8.284909971809633
179167,82.87,74.59056572612883,8.279437020453202
88480,142.497,134.2215673236592,8.275426694895486
193723,172.0,163.727659602302,8.272340397698002
91253,96.85,88.58099801479662,8.269000459324474
51920,98.96,90.69577192860044,8.26422715587222
5554,23.6,15.338502339912475,8.261498041557251
112283,49.64,41.38081812860892,8.259181261039515
162549,128.477,120.2215696136214,8.255435391261415
8837,80.0,71.75459461592263,8.245405384077372
122592,276.85,268.61191640810665,8.238089695408974
52302,23.2,14.964148787276185,8.235851975663268
47954,57.25,49.02727559162675,8.222724408373253
4336,12.69,4.469772306554121,8.220227273829181
50567,53.4,45.19129391624614,8.208707609632768
37800,71.52,63.31257688081704,8.207419762249366
115788,259.85,251.64614657717954,8.203859526336089
137040,129.98,121.77975418745667,8.200241540082388
34171,46.54,38.35095066376559,8.189050251761756
25139,32.76,24.574304279715843,8.18569404181736
157933,264.125,255.94139935814349,8.183600641856515
12088,11.7,3.5213626383223864,8.17863717094275
42755,79.675,71.50197785423241,8.173025197525405
12945,18.77,10.645731462290515,8.124268995473157
32527,30.81,22.698255887297467,8.111743578644916
27646,24.0,15.892940934549317,8.107059065450683
93500,69.75,61.64521420642434,8.104785793575658
30160,51.5,43.398355647414725,8.101644352585275
7043,62.2495,54.159659748202486,8.089840526455717
122122,313.0,304.9177275269143,8.082272473085709
43400,31.1,23.021419967731944,8.078580413737782
18474,16.5,8.427080509688045,8.072919490311955
70042,217.617,209.54633916512242,8.070665229408831
16744,21.37,13.311075909083941,8.058924930149457
9838,92.9725,84.91373325796245,8.058770404146927
34758,31.0,22.946292666346395,8.053707333653605
60000,104.167,96.11445481885559,8.05254499803894
60000,104.167,96.11445481885559,8.05254499803894
60000,104.167,96.11445481885559,8.05254499803894
9309,45.34,37.289655207317,8.050344945270894
94988,74.095,66.04714714819919,8.047854072503938
65144,48.13,40.08265900069903,8.047342067416203
85623,79.0,70.96031609100551,8.03968390899449
12908,40.24,32.20129789974108,8.038703778725719
18414,54.5833,46.547193360977445,8.036108183212008
52302,23.0,14.964148787276185,8.035851212723815
71421,107.86,99.82992526136076,8.030075348990806
14524,14.7453,6.719791612028279,8.025508680940472
68203,17.18,9.157118375556369,8.022881929619412
105500,105.95,97.93455912021871,8.01543782802348
88486,108.53,100.51803659247284,8.011962186824036
82789,69.0,60.999096465550636,8.000903534449364
4589,28.79,20.789902927443496,8.000097988083848
70800,108.59,100.59692575143912,7.993070586451509
13224,28.82,20.831168170893967,7.988831523930251
33148,86.025,78.03766971688533,7.987331808993574
29149,18.9,10.91743338116423,7.9825662373660435
15269,32.409,24.433380997928335,7.9756193988001804
35936,49.0,41.028803311034586,7.971196688965414
143093,167.53,159.5636615206117,7.966337258685172
37096,38.636,30.672807248367594,7.963194338546469
30531,37.8167,29.854562326432266,7.962137655257187
17077,49.0,41.03909480832238,7.960905191677618
76903,55.0222,47.067730689326375,7.954470848759563
10733,28.73,20.779457008483618,7.95054253375271
100481,374.261,366.3107338222408,7.95025250588418
100481,374.261,366.3107338222408,7.95025250588418
39558,46.4603,38.51438208472304,7.945918360833602
5033,19.21,11.264906586152822,7.945092498319834
134748,282.797,274.85263650688063,7.9443605634318715
9838,92.8575,84.91373325796245,7.943764910982864
69799,96.0,88.07081811126567,7.929181888734334
18000,59.79,51.86341238506539,7.926588530461956
25401,51.9998,44.083301216440105,7.916500419302082
9303,34.5833,26.667052539014318,7.9162490051751355
58307,62.0333,54.11843626329468,7.914862229136958
48881,42.5,34.59207434655215,7.9079256534478475
39558,46.417,38.51438208472304,7.9026177321714925
9816,28.75,20.847910027086815,7.902089972913185
8000,27.82,19.91876652518705,7.90123316963717
7675,22.74,14.842830740340098,7.897169030778066
48300,73.3333,65.43707293693117,7.896224792561014
4589,28.68,20.789902927443496,7.890097377732285
65843,41.67,33.78243106238984,7.887567106555473
51622,111.95,104.07337745429024,7.876619493951949
143093,167.44,159.5636615206117,7.876340920794547
4581,15.36,7.484612987329101,7.875386669348145
27685,14.959,7.083905276802239,7.875094356986824
373416,125.0,117.12672910456456,7.873270895435439
345837,190.43,182.5676391433908,7.862353532390443
57201,94.442,86.58520628039662,7.856795062376818
112283,49.23,41.38081812860892,7.849181413627406
29062,9.0,1.1544441161993901,7.84555588380061
62238,64.28,56.43786576971901,7.842133009577864
37241,106.889,99.04887659598579,7.840123342979055
33401,12.39,4.551443701283565,7.838556642039189
35354,65.3438,57.51138903515408,7.832414370607637
4071,85.7,77.86951697258688,7.830479975655308
34171,46.17,38.35095066376559,7.819047505179725
12777,14.8,6.994928799878786,7.805071390856077
137040,129.58,121.77975418745667,7.800247643598013
4589,28.59,20.789902927443496,7.800097225144395
4583,24.25,16.451960637272258,7.798039362727742
104355,169.55,161.7541327402342,7.7958703115236005
22400,43.01,35.2146387862968,7.7953595352364005
26187,106.54,98.76715630555593,7.772844609971415
61756,81.0,73.23098679483137,7.769013205168633
33739,83.8,76.03326810400009,7.766734947757726
21469,47.6967,39.94433602651463,7.752365023290061
37775,38.0,30.275287860848188,7.724712139151812
85164,69.839,62.12982568518678,7.709171202020251
77844,95.25,87.54997850088311,7.700021499116886
15913,44.28,36.58207433605272,7.697924443244155
12750,20.15,12.455114987153234,7.69488463137704
20540,38.3359,30.64733030524539,7.688569047781954
24979,74.0,66.31226104853744,7.687738951462563
49384,62.58,54.89910428621494,7.680897544839745
4482,37.0,29.3200721566835,7.679927843316499
8730,17.2,9.523992650585356,7.676008112354097
140092,284.8,277.1298744655527,7.670113327416061
53194,20.65,12.984236452706801,7.665763165823472
11329,18.79,11.129841220967467,7.660159694559876
9666,23.48,15.822944010770948,7.65705553146538
129532,118.717,111.06161541494338,7.655387453708968
51920,98.34,90.69577192860044,7.644224409290189
237518,1041.37,1033.7266117966929,7.6433833204946495
29063,43.7,36.07531868926343,7.62468207367602
36904,52.38,44.75681340557054,7.623187662544694
56569,37.1,29.47818356152074,7.621814912600353
37917,59.1875,51.566530785654486,7.620969214345514
21892,38.38,30.75960088138099,7.620400186734244
18414,54.1667,46.547193360977445,7.619505094833102
12316,25.3,17.686612558168754,7.613386678891793
35465,50.38,42.77485475676939,7.605146311345841
102774,94.8,87.20070512729781,7.599297924460004
129664,271.95,264.364248823844,7.58576338318727
127632,360.5,352.9154120660212,7.58458793397881
6625,12.88,5.3125458559730445,7.5674542584678735
8073,15.3825,7.821395810940874,7.561103883883344
29916,66.17,58.61776458479062,7.552233584154692
40697,32.0,24.450107735374672,7.549892264625328
40697,32.0,24.450107735374672,7.549892264625328
8051,17.76,10.215411283123336,7.5445889457585
5769,20.6,13.06112732257264,7.538873058897087
10385,18.899,11.363780896302181,7.5352192715444986
124197,74.0,66.46660534492845,7.533394655071547
11329,18.66,11.129841220967467,7.530158626444642
23803,80.04,72.51044761749381,7.529553298033534
16092,27.6,20.07593859121716,7.524061790252567
33530,23.0025,15.48006783387146,7.522432700186156
66013,79.3655,71.85826474655329,7.507236657255305
11910,28.94,21.445607696691635,7.494392837365982
13469,38.0,30.512954925353924,7.487045074646076
157113,19.46,11.977464329187958,7.482534755284698
30810,50.81,43.34839231441704,7.461609058873975
3907,15.2275,7.773741204075227,7.4537587577778
6944,28.22,20.771191659038372,7.44880765431612
26507,66.6667,59.21928039186098,7.447421878646836
405083,100.55,93.1034644247677,7.446538626990119
98125,186.45,179.00676345667947,7.443233491562722
59071,63.7853,56.342167889423116,7.443133319072977
14185,23.196,15.761367864161777,7.434631281346036
87131,125.936,118.50223802419774,7.433758985079606
77469,217.75,210.3204192567057,7.429580743294309
3729,11.625,4.19842288616139,7.42657711383861
62893,36.9,29.47818948660198,7.421812039276926
52141,89.3587,81.9438004329225,7.414903180358749
3545,29.72,22.312161046531102,7.40783826682339
53234,109.0,101.59823949114269,7.401760508857308
6139,25.94,18.546339444333615,7.393661089724002
23533,20.1925,12.80118417694109,7.391314983825511
68701,55.8675,48.484194702905036,7.383305602270745
44564,94.0,86.620599200529,7.379400799471
15950,32.39,25.01212443587843,7.377874953770007
19823,129.375,122.00064198061145,7.374358019388552
49975,63.9375,56.56837217281457,7.36912782718543
216526,131.51,124.14765509578125,7.362339411054691
32766,45.6833,38.34689649346052,7.336403524850027
4581,14.81,7.484612987329101,7.325387432287598
5554,22.66,15.338502339912475,7.321497507499634
40531,59.91,52.5972738210826,7.312726026329507
32206,37.5667,30.258118992700023,7.30858098898943
187174,359.704,352.41482775024036,7.289182259525262
66600,72.69,65.40980640194115,7.280196039465096
26495,10.4583,3.179630554201467,7.278669082639354
20584,76.41,69.140539141848,7.26946452026138
252268,212.0,204.73899906454778,7.261000935452216
5554,22.59,15.338502339912475,7.2514978126754155
54061,82.95,75.70343828630207,7.246558661940114
8837,79.0,71.75459461592263,7.2454053840773724
8837,79.0,71.75459461592263,7.2454053840773724
86465,163.25,156.01211916823806,7.237880831761942
160038,98.9,91.67178586365603,7.22821566222288
51778,42.0,34.780823601984224,7.219176398015776
7636,30.8,23.589878385380086,7.210120851680461
15326,17.25,10.04102966568041,7.20897033431959
75000,87.0,79.79379303597848,7.2062069640215185
43910,57.2628,50.05703918251732,7.20575912680885
75929,476.817,469.61170027226115,7.205285811723229
33739,83.23,76.03326810400009,7.196735252933507
118231,140.115,132.91861146658698,7.196394026577082
118231,140.115,132.91861146658698,7.196394026577082
118231,140.115,132.91861146658698,7.196394026577082
4581,14.68,7.484612987329101,7.19538731784668
15715,11.4,4.208549980487367,7.191449638042906
21168,37.75,30.55925140608615,7.190748593913849
112283,48.57,41.38081812860892,7.1891815662152965
83772,33.915,26.74168677724888,7.173314138278464
157113,19.15,11.977464329187958,7.172535289342315
11302,21.6,14.435927289822423,7.164073091647303
19000,35.52,28.360372671680704,7.159627786082968
3545,29.47,22.312161046531102,7.15783826682339
8079,18.0,10.842593343773954,7.157406656226046
114166,171.902,164.74919753445585,7.152795263395717
32527,29.85,22.698255887297467,7.151744494172259
29192,55.91,48.76006857294362,7.149931274468493
11265,10.675,3.526371877042629,7.148628313692234
31614,21.5,14.355366460165289,7.144633539834711
22334,98.76,91.61699688537199,7.143005250858479
17190,16.0,8.862108681057567,7.137891318942433
12045,12.1,4.968086353783681,7.1319140276860455
144900,222.96,215.83014309855787,7.1298636153093184
108971,158.275,151.15234512631167,7.122648770172702
101555,84.0,76.8793916439436,7.120608356056394
27648,33.25,26.13478073202051,7.115219267979491
1760,24.89,17.77692946346299,7.113069926185446
58562,147.85,140.74267598829437,7.107330115221259
12777,14.1,6.994928799878786,7.10507158159094
185200,200.75,193.64519216799664,7.10480783200336
389641,134.0,126.89749329657388,7.102506703426116
8000,27.02,19.91876652518705,7.101233932576623
15000,35.32,28.223181404049452,7.096818290774767
9788,21.4,14.310098695307707,7.089900923222567
202829,167.22,160.13233995148073,7.087661269222394
90411,134.021,126.9424267445607,7.078569349189294
15489,58.1064,51.02872443251431,7.077675103618503
23903,44.243,37.16730312616275,7.075696904354828
23903,44.243,37.16730312616275,7.075696904354828
22400,42.29,35.2146387862968,7.075362129230541
26507,66.2917,59.21928039186098,7.072421878646836
84346,87.75,80.68991739838278,7.060082601617225
65999,60.0,52.96047951490119,7.039520485098812
11265,10.55,3.526371877042629,7.023628313692234
30171,33.355,26.331996075902747,7.023003466333581
237702,388.0,380.97897339947025,7.021026600529751
28826,16.5,9.479857796871315,7.020142203128685
35253,118.833,111.81619961357337,7.016800569532094
30531,36.85,29.854562326432266,6.995436147688828
59476,47.132,40.13679066234817,6.995209307134253
129716,497.75,490.75596544221,6.994034557789973
23481,36.0023,29.01609868988602,6.98620157256515
305047,448.96,441.9747944850977,6.98519696998045
98900,148.28,141.2952021662272,6.984796613069676
23481,36.0,29.01609868988602,6.983901310113978
23481,36.0,29.01609868988602,6.983901310113978
23481,36.0,29.01609868988602,6.983901310113978
23481,36.0,29.01609868988602,6.983901310113978
23481,36.0,29.01609868988602,6.983901310113978
16682,110.5,103.52036271973347,6.97963728026653
16805,187.668,180.68919269832466,6.978806569253464
23481,35.994,29.01609868988602,6.97790079131515
75650,57.81,50.84006241374371,6.9699389595473065
19000,35.33,28.360372671680704,6.969629159373984
66203,114.098,107.12973699866703,6.968262574086879
40142,202.917,195.9503806263049,6.966626819984157
25866,13.6,6.6411748549670415,6.958825526502685
14269,38.13,31.184082246241424,6.945918821873811
41329,42.92,35.97689182707369,6.943106341871619
12754,31.36,24.418374203055837,6.941626407295725
7732,22.01,15.0691541903668,6.940846038515035
119509,92.0,85.0602844463126,6.939715553687407
11143,30.8,23.877902974087156,6.92209626297339
42129,32.1667,25.24678838682009,6.919910068990458
130581,133.25,126.33973507717745,6.910264922822549
15000,35.13,28.223181404049452,6.906819664065782
42129,32.15,25.24678838682009,6.903213139058817
193960,169.0,162.09759348154546,6.902406518454541
27685,13.985,7.083905276802239,6.9010943798750075
13224,27.73,20.831168170893967,6.898831371342361
76537,102.873,95.97464713582077,6.898353962812038
24345,96.43,89.53394780118853,6.896052503987249
82035,99.075,92.18044556894263,6.894551379299557
62242,116.5,109.60821651990702,6.8917834800929825
240026,172.125,165.23582793875096,6.889172061249042
134748,281.734,274.85263650688063,6.8813722821818715
62279,78.7208,71.84595430030758,6.874848006821324
19315,40.91,34.038511165160656,6.871488682251453
11329,18.0,11.129841220967467,6.870158779032533
87187,70.612,63.74561741024058,6.866382101478173
69754,57.0,50.13595029807898,6.864049701921019
175618,342.125,335.26393622282785,6.8610637771721485
405083,99.95,93.1034644247677,6.846532523474494
47200,52.52,45.674137719078445,6.845862738685227
59900,65.96,59.117070439659265,6.842928644813391
72332,226.179,219.3387453443446,6.8402555101475855
33401,11.38,4.551443701283565,6.828556413157353
12945,17.47,10.645731462290515,6.824267851063977
18474,15.25,8.427080509688045,6.822919490311955
84346,87.5,80.68991739838278,6.810082601617225
12152,14.59,7.784094299998703,6.805905852589188
37096,37.475,30.672807248367594,6.8021912257535
171084,437.916,431.1147095639468,6.801275543475072
14125,29.56,22.775488655544972,6.7845108103974106
31415,14.45,7.665836623181032,6.784163186084105
27640,36.83,30.04829477910019,6.781707051954498
557217,69.49,62.70971209493002,6.780285768839512
4000,12.3333,5.5542002108644235,6.779099425976397
45240,98.3044,91.53120554385463,6.773192039153187
61756,80.0,73.23098679483137,6.769013205168633
130794,117.8,111.03177508704026,6.768227964717553
57811,62.0,55.23225460989034,6.76774539010966
9392,27.22,20.452303864883426,6.767695448471066
7292,24.5833,17.815661201514253,6.7676384353265675
91149,560.0,553.2333649124221,6.766635087577924
108392,98.0,91.23442179468206,6.7655782053179365
11900,44.23,37.4657365711648,6.764262971071531
152559,304.125,297.36405343594816,6.760946564051835
7675,21.6,14.842830740340098,6.757169641129629
91629,72.0,65.24804076016954,6.751959239830455
9838,91.66,84.91373325796245,6.746270404146927
39807,35.393,28.646733807880572,6.746267748515912
38598,72.0,65.25679238145119,6.743207618548809
23067,16.9,10.163375748264333,6.736623870265941
4314,10.53,3.813897648232566,6.716102084738625
12777,13.7,6.994928799878786,6.705071009386351
399331,496.0,489.2977917993175,6.702208200682492
65000,103.13,96.43054910446315,6.699448148954815
4773,26.8,20.101508729557995,6.698490507502552
346056,61.0,54.30425170417892,6.695748295821083
23903,43.86,37.16730312616275,6.6926974841888125
9392,27.14,20.452303864883426,6.687695524765012
31053,60.0,53.32551994486311,6.67448005513689
55240,35.0,28.330590435648272,6.669409564351728
9303,33.3333,26.667052539014318,6.6662490051751355
8168,27.6667,21.00396897663677,6.66273138652241
52357,59.0,52.3460240392389,6.653975960761102
52357,59.0,52.3460240392389,6.653975960761102
21539,134.6,127.95131600271785,6.648690100797779
50552,220.438,213.79266891273667,6.64533462730239
57394,89.738,83.09365588914075,6.644343073261595
11442,21.88,15.243184887108114,6.636814273658487
18340,30.62,23.98444624963654,6.6355545895968575
4581,14.12,7.484612987329101,6.635386898229981
200442,652.0,645.3766118020225,6.623388197977533
50623,78.7023,72.08712626230438,6.6151747630862445
50623,78.7023,72.08712626230438,6.6151747630862445
14744,23.175,16.56694627468606,6.608052962374487
12000,34.04,27.434390732131156,6.6056101833961876
90903,129.46,122.8553734934379,6.604633220429292
72709,42.234,35.63741018810328,6.596590971564687
87976,157.75,151.16459916034785,6.585400839652152
134748,281.438,274.85263650688063,6.5853517743693715
186572,78.0,71.41608906385036,6.5839109361496355
57201,93.166,86.58520628039662,6.580794085814318
101400,113.66,107.08104859584117,6.5789550662682075
2070,9.4978,2.924220021601061,6.57357985175099
26948,58.37,51.79781984899732,6.572179082887445
20444,36.115,29.543182547380642,6.571819131086155
13728,26.7,20.13115403676618,6.568846726173273
128044,123.717,117.1487416644861,6.568261204166248
9226,22.6,16.03464703400734,6.565353347462388
97838,483.0,476.4430724593413,6.556927540658705
26033,29.0,22.443141631421263,6.556858368578737
64743,149.029,142.47266701093585,6.556339947071962
71100,22.19,15.643239961353343,6.546760572704274
23432,59.205,52.65943805968158,6.545563771373111
66585,17.0,10.459923829203898,6.540076170796102
66585,17.0,10.459923829203898,6.540076170796102
53077,37.546,31.008180533962054,6.5378209003641174
34825,29.2027,22.66509433928444,6.537605321970442
19315,40.57,34.038511165160656,6.531488529663562
4336,11.0,4.469772306554121,6.530227693445879
10577,27.14,20.620677720729617,6.5193216689188205
37107,143.55,137.03620508662948,6.513797965128333
193294,969.22,962.7211891113225,6.498781591802526
42755,78.0,71.50197785423241,6.498022145767592
62279,78.3206,71.84595430030758,6.474648116684605
19446,68.0417,61.575486210799156,6.466216059708657
2070,9.3818,2.924220021601061,6.457579676274916
14125,29.23,22.775488655544972,6.454510886691356
122746,175.885,169.4339466678289,6.451047839007032
4000,12.0,5.5542002108644235,6.4457997891355765
8079,17.28,10.842593343773954,6.437407342871554
120836,680.25,673.8223967752388,6.427603224761242
1566,12.1667,5.743046954061586,6.423653409097594
1566,12.1667,5.743046954061586,6.423653409097594
51176,43.98,37.55825024664037,6.4217492955959585
35990,192.867,186.44576044651237,6.421243948018883
15649,35.1167,28.701082346238177,6.415616872511823
32256,70.617,64.2155734332177,6.40142333191902
222434,149.951,143.55125915533304,6.39974487298727
40706,28.5,22.10448978708124,6.3955102129187615
3569,23.6678,17.284484426073554,6.383316477246758
95079,194.05,187.66992448650547,6.380078565252347
7675,21.22,14.842830740340098,6.377168573014394
66200,108.33,101.95519577413693,6.3748060569177625
71421,106.2,99.82992526136076,6.370071686881431
32841,29.87,23.50081991584786,6.369180923385539
3545,28.68,22.312161046531102,6.367839258644679
1760,24.14,17.77692946346299,6.363069926185446
12945,17.0,10.645731462290515,6.354268537709485
52034,60.2501,53.89970547704957,6.350393705079334
33167,39.5,33.15101830332779,6.348981696672212
14150,36.0138,29.66640110544615,6.347400469260883
83919,69.0,62.65477586357784,6.345224136422161
5839,35.375,29.032411207219496,6.342588792780504
5839,35.375,29.032411207219496,6.342588792780504
9816,27.19,20.847910027086815,6.342090506970802
15960,47.31,40.96884071320915,6.341160660081869
33401,10.89,4.551443701283565,6.338556642039189
7675,21.18,14.842830740340098,6.337169564835683
26948,58.13,51.79781984899732,6.332181219117913
520,6.875,0.5487528925025704,6.32624710749743
23112,27.0,20.675739195427685,6.324260804572315
11265,9.85,3.526371877042629,6.323628504427098
62893,35.8,29.47818948660198,6.321809750458566
4336,10.79,4.469772306554121,6.320227655298907
19000,34.68,28.360372671680704,6.319627633495077
11900,43.78,37.4657365711648,6.314262208132078
10151,24.43,18.116224386993043,6.313775918182738
121146,70.2503,63.937883424472915,6.312414121913804
12777,13.3,6.994928799878786,6.305071390856077
35936,47.3333,41.028803311034586,6.304498233154867
29775,192.925,186.63343886940194,6.29156418235587
36406,37.41,31.119898488800242,6.290101358611867
12660,45.86,39.57521915142756,6.284781458924002
19315,40.32,34.038511165160656,6.281488529663562
194300,6.88,0.6032283195357899,6.2767717949051285
33167,39.425,33.15101830332779,6.273980933732759
59900,65.39,59.117070439659265,6.272928949989172
25866,12.9,6.6411748549670415,6.258824763563232
13789,10.8,4.562136237427859,6.237863953307004
180000,126.1,119.86262140486672,6.237377069254379
44352,40.5833,34.35038839955675,6.232913144632704
20291,19.85,13.617885556631236,6.23211482483849
27648,32.362,26.13478073202051,6.227218779698241
134114,163.49,157.2748331863624,6.215172306801662
56467,44.563,38.35536462510165,6.207635100240147
27648,32.342,26.13478073202051,6.207218321934569
30949,34.47,28.272343008128818,6.197658212574307
8079,17.04,10.842593343773954,6.19740757175339
27648,32.332,26.13478073202051,6.197220000401366
65907,94.5,88.30872612779567,6.191273872204334
9392,26.64,20.452303864883426,6.187695524765012
35253,118.0,111.81619961357337,6.1838003864266256
11143,30.05,23.877902974087156,6.17209626297339
14150,35.8371,29.66640110544615,6.170699877219867
25000,32.46,26.2894903178711,6.170508766601557
53194,19.15,12.984236452706801,6.165763165823472
24456,108.664,102.49922772539561,6.164773739448137
153299,170.911,164.7466338017977,6.164361681600724
102994,12.89,6.725791998807715,6.164208344515039
15879,25.1667,19.004714146124897,6.161986217034283
27648,32.288,26.13478073202051,6.153217467442381
14744,22.7,16.56694627468606,6.133054488253393
4065,27.0,20.868989131707348,6.131010868292652
56569,35.608,29.47818356152074,6.129818147463634
2070,9.0507,2.924220021601061,6.126480166082045
82911,75.1833,69.05832503926837,6.124971164344913
62893,35.6,29.47818948660198,6.121808987519113
4000,11.6667,5.5542002108644235,6.112500152294756
4000,11.6667,5.5542002108644235,6.112500152294756
4000,11.6667,5.5542002108644235,6.112500152294756
187041,184.4,178.29035800293548,6.109635893548898
33401,10.66,4.551443701283565,6.108556146128544
31075,22.0,15.899199788306808,6.100800211693192
129344,476.75,470.65029561871523,6.099704381284766
17879,70.05,63.95125618590682,6.098746865850991
77055,93.4538,87.3578962899231,6.095900096795646
5033,17.36,11.264906586152822,6.09509402419874
5839,35.125,29.032411207219496,6.092588792780504
122122,311.0,304.9177275269143,6.082272473085709
36307,21.56,15.495849392557458,6.0641500733849245
5000,11.6,5.536006195723891,6.063994185745836
25866,12.7,6.6411748549670415,6.058824954298095
62800,131.47,125.41469576714209,6.055305453561033
12750,18.51,12.455114987153234,6.054885241728602
140488,164.625,158.57395552225643,6.051044477743574
40492,22.925,16.882705463049422,6.042293774011124
57673,46.375,40.334680482270954,6.040319517729046
85623,77.0,70.96031609100551,6.0396839089944905
64723,64.0,57.96190658833145,6.038093411668548
17190,14.9,8.862108681057567,6.0378909374727066
84300,101.9,95.86388601390425,6.036115511974657
19876,20.575,14.542466091451235,6.032534671488218
24103,25.525,19.49913333347199,6.025866285058285
133594,100.075,94.05099893609146,6.023998012150727
62893,35.5,29.47818948660198,6.0218105133980195
237702,387.0,380.97897339947025,6.021026600529751
18860,72.8974,66.87815498933773,6.01924491300602
93313,63.3,57.281569807338386,6.018429429722161
87673,66.46,60.444331060076365,6.015668024396291
90900,171.21,165.19638811422217,6.013618599645014
19315,40.05,34.038511165160656,6.01148807189989
679614,106.93,100.91892446498059,6.01107584019519
76903,53.0753,47.067730689326375,6.007567619999797
76903,53.0753,47.067730689326375,6.007567619999797
76903,53.0753,47.067730689326375,6.007567619999797
76903,53.0753,47.067730689326375,6.007567619999797
76903,53.0753,47.067730689326375,6.007567619999797
12777,13.0,6.994928799878786,6.005071200121214
41329,41.98,35.97689182707369,6.003107715162635
345837,188.57,182.5676391433908,6.002368180827943
173479,81.63,75.63062652128431,5.999370732133656
71994,53.531,47.53316412692653,5.99783410305394
10800,26.1667,20.170196781999223,5.996503581159956
51471,83.1836,77.18846322824882,5.99513815114571
11910,27.44,21.445607696691635,5.994392837365982
82939,92.0,86.00570624019188,5.994293759808116
148032,117.318,111.32394582057324,5.994054972883788
33148,84.025,78.03766971688533,5.987331808993574
41241,39.0,33.01440978901789,5.98559021098211
41241,39.0,33.01440978901789,5.98559021098211
30949,34.24,28.272343008128818,5.967658670337979
166489,119.451,113.48848531554127,5.962511083384513
133072,116.198,110.23620267791098,5.961795368964019
8079,16.8,10.842593343773954,5.957405893286593
90400,411.64,405.68319902028577,5.95681562815173
44784,31.0,25.05864789080191,5.941352109198089
10385,17.303,11.363780896302181,5.93921860015778
24345,95.47,89.53394780118853,5.936053419514593
96336,23.1,17.166916002024095,5.933084379445631
37107,142.967,137.03620508662948,5.930790152628333
84346,86.6201,80.68991739838278,5.930184530328162
202435,366.8,360.8704678979174,5.929519895051328
82200,54.0,48.07762212813821,5.922377871861791
39649,61.0,55.08275783177581,5.917242168224192
130581,132.25,126.33973507717745,5.910264922822549
4336,10.38,4.469772306554121,5.910227807886797
25463,44.463,38.554577827050835,5.908423424169868
27640,35.9558,30.04829477910019,5.907504323683014
17709,36.97,31.064765207702916,5.905236013000209
193960,168.0,162.09759348154546,5.902406518454541
27995,41.6004,35.69987448207459,5.900524535259393
62242,115.5,109.60821651990702,5.8917834800929825
30613,23.8,17.91475535467321,5.885243882387336
27648,32.017,26.13478073202051,5.882217558995116
12088,9.4,3.5213626383223864,5.878636980207887
28406,39.4025,33.52639129151231,5.876108861075579
8730,15.4,9.523992650585356,5.876006967944917
57189,33.2,27.325558905161923,5.87444185777753
11934,19.14,13.270097618252485,5.869901771395952
21368,16.06,10.192747487574746,5.867251978367637
39807,34.512,28.646733807880572,5.865267229717084
69754,56.0,50.13595029807898,5.864049701921019
14842,32.44,26.578414926634537,5.861583700074448
31316,28.525,22.667616655478536,5.857382963051737
52034,59.75,53.89970547704957,5.850294522950428
12316,23.53,17.686612558168754,5.843388128476754
40492,22.725,16.882705463049422,5.842294918420304
77055,93.1993,87.3578962899231,5.841406383416739
102191,178.03,172.19084799519547,5.839150784101406
23533,18.6375,12.80118417694109,5.836316585998363
157113,17.81,11.977464329187958,5.832535136754425
12045,10.8,4.968086353783681,5.831913836951182
51500,100.44,94.61482908453439,5.825173356871858
90903,128.68,122.8553734934379,5.824619182343355
86714,73.585,67.76092386176282,5.824075222709837
75929,475.433,469.61170027226115,5.821313643754479
4276,16.6667,10.855033919681778,5.811666443477401
4276,16.6667,10.855033919681778,5.811666443477401
4276,16.6667,10.855033919681778,5.811666443477401
73200,123.82,118.01822999378687,5.801769701037344
27640,35.8488,30.04829477910019,5.800505880079498
5380,12.4167,6.623953369010812,5.792746994148367
28693,40.6667,34.874071736258344,5.792626719552203
66532,47.1,41.313494841216816,5.786503632904278
22101,79.5002,73.71617728775752,5.784021076500295
50493,35.8725,30.09239810014734,5.780103273143677
57811,61.0,55.23225460989034,5.76774539010966
143093,165.33,159.5636615206117,5.766340310442985
25401,49.8377,44.083301216440105,5.754398673696613
57165,70.08,64.32601255345907,5.753989277595622
76903,52.82,47.067730689326375,5.752269005497844
76903,52.82,47.067730689326375,5.752269005497844
76903,52.82,47.067730689326375,5.752269005497844
76903,52.82,47.067730689326375,5.752269005497844
76903,52.82,47.067730689326375,5.752269005497844
31614,20.1,14.355366460165289,5.7446339213044375
219608,545.44,539.7020694380294,5.737933003376838
115288,141.25,135.51306676948488,5.73693323051512
37775,36.0,30.275287860848188,5.724712139151812
23903,42.89,37.16730312616275,5.7226962634856875
26372,74.3075,68.58564499375102,5.7218577528310135
9894,26.5,20.781103170505027,5.718896829494973
47578,31.161,25.449398313155275,5.711600984940429
153299,170.458,164.7466338017977,5.711358751913224
157933,261.65,255.94139935814349,5.70859453834089
100328,115.612,109.90484107167478,5.707158440043969
58041,52.76,47.05703520932854,5.702963112204664
31075,21.6,15.899199788306808,5.700800593162919
47007,46.9,41.20119199898918,5.698809526889725
62205,107.4,101.70138266734581,5.698618858533095
12152,13.4825,7.784094299998703,5.6984057762952425
346056,60.0,54.30425170417892,5.695748295821083
346056,60.0,54.30425170417892,5.695748295821083
346056,60.0,54.30425170417892,5.695748295821083
2260,15.791,10.09967349401458,5.691326872196358
137040,127.47,121.77975418745667,5.69024703324645
41302,23.35,17.661012010685784,5.688988370783942
57274,51.66,45.97178662242205,5.688213224990058
30949,33.96,28.272343008128818,5.687656076343838
33739,81.72,76.03326810400009,5.686733116703039
103924,139.0,133.3234116640171,5.676588335982899
148032,117.0,111.32394582057324,5.676054179426757
5682,10.0,4.329220607325177,5.670779392674823
10733,26.45,20.779457008483618,5.670543754455835
27648,31.802,26.13478073202051,5.667219313755858
99325,168.74,163.07313549076477,5.666870002399293
7072,11.0,5.340218199205522,5.659781800794478
16500,89.25,83.5948751998898,5.655124800110201
90903,128.51,122.8553734934379,5.654621013398042
56629,90.25,84.602373841273,5.647626158726993
133072,115.883,110.23620267791098,5.6468005569523
5554,20.98,15.338502339912475,5.641497202323853
86250,265.516,259.87633940936547,5.639651801572029
216050,228.0,222.36267831293594,5.637321687064059
16768,33.86,28.22556328722578,5.634437323125784
5839,34.6667,29.032411207219496,5.6342872485910505
12152,13.4175,7.784094299998703,5.633405242237625
107730,172.0,166.37389607572766,5.626103924272343
107730,172.0,166.37389607572766,5.626103924272343
16576,53.47,47.84645721998391,5.623544000719214
200442,651.0,645.3766118020225,5.623388197977533
106440,153.52,147.91245423464196,5.6075500378189815
91254,104.0,98.3964828793077,5.6035171206923025
68030,78.0,72.39935889790297,5.600641102097029
9788,19.91,14.310098695307707,5.599901152104403
83043,289.4,283.8124254486754,5.5875684478089624
8730,15.1,9.523992650585356,5.5760077308843705
33401,10.12,4.551443701283565,5.568556184275517
144000,71.72,66.1521936565581,5.567807564145028
370024,432.0,426.44080641084673,5.559193589153267
19876,20.1,14.542466091451235,5.557534290018491
26033,28.0,22.443141631421263,5.556858368578737
26033,28.0,22.443141631421263,5.556858368578737
3000,16.7917,11.235324994638358,5.556375368520822
27646,21.44,15.892940934549317,5.5470595995083
16768,33.77,28.22556328722578,5.544437170537893
10135,21.54,16.00054427412153,5.539456641405813
52748,53.245,47.706419178192554,5.538579753692211
50567,50.725,45.19129391624614,5.533704557874955
19315,39.56,34.038511165160656,5.521490208130359
77263,102.8,97.27959058260959,5.520412469148226
7292,23.3333,17.815661201514253,5.5176384353265675
41933,45.75,40.23331681580517,5.516683184194832
54405,23.0,17.483359879608244,5.516640120391756
50623,77.6035,72.08712626230438,5.516374103906557
123612,224.525,219.01841243460865,5.506581461875726
65907,93.8,88.30872612779567,5.491276923962147
122592,274.1,268.61191640810665,5.4880896954089735
71936,70.413,64.93459992623426,5.4784020879259
120694,403.2,397.73046325465265,5.469548952378602
120694,403.2,397.73046325465265,5.469548952378602
30949,33.74,28.272343008128818,5.467658670337979
25139,30.04,24.574304279715843,5.465696635811501
28991,24.883,19.421277134745118,5.4617222854208975
93500,67.1,61.64521420642434,5.454784267696752
16805,186.129,180.68919269832466,5.439805104409714
5769,18.5,13.06112732257264,5.43887267742736
75929,475.05,469.61170027226115,5.438287520707604
15649,34.1326,28.701082346238177,5.431516530714948
28590,109.0,103.57175092341164,5.428249076588358
65663,86.6,81.17271682915242,5.427281644968673
24103,24.925,19.49913333347199,5.425865903588559
24586,18.51,13.091220034161422,5.418780194720414
87187,69.163,63.74561741024058,5.417384603919579
115288,140.925,135.51306676948488,5.411936282272933
1536,13.3333,7.92284503604208,5.41045460079874
23871,28.0,22.602140105561915,5.397859894438085
48300,70.8333,65.43707293693117,5.396224792561014
40461,38.075,32.68642688363595,5.3885738793035
9894,26.1667,20.781103170505027,5.385597192654153
8051,15.6,10.215411283123336,5.384589098346391
29149,16.3,10.91743338116423,5.382565855896317
27889,143.615,138.23624714605003,5.3787583471140294
21469,45.321,39.94433602651463,5.376663118993186
9226,21.41,16.03464703400734,5.375352813404771
3267,35.4,30.0276103070647,5.372391218814208
7636,28.96,23.589878385380086,5.3701206990925705
93608,59.375,54.00984954428346,5.365150455716538
44789,58.3025,52.93830439446674,5.364197284000056
35241,53.62,48.26008187050891,5.359917061375853
83400,73.79,68.44088068827044,5.349120227256904
34563,17.1,11.754010704382967,5.345989677086759
234476,337.053,331.70978337316245,5.343225660040673
37107,142.367,137.03620508662948,5.330799307901771
16052,38.0,32.67135122639709,5.328648773602907
57100,48.1,42.771477017837995,5.328521456283099
79782,60.56,55.236915331602816,5.3230860416881995
10151,23.43,18.116224386993043,5.313775918182738
29192,54.07,48.76006857294362,5.309931121880602
30949,33.58,28.272343008128818,5.30765882292587
53303,430.5,425.19307893756763,5.306921062432366
345837,187.87,182.5676391433908,5.302355973796693
19000,33.66,28.360372671680704,5.2996271757314055
33167,38.45,33.15101830332779,5.298982459611665
73044,96.758,91.46740339265335,5.290599842209929
13220,26.0,20.715090028190367,5.284909971809633
49108,42.14,36.85753784242459,5.282461547223846
63771,69.072,63.791281292321955,5.2807173038694515
47984,92.37,87.09741906155259,5.272583685029446
129532,116.33,111.06161541494338,5.268386416111312
252268,210.0,204.73899906454778,5.261000935452216
74443,185.991,180.73524468056496,5.255752633888164
9666,21.07,15.822944010770948,5.2470556840532705
11935,18.07,12.830011509381842,5.239988185442376
19876,19.775,14.542466091451235,5.232533527079038
27646,21.12,15.892940934549317,5.227059904684081
62279,77.0667,71.84595430030758,5.2207494960791365
5783,176.7,171.48005033544763,5.219946612794558
51778,40.0,34.780823601984224,5.219176398015776
77055,92.5755,87.3578962899231,5.217604198358146
40492,22.1,16.882705463049422,5.217294918420304
15326,15.25,10.04102966568041,5.20897033431959
8805,10.3775,5.173483998605427,5.204015581777874
88486,105.72,100.51803659247284,5.201964628230286
90900,170.39,165.19638811422217,5.193611275426264
27648,31.322,26.13478073202051,5.18721977151953
7481,15.72,10.536914172071446,5.183086094957362
43400,28.2,23.021419967731944,5.178580795207509
76153,90.875,85.70283980466698,5.172160195333021
39558,43.6814,38.51438208472304,5.167018214349227
130581,131.5,126.33973507717745,5.160264922822549
40085,55.6732,50.522949634775095,5.150249065176077
44352,39.5,34.35038839955675,5.149611600443251
17927,34.09,28.943953453402244,5.146046699185646
10762,18.04,12.899733603754115,5.140267311773229
129344,475.783,470.65029561871523,5.132693883237891
65663,86.3,81.17271682915242,5.127286222605392
98212,281.911,276.788577492043,5.122433250144525
91253,93.7,88.58099801479662,5.1189989334455674
3907,12.8875,7.773741204075227,5.1137586051899095
389641,132.0,126.89749329657388,5.102506703426116
11329,16.23,11.129841220967467,5.100158321268861
139113,89.6,84.50359798919082,5.096400484930271
90903,127.95,122.8553734934379,5.094623454804292
14585,21.31,16.231023736613114,5.078975729329269
24586,18.17,13.091220034161422,5.078780042132523
24586,18.17,13.091220034161422,5.078780042132523
24586,18.17,13.091220034161422,5.078780042132523
24586,18.17,13.091220034161422,5.078780042132523
24586,18.17,13.091220034161422,5.078780042132523
24586,18.17,13.091220034161422,5.078780042132523
24586,18.17,13.091220034161422,5.078780042132523
306140,48.1,43.021347810047516,5.078650664073578
57189,32.4,27.325558905161923,5.074442620716983
60096,64.0,58.925563981466794,5.074436018533206
35990,191.517,186.44576044651237,5.071237844503258
77500,87.99,82.92114105555942,5.068856808210114
51622,109.14,104.07337745429024,5.066621935358199
21168,35.625,30.55925140608615,5.065748593913849
84346,85.75,80.68991739838278,5.060082601617225
428647,1365.0,1359.9465007974802,5.053499202519788
40531,57.64,52.5972738210826,5.042725568565835
11419,9.0,3.964827332233646,5.0351726677663535
96336,22.2,17.166916002024095,5.033084760915358
11270,16.7,11.670955286483407,5.029045476456046
51688,87.8658,82.83793987884553,5.027859071349781
233863,293.225,288.1978690022786,5.027137101237031
50552,218.818,213.79266891273667,5.025324251325827
69300,42.02,37.01725278198721,5.002747675776462
17220,48.125,43.124059381666974,5.000940618333026
387638,67.71,62.709790158800075,5.000208925672581
162549,125.22,120.2215696136214,4.998431607081727
13512,19.1,14.10217560088639,4.997824780583336
207115,480.31,475.3141157367733,4.995881821820433
53860,76.931,71.93530689627042,4.9956928595889565
287419,131.993,127.00076750364413,4.9922287121761855
30949,33.26,28.272343008128818,4.987655313404385
41241,38.0,33.01440978901789,4.98559021098211
74180,57.69,52.70538831837568,4.984610308333302
30495,54.2,49.227378209349425,4.972622553590028
27995,40.6718,35.69987448207459,4.971924223980096
15489,56.0,51.02872443251431,4.971275567485691
61204,122.5,117.53228329946366,4.967716700536343
17077,46.0,41.03909480832238,4.960905191677618
72800,80.8,75.8490683537759,4.950934697981907
87187,68.692,63.74561741024058,4.946383932532861
44784,30.0,25.05864789080191,4.941352109198089
44784,30.0,25.05864789080191,4.941352109198089
4581,12.42,7.484612987329101,4.935387088964844
187041,183.225,178.29035800293548,4.934648100580148
6431,22.93,17.996440658666852,4.933559646508929
12316,22.62,17.686612558168754,4.933388281064644
24463,38.0,33.068301484688234,4.931698515311766
14561,176.0,171.07155959304185,4.928440406958146
4773,25.025,20.101508729557995,4.923490888972278
43910,54.9802,50.05703918251732,4.9231625386740845
41329,40.9,35.97689182707369,4.923109698805213
23903,42.089,37.16730312616275,4.921697575741547
8805,10.0925,5.173483998605427,4.919015734365765
2582,7.68,2.764803325216886,4.915196503121737
149704,111.6,106.69170156945394,4.908296904667154
93897,346.314,341.40743705984255,4.906558301485575
64024,54.25,49.345865967876115,4.904134032123885
58307,59.0167,54.11843626329468,4.898264481334223
62242,114.5,109.60821651990702,4.8917834800929825
12152,12.6725,7.784094299998703,4.888405356678543
51622,108.95,104.07337745429024,4.876619493951949
57189,32.2,27.325558905161923,4.87444185777753
279840,703.5,698.6256467920473,4.8743532079527085
43992,249.95,245.07974080121127,4.870256147030915
69754,55.0,50.13595029807898,4.864049701921019
10559,25.207,20.34537377089695,4.861626961524927
10559,25.207,20.34537377089695,4.861626961524927
15420,27.04,22.184755093180282,4.855245822347062
40611,36.9,32.049296199288236,4.8507053265906706
110919,97.1793,92.33023834882397,4.849060052054938
9813,23.83,18.994625230529206,4.835374693176849
62279,76.6809,71.84595430030758,4.8349462734228865
1760,22.61,17.77692946346299,4.833071146888571
8000,24.75,19.91876652518705,4.831233474812951
99946,88.867,84.0466326015368,4.820364163599919
93313,62.1,57.281569807338386,4.818428666782708
61439,30.15,25.338672833840796,4.811326784689477
43143,28.9638,24.155083649438474,4.808716780859378
20291,18.425,13.617885556631236,4.80711368042931
128044,121.95,117.1487416644861,4.801255283756092
19446,66.375,61.575486210799156,4.799513789200844
23815,18.7382,13.949801778739879,4.78839745526891
59400,64.34,59.55704682367732,4.782949514213307
43400,27.8,23.021419967731944,4.778579269328603
66200,106.73,101.95519577413693,4.774807582796669
57189,32.1,27.325558905161923,4.7744395689591705
21582,19.4125,14.638583031003636,4.773917350466091
5374,6.0,1.2313985892947161,4.768601410705283
17927,33.71,28.943953453402244,4.766045631070412
108392,96.0,91.23442179468206,4.7655782053179365
86786,77.0,72.24528804602814,4.754711953971864
164206,638.563,633.8106849402451,4.752303341004904
96929,40.2,35.453775503813034,4.746225259126419
62800,130.16,125.41469576714209,4.745307894967283
40629,13.225,8.48171411542149,4.743286266048237
38598,70.0,65.25679238145119,4.743207618548809
23903,41.91,37.16730312616275,4.742696721249359
31233,29.0,24.265573110267272,4.7344268897327275
65663,85.9,81.17271682915242,4.727284696726485
25139,29.3,24.574304279715843,4.725694957344704
37775,35.0,30.275287860848188,4.724712139151812
9309,42.01,37.289655207317,4.720343114216206
71994,52.2521,47.53316412692653,4.71893777126683
13224,25.55,20.831168170893967,4.7188310661665795
9392,25.17,20.452303864883426,4.717696211410519
207000,479.53,474.81716252666666,4.712836252630211
19876,19.25,14.542466091451235,4.707533908548765
51483,33.0,28.29415681686065,4.705843183139351
12506,16.52,11.814164213119254,4.705836244644418
18414,51.25,46.547193360977445,4.702806639022555
31075,20.6,15.899199788306808,4.700800593162919
2956,6.375,1.6792824400382003,4.6957175599618
16135,25.0,20.306355053971384,4.693644946028616
17709,35.75,31.064765207702916,4.685234792297084
7292,22.5,17.815661201514253,4.684338798485747
3648,11.7083,7.02401322970164,4.68428640713918
34072,48.0,43.31795448611616,4.682045513883843
14585,20.9125,16.231023736613114,4.6814766448566125
10733,25.46,20.779457008483618,4.680542075989038
43400,27.7,23.021419967731944,4.678580795207509
40531,57.26,52.5972738210826,4.662724500450601
4589,25.45,20.789902927443496,4.660097835495957
5013,16.21,11.552095354197538,4.657903730275118
19876,19.2,14.542466091451235,4.657534671488218
144086,61.63,56.97404150683351,4.655959561281726
144086,61.63,56.97404150683351,4.655959561281726
5033,15.92,11.264906586152822,4.655093490141123
53234,106.25,101.59823949114269,4.651760508857308
53234,106.25,101.59823949114269,4.651760508857308
44352,39.0,34.35038839955675,4.649611600443251
194188,215.0,210.35453750199278,4.64546249800722
72958,52.935,48.289918767259365,4.64508260603165
180625,179.2,174.55966251261353,4.6403344356286595
152559,302.0,297.36405343594816,4.635946564051835
16351,19.55,14.91415960726085,4.6358396297996975
64113,86.66,82.02477535511987,4.635228306989504
71936,69.568,64.93459992623426,4.633400867222775
4336,9.1,4.469772306554121,4.630228074915606
15913,41.21,36.58207433605272,4.627924748419936
91254,103.0,98.3964828793077,4.6035171206923025
136522,137.55,132.94986803481342,4.600135016944392
71421,104.43,99.82992526136076,4.600075043815025
11935,17.43,12.830011509381842,4.599988795793939
17262,48.14,43.544754865063304,4.595244524585134
110000,100.57,95.97805314507585,4.591946549748371
9392,25.03,20.452303864883426,4.577696821762082
10174,25.0,20.42422967790555,4.575770322094449
187174,356.99,352.41482775024036,4.575162484134637
18474,13.0,8.427080509688045,4.572919490311955
182500,191.81,187.2399092969563,4.570088261637437
128044,121.717,117.1487416644861,4.568261204166248
26325,23.63,19.062774038055142,4.567225122711459
25401,48.6485,44.083301216440105,4.5651973187161445
20372,16.0,11.44082890127547,4.55917109872453
8726,15.31,10.75529017489369,4.55471024472301
9894,25.3333,20.781103170505027,4.5521964663357934
84346,85.24,80.68991739838278,4.550080465386756
20986,24.0,19.452100858827336,4.547899141172664
20986,24.0,19.452100858827336,4.547899141172664
78550,25.99,21.444047625618218,4.545952145499946
31614,18.9,14.355366460165289,4.544633158364984
27071,26.375,21.831712383191665,4.543287616808335
9941,25.23,20.70043334178047,4.529566200455857
11270,16.2,11.670955286483407,4.529045476456046
24456,107.025,102.49922772539561,4.525773800483293
116854,76.525,72.00819351848972,4.516808007389187
116854,76.525,72.00819351848972,4.516808007389187
31300,48.0,43.48990293064921,4.510097069350792
31300,48.0,43.48990293064921,4.510097069350792
31300,48.0,43.48990293064921,4.510097069350792
31300,48.0,43.48990293064921,4.510097069350792
31300,48.0,43.48990293064921,4.510097069350792
75650,55.34,50.84006241374371,4.4999377388441815
44352,38.85,34.35038839955675,4.499610074564345
5447,9.155,4.658557203707558,4.496442529263633
157113,16.47,11.977464329187958,4.492534984166534
177708,168.0,163.50905549379706,4.490944506202936
5258,98.18,93.69021088726765,4.489789417908128
11470,20.748,16.263185581202844,4.484813610081336
15950,29.49,25.01212443587843,4.477875335239734
40629,12.95,8.48171411542149,4.468285693843647
40142,200.417,195.9503806263049,4.466626819984157
2260,14.559,10.09967349401458,4.4593265212442095
15326,14.5,10.04102966568041,4.45897033431959
45086,32.0,27.544218091023907,4.455781908976093
44218,47.96,43.516435268554595,4.443563815918061
86323,82.19,77.74988560464969,4.440116836756559
563782,611.0,606.5622168709724,4.4377831290275935
23067,14.6,10.163375748264333,4.436624633205394
31829,36.8,32.364589419982856,4.435409817077691
46204,101.535,97.10717844999947,4.427825212109909
5839,33.4583,29.032411207219496,4.425890336969957
75929,474.033,469.61170027226115,4.421289229691979
8836,20.8339,16.412845132063698,4.421055319596459
34875,18.85,14.432802696542378,4.417197684927348
1536,12.3333,7.92284503604208,4.41045460079874
4336,8.88,4.469772306554121,4.410227807886797
22000,65.57,61.16436187749794,4.40563781732628
11910,25.84,21.445607696691635,4.394392455896256
62242,114.0,109.60821651990702,4.3917834800929825
8000,24.31,19.91876652518705,4.391232940755334
109000,91.32,86.93123716638574,4.388762528438477
115288,139.9,135.51306676948488,4.386927126999495
1473,9.31,4.924128863494182,4.385871556122517
28862,77.7,73.31426962211711,4.385727326125078
128044,121.533,117.1487416644861,4.3842554668615605
14219,33.188,28.804461659647412,4.383538065694385
40531,56.97,52.5972738210826,4.372727399620523
2000,6.76,2.3903357641541625,4.3696644647276734
53077,35.377,31.008180533962054,4.368818367405133
68693,292.7,288.3336933551416,4.366318851889673
39558,42.8731,38.51438208472304,4.35871819603868
53303,429.55,425.19307893756763,4.356908855401116
195437,297.908,293.5527209995151,4.355268502438037
25401,48.4323,44.083301216440105,4.348999351186848
8836,20.7587,16.412845132063698,4.34585428505056
117054,100.029,95.68483085440359,4.344168474209695
555243,451.2,446.860206871798,4.339805335233223
4583,20.79,16.451960637272258,4.338040278255086
47007,45.5333,41.20119199898918,4.33210649344246
11270,16.0,11.670955286483407,4.329044713516593
16052,37.0,32.67135122639709,4.328648773602907
157113,16.3,11.977464329187958,4.322534907872589
43007,55.7133,51.39110744937759,4.322191348229829
8073,12.1425,7.821395810940874,4.32110411276518
30000,22.72,18.401750384897426,4.318248928457066
70040,86.402,82.08388411923272,4.318116308013373
26325,23.38,19.062774038055142,4.317225122711459
220703,1307.68,1303.365986529714,4.314067181223436
10762,17.21,12.899733603754115,4.310265480718542
24345,93.84,89.53394780118853,4.306048536702093
50846,37.0,32.694485144086485,4.305514855913515
11143,28.18,23.877902974087156,4.302097331088625
157723,153.52,149.21804151294924,4.301962759511696
46037,25.9616,21.662840437628937,4.298758912346649
168696,110.0,105.70833076013291,4.29166923986709
17927,33.23,28.943953453402244,4.286046088834084
13220,25.0,20.715090028190367,4.284909971809633
13220,25.0,20.715090028190367,4.284909971809633
12088,7.8,3.5213626383223864,4.2786375524124765
59326,22.051,17.773411595252313,4.277588999840461
148829,204.43,200.15346486354,4.276527812241255
45240,95.8051,91.53120554385463,4.273893943450062
8836,20.6835,16.412845132063698,4.2706551578532945
557217,66.98,62.70971209493002,4.270291262003575
205472,373.07,368.8126989194217,4.257308404797072
5680,11.6667,7.411615926602808,4.255084436556372
137040,126.03,121.77975418745667,4.2502445918402
20804,22.21,17.963342835001335,4.246656249471322
31614,18.6,14.355366460165289,4.2446339213044375
7732,19.31,15.0691541903668,4.240845275575582
75650,55.08,50.84006241374371,4.239939417310978
32841,27.74,23.50081991584786,4.239179855270304
442438,1587.23,1583.0083855525718,4.221594916178219
56637,114.5,110.28639682585973,4.213603174140275
304333,1517.29,1513.0803304467377,4.209708615762338
2260,14.303,10.09967349401458,4.203326956119698
26507,63.4167,59.21928039186098,4.19741806394957
153999,192.0,187.80271157268805,4.197288427311946
20864,10.9,6.704201026367895,4.195798592162379
166814,87.925,83.7316363770681,4.193366674689713
9849,9.1,4.908479124607517,4.1915212568622096
27685,11.273,7.083905276802239,4.189094486686531
20644,43.89,39.70322013848217,4.186779251166264
36562,101.73,97.54477160197824,4.185231754955353
16000,48.84,44.6661144648601,4.17388568772779
22524,30.0,25.82641212471668,4.173587875283321
77844,91.71,87.54997850088311,4.160020583589542
14839,11.21,7.051325711203852,4.158674326943121
20291,17.775,13.617885556631236,4.157114061899037
5033,15.42,11.264906586152822,4.155093490141123
17132,19.37,15.217421979690537,4.152578859542862
73277,168.0,163.85076775230544,4.149232247694556
73277,168.0,163.85076775230544,4.149232247694556
73277,168.0,163.85076775230544,4.149232247694556
23432,56.8075,52.65943805968158,4.148060872203189
7589,6.7,2.5534769713934726,4.1465228378716645
222434,147.692,143.55125915533304,4.140742187440395
35936,45.1667,41.028803311034586,4.13789514477596
62893,33.6,29.47818948660198,4.121808987519113
31283,73.55,69.4308234206956,4.1191796310622095
53194,17.1,12.984236452706801,4.1157639287629255
9309,41.4,37.289655207317,4.110346318561909
20291,17.725,13.617885556631236,4.10711482483849
5630,15.2917,11.196253706585187,4.095446656573992
24643,68.07,63.979317808113954,4.090681886710264
8773,7.83,3.7485298276742935,4.081470096031762
7133,35.49,31.410553472373927,4.07944820609287
10174,24.5,20.42422967790555,4.075770322094449
10174,24.5,20.42422967790555,4.075770322094449
6944,24.84,20.771191659038372,4.068808493549518
60086,90.15,86.08153731823951,4.068464207639394
17104,16.15,12.083384044584836,4.0666155739454375
3200,8.125,4.059141331850045,4.065858668149955
12000,31.5,27.434390732131156,4.065609267868844
77055,91.4232,87.3578962899231,4.065306224725333
30810,47.41,43.34839231441704,4.061607532995069
95100,106.15,102.09205448865687,4.057947037222036
6351,19.3333,15.27544027821407,4.05785935862675
2260,14.1563,10.09967349401458,4.0566260970498735
89315,31.91,27.85605975612943,4.05394009128268
34758,27.0,22.946292666346395,4.053707333653605
428647,1364.0,1359.9465007974802,4.053499202519788
56388,76.981,72.92864052983418,4.052362277783004
28191,12.3,8.248654018671253,4.05134617206361
2210,7.72,3.6714749079922306,4.04852488219942
31614,18.4,14.355366460165289,4.044633158364984
18277,16.45,12.405785971426027,4.044214791513426
27071,25.875,21.831712383191665,4.043287616808335
5013,15.59,11.552095354197538,4.037904798390352
23012,13.2495,9.212655960348595,4.036844314309608
122922,320.746,316.7091629641167,4.036839233148953
124197,70.5,66.46660534492845,4.033394655071547
96336,21.2,17.166916002024095,4.033084760915358
39788,24.63,20.60702695546327,4.022972205303333
12754,28.43,24.418374203055837,4.011626102119944
6625,9.32,5.3125458559730445,4.007453838851174
45348,40.0,35.993275975793495,4.006724024206505
46230,38.0,33.994873421229734,4.005126578770266
37107,141.038,137.03620508662948,4.001789298136146
14839,11.05,7.051325711203852,3.9986744795310116
86465,160.0,156.01211916823806,3.9878808317619416
32766,42.3333,38.34689649346052,3.9864050507289335
3200,8.0417,4.059141331850045,3.982559031309135
103286,202.379,198.39764755015386,3.981350252580512
144000,70.13,66.1521936565581,3.9778035968598715
37107,141.014,137.03620508662948,3.9778024817298956
30495,53.2,49.227378209349425,3.9726225535900284
9816,24.82,20.847910027086815,3.9720896677374036
14585,20.2,16.231023736613114,3.968977026326339
29775,190.6,186.63343886940194,3.9665672341136826
50327,52.0,48.03663620557968,3.9633637944203173
9666,19.78,15.822944010770948,3.9570566758745596
105167,702.338,698.3886292797871,3.9493834155254035
64153,57.7,53.75432503284644,3.945675730093015
44784,29.0,25.05864789080191,3.941352109198089
166489,117.429,113.48848531554127,3.940515538950919
52302,18.9,14.964148787276185,3.935850831254088
16000,48.6,44.6661144648601,3.933884009260993
57436,54.7,50.76909114129893,3.9309096216405237
65999,56.875,52.96047951490119,3.9145204850988122
14125,26.69,22.775488655544972,3.914511878512645
20444,33.455,29.543182547380642,3.9118192836740455
14025,9.0,5.106769882435634,3.893230117564366
9849,8.8,4.908479124607517,3.8915210661273463
10873,19.63,15.73855929112631,3.8914398696402923
60000,100.0,96.11445481885559,3.8855451811444084
72102,108.85,104.97293986818634,3.8770586059347494
17220,47.0,43.124059381666974,3.8759406183330256
35465,46.63,42.77485475676939,3.855146311345841
5000,9.36,5.536006195723891,3.8239934609533552
30810,47.17,43.34839231441704,3.821605854528272
21903,80.63,76.80909051279772,3.820906740620245
83772,30.558,26.74168677724888,3.8163137873263153
13100,22.41,18.608836661917763,3.801163185494346
1396,10.81,7.017108611653998,3.792891807962701
3545,26.1,22.312161046531102,3.7878393349386243
22400,39.0,35.2146387862968,3.7853612137031973
65000,100.21,96.43054910446315,3.7794499800095025
122592,272.39,268.61191640810665,3.7780982403308485
61756,77.0,73.23098679483137,3.7690132051686334
3545,26.08,22.312161046531102,3.7678388771749525
108392,95.0,91.23442179468206,3.7655782053179365
7079,12.56,8.803298265499503,3.756702154117196
86786,76.0,72.24528804602814,3.7547119539718636
65663,84.925,81.17271682915242,3.7522862226053917
9303,30.4167,26.667052539014318,3.749647824144862
8836,20.157,16.412845132063698,3.7441544559489977
13100,22.35,18.608836661917763,3.741163719551963
3545,26.05,22.312161046531102,3.7378381905294447
31233,28.0,24.265573110267272,3.7344268897327275
1102,6.4,2.6672420456430337,3.732758049724398
21469,43.6763,39.94433602651463,3.731964022313498
3729,7.9167,4.19842288616139,3.718277000160631
53194,16.7,12.984236452706801,3.715764310232652
56637,114.0,110.28639682585973,3.7136031741402746
164206,637.524,633.8106849402451,3.713301876161154
72958,52.0,48.289918767259365,3.7100812327406345
9062,16.86,13.151898070732997,3.708102539618565
69400,95.22,91.51270432346128,3.7072968972418465
11910,25.15,21.445607696691635,3.7043919218386385
52748,51.381,47.706419178192554,3.6745813406062737
4773,23.775,20.101508729557995,3.673490888972278
55240,32.0,28.330590435648272,3.669409564351728
55240,32.0,28.330590435648272,3.669409564351728
122922,320.378,316.7091629641167,3.668827758539578
166814,87.4,83.7316363770681,3.668365148810807
5013,15.22,11.552095354197538,3.66790491283127
271300,118.23,114.56615837559549,3.6638449813381015
23702,34.7281,31.071029722891875,3.6570701001061714
52559,40.0,36.349294900499125,3.6507050995008754
43143,27.8053,24.155083649438474,3.650216109472659
27889,141.885,138.23624714605003,3.6487473607859044
151637,673.44,669.7913889476829,3.64861349372336
15574,19.5,15.853389653259601,3.646610346740399
54061,79.35,75.70343828630207,3.64656018781902
40706,25.75,22.10448978708124,3.6455102129187615
37107,140.676,137.03620508662948,3.6397897864173956
5033,14.9,11.264906586152822,3.6350930323774513
7427,6.11,2.475489599300063,3.6345105342143413
51176,41.19,37.55825024664037,3.631748380068615
4650,7.4,3.7694782963457207,3.630521799021711
200442,649.0,645.3766118020225,3.6233881979775333
13100,22.23,18.608836661917763,3.6211628803185647
6329,11.85,8.229438877911122,3.620561503558605
21892,34.38,30.75960088138099,3.620400186734244
23903,40.781,37.16730312616275,3.6136951038177187
62200,73.37,69.76159670313844,3.608406043443594
42129,28.85,25.24678838682009,3.6032119946496373
53234,105.2,101.59823949114269,3.6017574570994952
30171,29.93,26.331996075902747,3.598004229273034
21368,13.79,10.192747487574746,3.5972524742782817
91273,131.84,128.24550737497643,3.5944889629141983
10873,19.33,15.73855929112631,3.5914406325797454
1566,9.3333,5.743046954061586,3.5902526827792345
2070,6.5014,2.924220021601061,3.5771799722954234
93500,65.2167,61.64521420642434,3.571483486446752
26926,22.499,18.93111771226888,3.5678828370475273
46484,113.68,110.11349258468039,3.5665077204953946
29778,24.37,20.80768162597745,3.5623192132559467
61439,28.9,25.338672833840796,3.561326784689477
20372,15.0,11.44082890127547,3.55917109872453
20372,15.0,11.44082890127547,3.55917109872453
26033,26.0,22.443141631421263,3.5568583685787374
33739,79.59,76.03326810400009,3.5567282338905386
39538,30.475,26.920299389904763,3.554700991564964
20917,26.0,22.44688448462924,3.5531155153707594
20917,26.0,22.44688448462924,3.5531155153707594
273234,903.188,899.6352102204693,3.5527780607807244
4698,30.0326,26.486744936330428,3.545855466501603
39538,30.45,26.920299389904763,3.5297013730346904
3907,11.3025,7.773741204075227,3.528758567042937
2067,7.16,3.6327270441033597,3.5272728033087497
118231,136.437,132.91861146658698,3.5183849933739566
3648,10.5417,7.02401322970164,3.5176871334575397
66404,98.3,94.78397760438385,3.5160254473739627
11900,40.98,37.4657365711648,3.514262971071531
22201,10.65,7.13736241381075,3.512637204719524
33246,25.0,21.48922706643315,3.5107729335668516
33246,25.0,21.48922706643315,3.5107729335668516
30143,296.25,292.7399584355604,3.5100415644395753
20584,72.65,69.140539141848,3.509462384030911
51471,80.697,77.18846322824882,3.508535367942585
12777,10.5,6.994928799878786,3.505071200121214
22334,95.12,91.61699688537199,3.503005861210042
28750,23.92,20.419397606739302,3.500602469554643
9703,12.18,8.68088332404451,3.4991169811312712
12316,21.18,17.686612558168754,3.493387747007027
117814,69.625,66.13522308584638,3.489776914153623
11464,7.4,3.9117812684202,3.488218826947232
2956,5.1667,1.6792824400382003,3.487417446283821
4848,11.6667,8.183352334477739,3.4833480286814407
40611,35.525,32.049296199288236,3.4757053265906706
74420,70.0,66.52485936242486,3.4751406375751372
11900,40.94,37.4657365711648,3.4742620555441874
23903,40.64,37.16730312616275,3.4726962634856875
6392,19.1667,15.698659560228386,3.468040802930794
27646,19.36,15.892940934549317,3.467059675802245
121585,216.006,212.53967083963707,3.466325864464494
5000,9.0,5.536006195723891,3.463993804276109
14542,10.12,6.660888830264409,3.459111055294673
4371,6.0417,2.5840612338676947,3.4576386524543268
19876,18.0,14.542466091451235,3.457533908548765
45086,31.0,27.544218091023907,3.4557819089760926
10000,9.24,5.787494157409733,3.452505613708431
12754,27.87,24.418374203055837,3.4516266361775614
26325,22.5,19.062774038055142,3.4372259619448577
31415,11.1,7.665836623181032,3.434163758288695
21582,18.07,14.638583031003636,3.431416663820583
71224,72.96,69.53177877239092,3.4282203120817343
3025,12.9686,9.541287834701878,3.4273124384304463
59498,52.0,48.57663055786556,3.4233694421344367
30171,29.745,26.331996075902747,3.413004763330651
157113,15.39,11.977464329187958,3.412536014134796
5376,17.6101,14.199046997164576,3.411052795315893
187041,181.7,178.29035800293548,3.4096389453067104
96336,20.575,17.166916002024095,3.408084760915358
39788,24.0,20.60702695546327,3.392973044536731
23012,12.6,9.212655960348595,3.3873444211211314
16351,18.3,14.91415960726085,3.3858396297996975
6139,21.93,18.546339444333615,3.3836608608421663
48881,37.975,34.59207434655215,3.3829241275689412
155177,19.9,16.52155560135246,3.378444017177813
52534,12.0583,8.681226430201681,3.377073588108866
14585,19.6075,16.231023736613114,3.3764763396808313
8730,12.9,9.523992650585356,3.3760069679449174
9838,88.2875,84.91373325796245,3.3737652161586453
1962,6.76,3.3886747234159116,3.3713255054659244
8836,19.781,16.412845132063698,3.368155005265404
144000,69.52,66.1521936565581,3.367802986508309
44352,37.7167,34.35038839955675,3.36631310801161
13512,17.4667,14.10217560088639,3.3645239993333362
16098,23.96,20.596398209423327,3.363600875049329
11524,10.825,7.463364473628394,3.361635335636743
42647,5.2,1.8395679514690344,3.3604318577961023
37096,34.029,30.672807248367594,3.3561920802456875
17927,32.3,28.943953453402244,3.3560457836583026
8000,23.27,19.91876652518705,3.3512339325766227
13100,21.96,18.608836661917763,3.351162422554893
52034,57.25,53.89970547704957,3.3502945229504277
83919,66.0,62.65477586357784,3.3452241364221607
157723,152.559,149.21804151294924,3.340964224355446
17190,12.2,8.862108681057567,3.33789112820757
52141,85.2815,81.9438004329225,3.3377013370970303
801,6.2,2.8638029759508132,3.3361968333143235
11910,24.78,21.445607696691635,3.334392989953873
17220,46.4583,43.124059381666974,3.3342421625224787
96336,20.5,17.166916002024095,3.333083997975905
71806,43.89,40.56042857818917,3.32957081145927
110235,244.0,240.67440159613253,3.325598403867474
48642,34.1,30.7757222115214,3.3242762625996924
1629,4.86,1.5378861066262837,3.3221140268881206
82548,125.75,122.43459414597746,3.3154058540225435
48300,68.75,65.43707293693117,3.312927063068827
10135,19.31,16.00054427412153,3.3094551918208523
2070,6.2318,2.924220021601061,3.307580057744642
50846,36.0,32.694485144086485,3.305514855913515
50846,36.0,32.694485144086485,3.305514855913515
400000,1352.4,1349.0945370527375,3.3054873613250493
36307,18.8,15.495849392557458,3.3041498445030886
24103,22.8,19.49913333347199,3.3008659035885586
112283,44.68,41.38081812860892,3.299182176566859
121440,129.47,126.17316841314133,3.296832807561799
9838,88.21,84.91373325796245,3.296265826510208
20864,10.0,6.704201026367895,3.295798973632105
9849,8.2,4.908479124607517,3.2915206846576197
33739,79.32,76.03326810400009,3.2867315908241324
39807,31.933,28.646733807880572,3.286266756694623
13220,24.0,20.715090028190367,3.2849099718096326
345837,185.85,182.5676391433908,3.2823669601248184
8773,7.03,3.7485298276742935,3.281470382134056
40611,35.325,32.049296199288236,3.2757045636512174
15304,4.7438,1.4683158405389185,3.2754843227301245
62800,128.69,125.41469576714209,3.275306674264158
182943,623.526,620.2518894061445,3.274111570417972
193723,167.0,163.727659602302,3.2723403976980023
70042,212.817,209.54633916512242,3.270662177651019
9392,23.72,20.452303864883426,3.2676954484710663
202829,163.4,160.13233995148073,3.2676539450036444
18471,24.2,20.932552497188123,3.26744826575133
81580,243.0,239.73292916022604,3.2670708397739645
8837,75.0,71.75459461592263,3.2454053840773724
1858,15.56,12.314679675683,3.2453207439337
8000,23.16,19.91876652518705,3.24123332222506
11470,19.502,16.263185581202844,3.2388152275129762
23067,13.4,10.163375748264333,3.236623870265941
78550,24.68,21.444047625618218,3.2359526795575633
19876,17.775,14.542466091451235,3.2325335270790383
51778,38.0,34.780823601984224,3.219176398015776
16744,16.53,13.311075909083941,3.2189247775615666
21168,33.775,30.55925140608615,3.215750119792755
51920,93.91,90.69577192860044,3.2142317335089388
230747,109.0,105.7891132541025,3.210886745897497
25139,27.78,24.574304279715843,3.2056964069296647
113580,126.25,123.04470541110781,3.205294588892187
122746,172.628,169.4339466678289,3.194059313616407
8925,23.1,19.907175776129005,3.1928246053407214
12152,10.97,7.784094299998703,3.1859059670301058
73200,121.2,118.01822999378687,3.1817669544553127
282200,417.15,413.96836488381973,3.1816290126646436
19000,31.53,28.360372671680704,3.169628014964804
20540,33.8078,30.64733030524539,3.16046998772336
24103,22.65,19.49913333347199,3.150866285058285
4848,11.3333,8.183352334477739,3.1499473023630813
4848,11.3333,8.183352334477739,3.1499473023630813
31614,17.5,14.355366460165289,3.144633539834711
18551,15.0,11.85744006256594,3.1425599374340596
18551,15.0,11.85744006256594,3.1425599374340596
86167,48.0,44.85891121731448,3.1410887826855216
21903,79.95,76.80909051279772,3.140906435444464
20804,21.1,17.963342835001335,3.136657546468392
12000,30.57,27.434390732131156,3.1356089626930626
77055,90.4925,87.3578962899231,3.134604015252677
6139,21.68,18.546339444333615,3.1336608608421663
4650,6.9,3.7694782963457207,3.130521799021711
33739,79.16,76.03326810400009,3.1267355581092886
1473,8.05,4.924128863494182,3.125871327240681
11470,19.388,16.263185581202844,3.124814907078406
101555,80.0,76.8793916439436,3.120608356056394
15574,18.97,15.853389653259601,3.116609660094891
2582,5.88,2.764803325216886,3.115196789224032
8925,23.02,19.907175776129005,3.1128246816346667
92994,46.446,43.33380164814044,3.112197497367376
21368,13.3,10.192747487574746,3.1072527031601176
12777,10.1,6.994928799878786,3.1050715815909404
39538,30.025,26.920299389904763,3.1047002286255108
24103,22.6,19.49913333347199,3.1008670479977383
268480,213.521,210.42514181285284,3.095854280897157
66121,137.0,133.9063732487111,3.0936267512888946
8000,23.01,19.91876652518705,3.091233703694787
17927,32.03,28.943953453402244,3.0860453258946308
131745,82.752,79.67019960302535,3.081799298341835
14269,34.26,31.184082246241424,3.0759160752917794
60096,62.0,58.925563981466794,3.0744360185332056
40085,53.5964,50.522949634775095,3.073451579824514
40085,53.5964,50.522949634775095,3.073451579824514
50020,34.0,30.92727077113561,3.0727292288643895
43681,146.73,143.66093006200165,3.0690656655374084
5013,14.61,11.552095354197538,3.0579043024797077
71994,50.5875,47.53316412692653,3.054337398952377
12316,20.74,17.686612558168754,3.05338721294941
9726,9.56,6.5086050235065445,3.0513953961101548
34563,14.8,11.754010704382967,3.045989486351896
64153,56.8,53.75432503284644,3.0456742042141087
8000,22.96,19.91876652518705,3.041232559285607
22201,10.175,7.13736241381075,3.0376377769241136
11419,6.9999,3.964827332233646,3.0350725319631313
58908,62.23,59.19584950328502,3.03415003895131
50623,75.1151,72.08712626230438,3.027970783594057
9392,23.48,20.452303864883426,3.0276956773529022
31635,11.5,8.474713175547556,3.0252868244524436
53855,14.89,11.866410322933811,3.0235900203889425
237702,384.0,380.97897339947025,3.0210266005297512
7292,20.8333,17.815661201514253,3.0176384353265675
250000,1017.03,1014.0126709648727,3.0173583320023454
62242,112.625,109.60821651990702,3.0167834800929825
36744,132.63,129.61788150425338,3.0121233785591244
8073,10.8325,7.821395810940874,3.0111046468227975
63771,66.799,63.791281292321955,3.007722308752264
28991,22.428,19.421277134745118,3.006722361714843
49492,27.8,24.794361941564418,3.005637295496129
46230,37.0,33.994873421229734,3.005126578770266
7820,20.5417,17.541441022185005,3.000259340974175
52141,84.9418,81.9438004329225,2.998002545593124
19000,31.35,28.360372671680704,2.9896277097890227
41241,36.0,33.01440978901789,2.98559021098211
96336,20.15,17.166916002024095,2.9830836165061783
23815,16.9325,13.949801778739879,2.9826990604935197
5013,14.53,11.552095354197538,2.977904378773653
3267,33.0,30.0276103070647,2.9723896929353018
23392,30.37,27.398699271212255,2.9713015680211434
47007,44.1667,41.20119199898918,2.965506456821366
11350,16.5,13.53709596314223,2.96290403685777
22201,10.1,7.13736241381075,2.962637967658977
31316,25.625,22.667616655478536,2.957383344521464
17709,34.02,31.064765207702916,2.955235250060756
1629,4.49,1.5378861066262837,2.9521136644918804
51176,40.51,37.55825024664037,2.9517480748928335
8000,22.8658,19.91876652518705,2.947034332356896
7589,5.5,2.5534769713934726,2.9465230286065274
9838,87.86,84.91373325796245,2.946267352389114
33695,131.35,128.40724356207852,2.942762541437105
345837,185.51,182.5676391433908,2.942355363445131
44784,28.0,25.05864789080191,2.941352109198089
44784,28.0,25.05864789080191,2.941352109198089
30000,21.34,18.401750384897426,2.938249767690465
61439,28.275,25.338672833840796,2.936326784689477
28432,51.675,48.739234765419816,2.9357644716407307
10000,8.72,5.787494157409733,2.9325061096190757
24463,36.0,33.068301484688234,2.9316985153117656
4650,6.7,3.7694782963457207,2.930521512919416
27995,38.6289,35.69987448207459,2.9290241385308775
10932,54.4512,51.52376941730643,2.9274291605744267
61151,62.16,59.233831400934825,2.926168446477284
12750,15.38,12.455114987153234,2.924885127287684
1566,8.6667,5.743046954061586,2.923653409097594
60086,89.0,86.08153731823951,2.918462681760488
22101,76.63,73.71617728775752,2.9138199656604513
8925,22.82,19.907175776129005,2.9128239186952136
10174,23.3333,20.42422967790555,2.9090699589352695
10174,23.3333,20.42422967790555,2.9090699589352695
14744,19.475,16.56694627468606,2.9080541067836663
15420,25.08,22.184755093180282,2.8952448305257725
9111,14.025,11.132689972662172,2.8923096458681012
11934,16.16,13.270097618252485,2.889902229159624
24456,105.387,102.49922772539561,2.887773312202043
30949,31.16,28.272343008128818,2.8876568392832915
79700,112.73,109.85284544164244,2.87715791529115
128536,178.0,175.13262337944073,2.86737662055927
69754,53.0,50.13595029807898,2.8640497019210187
77055,90.2195,87.3578962899231,2.861601390740958
10873,18.6,15.73855929112631,2.8614410903434173
11470,19.124,16.263185581202844,2.860814968113562
129532,113.917,111.06161541494338,2.855384401951156
43910,52.9082,50.05703918251732,2.8511601277854126
9816,23.69,20.847910027086815,2.842090506970802
166489,116.327,113.48848531554127,2.8385181634626377
83155,63.621,60.78507835381667,2.835920028751687
16351,17.75,14.91415960726085,2.8358403927391507
87976,154.0,151.16459916034785,2.835400839652152
5033,14.1,11.264906586152822,2.8350937953169044
39558,41.3475,38.51438208472304,2.8331177626890707
24103,22.325,19.49913333347199,2.825867429467465
63771,66.617,63.791281292321955,2.825715472814764
23815,16.7742,13.949801778739879,2.8243986607132463
755,8.3333,5.513714139518147,2.8195854973226737
3648,9.8333,7.02401322970164,2.8092864071391803
64024,52.1531,49.345865967876115,2.8072330921824786
6392,18.5,15.698659560228386,2.8013404397716144
5839,31.8333,29.032411207219496,2.800888429621324
6431,20.79,17.996440658666852,2.7935602568604914
40629,11.275,8.48171411542149,2.793285503108784
7820,20.3333,17.541441022185005,2.7918586146558155
10932,54.3147,51.52376941730643,2.790931663015833
22201,9.925,7.13736241381075,2.7876377769241136
21582,17.425,14.638583031003636,2.786416206056911
140345,185.59,182.81018742598226,2.7798089119083613
9941,23.48,20.70043334178047,2.7795662004558572
12660,42.35,39.57521915142756,2.774779322693533
229973,390.0,387.22993546013765,2.7700645398623465
11470,19.029,16.263185581202844,2.765813747410437
11302,17.2,14.435927289822423,2.7640734731170298
44218,46.2775,43.516435268554595,2.7610648840332956
16351,17.675,14.91415960726085,2.7608396297996975
205472,371.57,368.8126989194217,2.7573084047970724
9813,21.75,18.994625230529206,2.7553747694707944
19619,10.725,7.971507880292552,2.753492501177175
11227,9.0,6.247088516761235,2.7529114832387647
53651,115.183,112.43428590103225,2.7487127561943083
56388,75.6773,72.92864052983418,2.7486589696775354
43910,52.8048,50.05703918251732,2.7477589437033814
9392,23.2,20.452303864883426,2.7476968980560272
37803,22.5625,19.814994406317467,2.7475055936825328
78438,85.5,82.75468417196358,2.745315828036425
45348,38.7374,35.993275975793495,2.744124079138146
6431,20.74,17.996440658666852,2.7435591124513117
38598,68.0,65.25679238145119,2.7432076185488086
66600,68.15,65.40980640194115,2.7401951239377524
105612,108.0,105.2655535216568,2.7344464783432016
4650,6.5,3.7694782963457207,2.7305217036542793
4650,6.5,3.7694782963457207,2.7305217036542793
3648,9.75,7.02401322970164,2.72598677029836
23432,55.385,52.65943805968158,2.7255602618516264
87131,121.227,118.50223802419774,2.724759351290544
9894,23.5,20.781103170505027,2.718896829494973
9894,23.5,20.781103170505027,2.718896829494973
9813,21.71,18.994625230529206,2.7153738539434507
11524,10.175,7.463364473628394,2.7116357171064696
92994,46.041,43.33380164814044,2.707198718070501
31053,56.025,53.32551994486311,2.699481581015796
9309,39.98,37.289655207317,2.690344334919331
21368,12.87,10.192747487574746,2.6772523979843363
5033,13.94,11.264906586152822,2.6750929942304786
57189,30.0,27.325558905161923,2.674441094838077
55240,31.0,28.330590435648272,2.669409564351728
7079,11.47,8.803298265499503,2.6667020015293055
13512,16.7667,14.10217560088639,2.664525143742516
5000,8.2,5.536006195723891,2.663993613541246
8773,6.41,3.7485298276742935,2.661470019737816
7900,6.305,3.6437881537070114,2.6612116746316117
5033,13.92,11.264906586152822,2.655093490141123
155177,19.175,16.52155560135246,2.6534436357080864
52559,39.0,36.349294900499125,2.6507050995008754
21539,130.6,127.95131600271785,2.6486901007977792
7900,6.2875,3.6437881537070114,2.643711750925557
55800,42.68,40.03948395811355,2.6405163470622313
3000,13.875,11.235324994638358,2.6396750053616422
66900,91.52,88.88360894660983,2.6363876964565804
6392,18.3333,15.698659560228386,2.6346400766124347
14519,28.09,25.455705174679938,2.6342949779079525
150294,254.375,251.74743543960705,2.6275645603929547
164206,636.43,633.8106849402451,2.619307735536154
25401,46.7026,44.083301216440105,2.6192973553372383
62800,128.03,125.41469576714209,2.615303012154783
3025,12.1496,9.541287834701878,2.6083121942898213
26926,21.539,18.93111771226888,2.6078818452262382
45240,94.1389,91.53120554385463,2.6076952129813122
35033,75.77,73.16281797532928,2.6071786677371307
6431,20.6,17.996440658666852,2.603559722802874
30160,46.0,43.398355647414725,2.601644352585275
54061,78.3,75.70343828630207,2.5965647654557387
15304,4.0612,1.4683158405389185,2.5928843013678198
40492,19.475,16.882705463049422,2.592294918420304
21168,33.15,30.55925140608615,2.590750119792755
4589,23.38,20.789902927443496,2.5900962333231057
32841,26.09,23.50081991584786,2.589180236740031
5680,10.0,7.411615926602808,2.588384073397192
5680,10.0,7.411615926602808,2.588384073397192
5680,10.0,7.411615926602808,2.588384073397192
5680,10.0,7.411615926602808,2.588384073397192
118966,125.35,122.76227916901412,2.5877193051069725
89456,142.0,139.4143177820109,2.5856822179891026
30613,20.5,17.91475535467321,2.5852446453267888
7820,20.125,17.541441022185005,2.583558977814995
37096,33.255,30.672807248367594,2.5821938197476406
26372,71.1675,68.58564499375102,2.581858363182576
9309,39.87,37.289655207317,2.5803437245677685
18474,11.0,8.427080509688045,2.572919490311955
30495,51.8,49.227378209349425,2.572621027711122
47191,33.0,30.43740339910606,2.56259660089394
11470,18.824,16.263185581202844,2.5608138237043825
137040,124.34,121.77975418745667,2.5602421504339503
32841,26.06,23.50081991584786,2.559179550094523
26033,25.0,22.443141631421263,2.5568583685787374
20917,25.0,22.44688448462924,2.5531155153707594
20917,25.0,22.44688448462924,2.5531155153707594
40611,34.6,32.049296199288236,2.550702274832858
20986,22.0,19.452100858827336,2.547899141172664
20444,32.086,29.543182547380642,2.542815987775608
32527,25.24,22.698255887297467,2.541743883820697
8836,18.9536,16.412845132063698,2.5407547977458727
66585,13.0,10.459923829203898,2.5400761707961017
66585,13.0,10.459923829203898,2.5400761707961017
3025,12.0813,9.541287834701878,2.5400119470974385
12045,7.5,4.968086353783681,2.531913646216319
14524,9.2497,6.719791612028279,2.5299079805620535
2210,6.2,3.6714749079922306,2.528524901272906
38319,42.7,40.176175635019455,2.5238251279199986
9838,87.435,84.91373325796245,2.5212643006313016
36406,33.64,31.119898488800242,2.5201009008481954
9788,16.83,14.310098695307707,2.519901228398348
39541,26.69,24.176901575028438,2.513098959029179
13728,22.64,20.13115403676618,2.5088453528822576
37096,33.176,30.672807248367594,2.503191439376547
9303,29.1667,26.667052539014318,2.499647824144862
157545,184.514,182.01542427431616,2.4985832940432147
82200,50.57,48.07762212813821,2.4923775666860095
43143,26.6467,24.155083649438474,2.491616255957034
2000,4.88,2.3903357641541625,2.4896643502867555
28363,11.9,9.410502620812421,2.4894969977178523
30613,20.4,17.91475535467321,2.485244263857062
43400,25.5,23.021419967731944,2.478580032268056
62200,72.24,69.76159670313844,2.478401160631094
83155,63.258,60.78507835381667,2.4729210663493433
6392,18.1667,15.698659560228386,2.468040802930794
27640,32.5158,30.04829477910019,2.4675056969740297
18697,9.461,6.996840298563264,2.464160143941619
49108,39.32,36.85753784242459,2.4624618523996276
10301,14.9209,12.460539513039551,2.4603608318090817
7820,20.0,17.541441022185005,2.458558977814995
45086,30.0,27.544218091023907,2.4557819089760926
45086,30.0,27.544218091023907,2.4557819089760926
45086,30.0,27.544218091023907,2.4557819089760926
45086,30.0,27.544218091023907,2.4557819089760926
45086,30.0,27.544218091023907,2.4557819089760926
45086,30.0,27.544218091023907,2.4557819089760926
11900,39.92,37.4657365711648,2.4542615977805156
21469,42.3971,39.94433602651463,2.452762514745139
150673,151.375,148.92755080784673,2.4474491921532717
5839,31.4583,29.032411207219496,2.425888429621324
36904,47.18,44.75681340557054,2.4231868996052413
66600,67.83,65.40980640194115,2.4201954291135337
27071,24.25,21.831712383191665,2.4182876168083354
10301,14.875,12.460539513039551,2.414460486960449
2067,6.04,3.6327270441033597,2.4072729177496677
8073,10.2275,7.821395810940874,2.406104150912153
12777,9.4,6.994928799878786,2.4050708186514873
14150,32.0688,29.66640110544615,2.402400774436664
37096,33.075,30.672807248367594,2.4021935145718594
13728,22.53,20.13115403676618,2.398846649879328
3133,4.24,1.8414068910425019,2.398592880075662
2582,5.16,2.764803325216886,2.3951965221952234
58733,51.225,48.83283654061337,2.3921619335077224
17104,14.475,12.083384044584836,2.3916163368848906
11935,15.22,12.830011509381842,2.3899887576469663
405083,95.49,93.1034644247677,2.3865334390018376
8726,13.14,10.75529017489369,2.3847101684290646
282946,265.76,263.3754930126251,2.3845167529999003
8516,3.5,1.117030076161131,2.382969923838869
133594,96.425,94.05099893609146,2.3740041156663523
37096,33.038,30.672807248367594,2.365190951095297
6431,20.36,17.996440658666852,2.36355995168471
51471,79.5505,77.18846322824882,2.3620357341535225
66600,67.77,65.40980640194115,2.3601902411252524
21582,16.995,14.638583031003636,2.3564178082297627
7481,12.89,10.536914172071446,2.3530861712513076
83660,121.71,119.35749862291706,2.352500461555593
98212,279.141,276.788577492043,2.3524137188945247
7079,11.15,8.803298265499503,2.3467013530307703
40492,19.225,16.882705463049422,2.342294918420304
23702,33.4121,31.071029722891875,2.3410720227135933
143228,874.0,871.6615900076947,2.3384099923052872
7079,11.14,8.803298265499503,2.336702077823251
11270,14.0,11.670955286483407,2.329044713516593
15879,21.3333,19.004714146124897,2.3285854907159234
51622,106.4,104.07337745429024,2.326624071588668
24103,21.825,19.49913333347199,2.325867429467465
43910,52.377,50.05703918251732,2.3199597188498657
149704,109.0,106.69170156945394,2.30829843054606
50846,35.0,32.694485144086485,2.305514855913515
12945,12.95,10.645731462290515,2.304268346974622
23533,15.0975,12.80118417694109,2.296315670471019
27071,24.125,21.831712383191665,2.2932876168083354
168696,108.0,105.70833076013291,2.2916692398670904
13220,23.0,20.715090028190367,2.2849099718096326
13220,23.0,20.715090028190367,2.2849099718096326
13220,23.0,20.715090028190367,2.2849099718096326
111360,131.6,129.3188353434009,2.281170760114719
11329,13.41,11.129841220967467,2.280158626444642
9838,87.1875,84.91373325796245,2.2737667420375516
13044,25.76,23.487326016666042,2.2726742122157937
30495,51.5,49.227378209349425,2.2726217906505752
11935,15.1,12.830011509381842,2.2699888720878842
98212,279.054,276.788577492043,2.2654081036601497
65999,55.225,52.96047951490119,2.264518959219906
68203,11.42,9.157118375556369,2.2628817007375766
9062,15.41,13.151898070732997,2.258101776679112
1566,8.0,5.743046954061586,2.256953045938414
69400,93.76,91.51270432346128,2.2472978127691903
2067,5.88,3.6327270441033597,2.2472730703375583
78550,23.69,21.444047625618218,2.245952908439399
8837,74.0,71.75459461592263,2.2454053840773724
14913,39.38,37.14035362744481,2.2396474406704243
92994,45.572,43.33380164814044,2.2381969480509696
26495,5.4167,3.179630554201467,2.2370693321205546
32766,40.5833,38.34689649346052,2.2364050507289335
7416,7.28,5.051431187475473,2.2285690223328762
150294,253.975,251.74743543960705,2.2275706639085797
6351,17.5,15.27544027821407,2.22455972178593
6351,17.5,15.27544027821407,2.22455972178593
106511,76.28,74.06120459992707,2.2187941793698087
65999,55.175,52.96047951490119,2.214519722159359
10000,8.0,5.787494157409733,2.212505842590267
177281,378.8,376.5889862839994,2.211001508969332
2000,4.6,2.3903357641541625,2.209664140478406
18000,54.07,51.86341238506539,2.206587309758831
10301,14.6662,12.460539513039551,2.2056601711035153
10301,14.6662,12.460539513039551,2.2056601711035153
40611,34.25,32.049296199288236,2.2007038007117643
22400,37.41,35.2146387862968,2.1953610611153067
61151,61.42,59.233831400934825,2.1861667680104873
27995,37.886,35.69987448207459,2.1861271048394713
356,5.5417,3.355924715188924,2.1857751711330975
5376,16.3814,14.199046997164576,2.18235215749851
43400,25.2,23.021419967731944,2.178580795207509
193800,198.66,196.48379335704252,2.17621030506686
22524,28.0,25.82641212471668,2.173587875283321
77263,99.45,97.27959058260959,2.1704063656326014
27071,24.0,21.831712383191665,2.1682876168083354
9062,15.32,13.151898070732997,2.1681016240912214
4371,4.75,2.5840612338676947,2.1659387661323053
65999,55.125,52.96047951490119,2.1645204850988122
16744,15.47,13.311075909083941,2.1589243579448674
1858,14.47,12.314679675683,2.1553205913458093
2582,4.92,2.764803325216886,2.1551967510770593
12750,14.61,12.455114987153234,2.1548846695240123
26187,100.92,98.76715630555593,2.1528418633893835
10578,60.13,57.97764472375438,2.1523563443608538
23903,39.319,37.16730312616275,2.151697117977875
111530,155.925,153.77331856306316,2.151684488694656
23432,54.81,52.65943805968158,2.150563313609439
30000,20.55,18.401750384897426,2.148248852163121
70040,84.232,82.08388411923272,2.1481181390680604
9062,15.3,13.151898070732997,2.148102120001866
77055,89.506,87.3578962899231,2.148100414178458
12206,5.7,3.554681053314646,2.1453187559504907
18551,14.0,11.85744006256594,2.1425599374340596
18551,14.0,11.85744006256594,2.1425599374340596
13224,22.97,20.831168170893967,2.138831142460525
1473,7.06,4.924128863494182,2.1358710792853586
131797,50.87,48.735275697307706,2.1347232345770593
1102,4.8,2.6672420456430337,2.1327581450918296
14842,28.71,26.578414926634537,2.1315841578381196
39807,30.772,28.646733807880572,2.125265551250287
62893,31.6,29.47818948660198,2.121810894867746
101555,79.0,76.8793916439436,2.120608356056394
898,4.04,1.920167348468145,2.119832613384882
53860,74.046,71.93530689627042,2.1106907233584877
10762,15.01,12.899733603754115,2.1102666251277213
28750,22.52,20.419397606739302,2.1006028510243695
43910,52.1565,50.05703918251732,2.0994625875022095
7416,7.15,5.051431187475473,2.0985689078919583
66121,136.0,133.9063732487111,2.0936267512888946
1396,9.11,7.017108611653998,2.092891045023248
25401,46.162,44.083301216440105,2.0786975323391914
1536,10.0,7.92284503604208,2.07715496395792
1536,10.0,7.92284503604208,2.07715496395792
36562,99.62,97.54477160197824,2.0752311446037908
6944,22.84,20.771191659038372,2.0688084935495183
21168,32.625,30.55925140608615,2.065748593913849
13512,16.1667,14.10217560088639,2.0645247622727894
83660,121.42,119.35749862291706,2.062499546028249
2260,12.1598,10.09967349401458,2.0601260817910845
6351,17.3333,15.27544027821407,2.05785935862675
34758,25.0,22.946292666346395,2.0537073336536054
57394,85.147,83.09365588914075,2.0533472846873764
42129,27.3,25.24678838682009,2.0532108502404576
6625,7.36,5.3125458559730445,2.04745427754136
7589,4.6,2.5534769713934726,2.0465229332390957
51471,79.2307,77.18846322824882,2.0422344035871163
45017,142.88,140.83824001532818,2.041764867484318
61439,27.375,25.338672833840796,2.0363271661592037
11419,6.0,3.964827332233646,2.035172667766354
520,2.5833,0.5487528925025704,2.034547221175408
6448,3.1667,1.1334891060157413,2.0332107803062804
225014,171.0,168.96841801675487,2.0315819832451325
8000,21.95,19.91876652518705,2.031234237752404
51999,60.46,58.42967347012043,2.030325614352229
19619,10.0,7.971507880292552,2.0284921197074484
3648,9.0417,7.02401322970164,2.0176871334575397
10559,22.362,20.34537377089695,2.0166257408218016
22000,63.18,61.16436187749794,2.0156384276778425
8805,7.18,5.173483998605427,2.006515829733196
41297,61.25,59.24677340909979,2.003226590900212
30000,20.4,18.401750384897426,1.9982492336328477
25609,55.0926,53.09767337235978,1.994928403763268
17104,14.075,12.083384044584836,1.9916157646803008
29192,50.75,48.76006857294362,1.9899314270563835
755,7.5,5.513714139518147,1.9862858604818534
50567,47.175,45.19129391624614,1.9837053208144084
23153,14.7,12.71664711544531,1.9833526938198265
40531,54.58,52.5972738210826,1.9827280099720852
75650,52.82,50.84006241374371,1.9799372810805096
11934,15.25,13.270097618252485,1.9799023817475145
6944,22.75,20.771191659038372,1.9788083409616277
51500,96.59,94.61482908453439,1.9751672533562328
47954,51.0,49.02727559162675,1.972724408373253
1962,5.36,3.3886747234159116,1.9713254100984927
306140,44.992,43.021347810047516,1.9706527697864686
168791,77.025,75.05522706316026,1.9697744627186466
96124,186.1,184.13046255271308,1.9695435508025412
11302,16.4,14.435927289822423,1.96407232870785
1843,17.38,15.416914021785947,1.963085138980654
11350,15.5,13.53709596314223,1.9629040368577702
9309,39.25,37.289655207317,1.9603447926830029
87187,65.705,63.74561741024058,1.9593844208141107
25866,8.6,6.6411748549670415,1.958825526502685
12908,34.16,32.20129789974108,1.958701947671031
8773,5.7,3.7485298276742935,1.9514699815908432
21618,9.95,8.001286135399727,1.9487136738654094
7079,10.75,8.803298265499503,1.9467017345004969
16576,49.79,47.84645721998391,1.9435436955434326
11470,18.206,16.263185581202844,1.9428137931868044
44784,27.0,25.05864789080191,1.941352109198089
12152,9.725,7.784094299998703,1.9409060814710237
278795,227.417,225.4772542573112,1.9397531889778747
49589,68.3,66.3610478812438,1.9389551705140065
30000,20.34,18.401750384897426,1.9382497676904649
6203,11.02,9.08222621281136,1.9377742449523119
58041,48.99,47.05703520932854,1.9329664691382575
24463,35.0,33.068301484688234,1.9316985153117656
3729,6.125,4.19842288616139,1.9265771138386096
58703,78.694,76.76906599693291,1.924934247207716
30810,45.27,43.34839231441704,1.9216081433466314
39649,57.0,55.08275783177581,1.9172421682241918
11274,25.24,23.325137335591627,1.914862435526537
13091,41.88,39.96700182082713,1.9129992472881057
10174,22.3333,20.42422967790555,1.9090699589352695
10174,22.3333,20.42422967790555,1.9090699589352695
20804,19.87,17.963342835001335,1.9066580042320638
11329,13.03,11.129841220967467,1.900158512003724
15574,17.75,15.853389653259601,1.896610346740399
39788,22.5,20.60702695546327,1.8929730445367312
39788,22.5,20.60702695546327,1.8929730445367312
39788,22.5,20.60702695546327,1.8929730445367312
1022,3.34,1.4486642230112152,1.8913356911580963
6351,17.1667,15.27544027821407,1.8912600849451096
11270,13.56,11.670955286483407,1.8890451331332923
11524,9.35,7.463364473628394,1.8866359078413328
105612,107.15,105.2655535216568,1.884448004222108
14219,30.688,28.804461659647412,1.8835380656943848
14585,18.1125,16.231023736613114,1.8814755004474328
373416,119.0,117.12672910456456,1.8732708954354393
30000,20.27,18.401750384897426,1.8682500728662461
43910,51.924,50.05703918251732,1.8669606038596314
6448,3.0,1.1334891060157413,1.8665108939842587
69754,52.0,50.13595029807898,1.8640497019210187
20584,71.0,69.140539141848,1.859460858152005
50567,47.05,45.19129391624614,1.8587053208144084
4581,9.34,7.484612987329101,1.8553871652587892
8000,21.77,19.91876652518705,1.8512339325766227
35253,113.667,111.81619961357337,1.8508002033211568
81372,132.135,130.29351170570138,1.8414828011345605
23012,11.05,9.212655960348595,1.8373442303862682
61439,27.175,25.338672833840796,1.8363264032197506
68030,74.235,72.39935889790297,1.8356417124485915
45548,59.97,58.14312338810224,1.8268778326008857
162549,122.042,120.2215696136214,1.8204302032731334
32766,40.1667,38.34689649346052,1.8198019623500272
62205,103.52,101.70138266734581,1.818613975720595
4848,10.0,8.183352334477739,1.816647665522261
250000,1015.82,1014.0126709648727,1.8073363593460954
10559,22.15,20.34537377089695,1.804625847633325
65913,133.333,131.52865649910893,1.804336054602004
23903,38.97,37.16730312616275,1.802698094540375
27071,23.6327,21.831712383191665,1.8009875832389994
6944,22.57,20.771191659038372,1.7988080357858465
20110,36.67,34.873700489292,1.796297679653314
225000,3.29,1.5026491710192675,1.7873507908337598
22000,62.95,61.16436187749794,1.7856388854415144
1396,8.8,7.017108611653998,1.7828915790808653
10873,17.52,15.73855929112631,1.7814411666373626
13512,15.8833,14.10217560088639,1.7811242266892933
14913,38.92,37.14035362744481,1.7796445415005024
57100,44.55,42.771477017837995,1.7785222192225518
207115,477.092,475.3141157367733,1.7778947612735578
225000,3.28,1.5026491710192675,1.777350800370503
41861,41.6667,39.88969071725503,1.7770077385555183
9226,17.81,16.03464703400734,1.775352431935044
306140,44.796,43.021347810047516,1.7746536242786561
61756,75.0,73.23098679483137,1.7690132051686334
17709,32.83,31.064765207702916,1.7652366233517718
306140,44.784,43.021347810047516,1.7626525866809999
21472,63.66,61.897768973311585,1.7622308741005241
8004,8.0,6.239740487001984,1.760259512998016
8004,8.0,6.239740487001984,1.760259512998016
8004,8.0,6.239740487001984,1.760259512998016
96336,18.925,17.166916002024095,1.7580832350364517
64818,80.1333,78.37583279247283,1.7574679887771651
86786,74.0,72.24528804602814,1.7547119539718636
13044,25.24,23.487326016666042,1.7526737544521218
10578,59.73,57.97764472375438,1.7523548184819475
91629,67.0,65.24804076016954,1.7519592398304553
86091,328.0,326.25192767266293,1.74807232733707
40629,10.225,8.48171411542149,1.743286266048237
73044,93.209,91.46740339265335,1.74159624113571
41302,19.4,17.661012010685784,1.7389876078444892
3907,9.5025,7.773741204075227,1.7287583763080736
11442,16.97,15.243184887108114,1.7268144262463778
19429,12.8,11.075588572988739,1.7244116177461244
9894,22.5,20.781103170505027,1.7188968294949731
9894,22.5,20.781103170505027,1.7188968294949731
66794,55.4058,53.68902530523555,1.716774560487103
9813,20.71,18.994625230529206,1.7153738539434507
2555,3.5833,1.873049848666706,1.7102502650112725
72958,50.0,48.289918767259365,1.7100812327406345
72958,50.0,48.289918767259365,1.7100812327406345
50567,46.9,45.19129391624614,1.7087076096327678
61151,60.94,59.233831400934825,1.7061672257741591
4581,9.19,7.484612987329101,1.7053865930541994
7250,2.56,0.8636230263198946,1.6963769164596463
346056,56.0,54.30425170417892,1.6957482958210832
346056,56.0,54.30425170417892,1.6957482958210832
12000,29.13,27.434390732131156,1.6956084286354454
1962,5.08,3.3886747234159116,1.691325200290143
100481,368.0,366.3107338222408,1.6892661777591798
30401,14.75,13.060812548531397,1.6891874514686034
56137,44.0,42.3111057578752,1.6888942421248032
6431,19.68,17.996440658666852,1.6835596465089289
23702,32.754,31.071029722891875,1.6829718945397651
23702,32.754,31.071029722891875,1.6829718945397651
59900,60.8,59.117070439659265,1.6829287974012814
11910,23.12,21.445607696691635,1.6743931425417635
15304,3.1398,1.4683158405389185,1.67148423117739
8073,9.4925,7.821395810940874,1.671104494234907
5682,6.0,4.329220607325177,1.670779392674823
5682,6.0,4.329220607325177,1.670779392674823
86323,79.42,77.74988560464969,1.6701125642956214
55240,30.0,28.330590435648272,1.669409564351728
55240,30.0,28.330590435648272,1.669409564351728
102191,173.859,172.19084799519547,1.6681455350779686
9062,14.82,13.151898070732997,1.6681016240912214
5380,8.2917,6.623953369010812,1.6677469941483674
8805,6.84,5.173483998605427,1.6665161539824638
58196,86.1415,84.47783244042338,1.6636699399477095
20444,31.206,29.543182547380642,1.6628168270090065
22201,8.8,7.13736241381075,1.6626377769241136
14542,8.32,6.660888830264409,1.6591108645598096
6944,22.43,20.771191659038372,1.658808646137409
20110,36.53,34.873700489292,1.6562982900048766
26372,70.24,68.58564499375102,1.6543528700185135
53234,103.25,101.59823949114269,1.6517605088573077
52559,38.0,36.349294900499125,1.6507050995008754
3200,5.7083,4.059141331850045,1.6491587818279339
4276,12.5,10.855033919681778,1.6449660803182216
4276,12.5,10.855033919681778,1.6449660803182216
4276,12.5,10.855033919681778,1.6449660803182216
4276,12.5,10.855033919681778,1.6449660803182216
4276,12.5,10.855033919681778,1.6449660803182216
53194,14.625,12.984236452706801,1.640763547293199
53194,14.625,12.984236452706801,1.640763547293199
72958,49.93,48.289918767259365,1.6400815379164158
44182,68.5,66.86000540657523,1.639994593424774
11934,14.91,13.270097618252485,1.639902229159624
32841,25.14,23.50081991584786,1.6391794738005778
30949,29.91,28.272343008128818,1.6376568392832915
8079,12.48,10.842593343773954,1.637406198462374
7122,5.1175,3.4840705368402682,1.6334292914983548
20584,70.77,69.140539141848,1.6294575012184112
32841,25.13,23.50081991584786,1.6291792449187419
107730,168.0,166.37389607572766,1.6261039242723427
62893,31.1,29.47818948660198,1.621810894867746
10873,17.36,15.73855929112631,1.6214413192252533
8463,2.8025,1.182857974802857,1.6196420347338862
17104,13.7,12.083384044584836,1.6166157646803008
66200,103.57,101.95519577413693,1.6148039206872937
207115,476.926,475.3141157367733,1.6118791362735578
12777,8.6,6.994928799878786,1.6050715815909404
89315,29.46,27.85605975612943,1.6039393283432268
53855,13.47,11.866410322933811,1.6035899440949972
24103,21.1,19.49913333347199,1.6008670479977383
52034,55.5,53.89970547704957,1.6002945229504277
59476,41.73,40.13679066234817,1.5932088798881594
103286,199.99,198.39764755015386,1.5923579430101995
9062,14.74,13.151898070732997,1.5881017003851667
11524,9.05,7.463364473628394,1.5866357171064696
2555,3.4583,1.873049848666706,1.5852502650112725
96336,18.75,17.166916002024095,1.5830839979759048
8000,21.5006,19.91876652518705,1.5818342896322868
33713,35.03,33.45316372213457,1.576835057162306
50020,32.5,30.92727077113561,1.5727292288643895
50020,32.5,30.92727077113561,1.5727292288643895
13044,25.05,23.487326016666042,1.5626732203945046
44789,54.5,52.93830439446674,1.5616956055332594
898,3.48,1.920167348468145,1.5598326706053414
26033,24.0,22.443141631421263,1.5568583685787374
39807,30.2,28.646733807880572,1.5532669550588807
273234,901.188,899.6352102204693,1.5527780607807244
10135,17.55,16.00054427412153,1.5494549629390164
3907,9.3225,7.773741204075227,1.5487590248066088
27646,17.44,15.892940934549317,1.5470595995082999
27646,17.44,15.892940934549317,1.5470595995082999
7079,10.35,8.803298265499503,1.5467021159702234
30171,27.8775,26.331996075902747,1.5455044581548698
5000,7.08,5.536006195723891,1.5439937279821638
199628,304.0,302.45769409681424,1.5423059031857633
21469,41.4833,39.94433602651463,1.538963228856467
134748,276.391,274.85263650688063,1.5383547040568715
25401,45.6215,44.083301216440105,1.5381968914700508
268480,211.956,210.42514181285284,1.5308518394909072
10577,22.15,20.620677720729617,1.5293218978006564
387,17.734,16.20780975712672,1.5261894951926145
83141,100.075,98.55372316030497,1.5212737879372185
93313,58.8,57.281569807338386,1.5184294297221612
3648,8.5417,7.02401322970164,1.5176871334575397
3648,8.5417,7.02401322970164,1.5176871334575397
54405,19.0,17.483359879608244,1.5166401203917559
7427,3.99,2.475489599300063,1.5145104102366802
24992,31.0,29.487568285009715,1.512431714990285
10135,17.51,16.00054427412153,1.5094559547603055
20444,31.05,29.543182547380642,1.506816689679905
37107,138.541,137.03620508662948,1.504795279581458
49388,22.5,20.995934890761713,1.5040651092382866
48519,22.1667,20.66802849884742,1.4986718643117598
10800,21.6667,20.170196781999223,1.4965035811599563
8805,6.6675,5.173483998605427,1.4940160204680595
177708,165.0,163.50905549379706,1.4909445062029363
11302,15.925,14.435927289822423,1.48907290091244
56467,39.841,38.35536462510165,1.4856349781698341
56467,39.841,38.35536462510165,1.4856349781698341
4848,9.6667,8.183352334477739,1.4833480286814407
23918,45.37,43.88713769119034,1.482861240694426
10733,22.26,20.779457008483618,1.4805432203982178
14150,31.1446,29.66640110544615,1.478198809104633
35465,44.2501,42.77485475676939,1.475244425359513
99700,123.74,122.26493246147383,1.475065402295698
36307,16.97,15.495849392557458,1.4741499207970339
10346,14.0,12.526344591645675,1.4736554083543254
10346,14.0,12.526344591645675,1.4736554083543254
10135,17.47,16.00054427412153,1.4694550392329617
7416,6.52,5.051431187475473,1.4685687934510403
40629,9.95,8.48171411542149,1.4682856938436473
56637,111.75,110.28639682585973,1.4636031741402746
61439,26.8,25.338672833840796,1.4613264032197506
12259,4.3333,2.8721874890260097,1.4611126246519688
12259,4.3333,2.8721874890260097,1.4611126246519688
15326,11.5,10.04102966568041,1.4589703343195897
137046,45.1,43.6419614849979,1.458036989123194
225000,2.96,1.5026491710192675,1.4573508671277051
11442,16.7,15.243184887108114,1.4568158758313388
45086,29.0,27.544218091023907,1.4557819089760926
45086,29.0,27.544218091023907,1.4557819089760926
105500,99.39,97.93455912021871,1.4554402694297295
2000,3.84,2.3903357641541625,1.449664150015149
10578,59.42,57.97764472375438,1.442353445190932
12500,552.0,550.562741293759,1.437258706240982
71806,41.9975,40.56042857818917,1.437072795101848
56497,187.4,185.96325235934196,1.4367415371424102
356,4.7917,3.355924715188924,1.4357751711330975
2582,4.2,2.764803325216886,1.4351964840482507
18432,32.55,31.118931138238125,1.431068098822422
5630,12.625,11.196253706585187,1.4287462934148127
157723,150.641,149.21804151294924,1.4229649567773208
32527,24.12,22.698255887297467,1.4217449519359313
17104,13.5,12.083384044584836,1.416615955415164
4581,8.9,7.484612987329101,1.415386631201172
43007,52.8054,51.39110744937759,1.414293399011079
39541,25.59,24.176901575028438,1.4130985775594525
48881,36.0,34.59207434655215,1.4079256534478475
16802,166.7,165.29263217265924,1.4073647755829484
14269,32.59,31.184082246241424,1.4059179063464669
243072,434.375,432.9709513137315,1.4040486862684816
22101,75.12,73.71617728775752,1.4038254588245138
49553,106.35,104.94885987553057,1.4011385985905207
6351,16.6667,15.27544027821407,1.3912600849451096
6351,16.6667,15.27544027821407,1.3912600849451096
6351,16.6667,15.27544027821407,1.3912600849451096
48881,35.975,34.59207434655215,1.3829241275689412
29149,12.3,10.91743338116423,1.3825668095706334
9045,16.6408,15.259015798018302,1.3817846780559169
44564,88.0,86.620599200529,1.379400799471
44564,88.0,86.620599200529,1.379400799471
648,4.25,2.8747553518558773,1.3752446481441227
17709,32.44,31.064765207702916,1.3752334190060687
49108,38.23,36.85753784242459,1.372461699811737
33530,16.8525,15.48006783387146,1.372433081655883
21892,32.13,30.75960088138099,1.3704001867342441
306140,44.39,43.021347810047516,1.3686515796009218
118858,446.461,445.0934769183514,1.3675216168048223
117054,97.05,95.68483085440359,1.3651721973542266
23432,54.02,52.65943805968158,1.3605623980820951
3200,5.4167,4.059141331850045,1.3575585544719768
93313,58.6333,57.281569807338386,1.3517309739116143
25463,39.903,38.554577827050835,1.3484220508788525
36562,98.89,97.54477160197824,1.345227787670197
40629,9.825,8.48171411542149,1.3432856938436473
40492,18.225,16.882705463049422,1.3422949184203041
1629,2.88,1.5378861066262837,1.3421140078146343
4581,8.82,7.484612987329101,1.3353867074951173
39541,25.51,24.176901575028438,1.3330986538533978
8168,22.3333,21.00396897663677,1.3293306602040502
16052,34.0,32.67135122639709,1.3286487736029073
16052,34.0,32.67135122639709,1.3286487736029073
16052,34.0,32.67135122639709,1.3286487736029073
33739,77.36,76.03326810400009,1.326732506351476
43910,51.3832,50.05703918251732,1.326162416603772
25401,45.4053,44.083301216440105,1.321998923940754
7900,4.9625,3.6437881537070114,1.3187119416604203
40629,9.8,8.48171411542149,1.3182860753133738
37800,64.63,63.31257688081704,1.3174203726009281
72102,106.29,104.97293986818634,1.3170610473409994
17104,13.4,12.083384044584836,1.3166155739454375
82548,123.75,122.43459414597746,1.3154058540225435
36562,98.86,97.54477160197824,1.315229008373322
72800,77.16,75.8490683537759,1.3109353083334696
50846,34.0,32.694485144086485,1.3055148559135148
487433,83.9549,82.6511249021135,1.3037777468122869
40611,33.35,32.049296199288236,1.300702274832858
4038,17.8012,16.50098387227743,1.3002169944217883
12259,4.1667,2.8721874890260097,1.2945123972960118
7820,18.8333,17.541441022185005,1.2918586146558155
1962,4.68,3.3886747234159116,1.2913251049227115
167066,348.17,346.88081728420934,1.2891961435250323
64113,83.31,82.02477535511987,1.2852222034738787
13220,22.0,20.715090028190367,1.2849099718096326
13220,22.0,20.715090028190367,1.2849099718096326
13220,22.0,20.715090028190367,1.2849099718096326
37107,138.321,137.03620508662948,1.284794058878333
6448,2.4167,1.1334891060157413,1.2832107803062802
11329,12.41,11.129841220967467,1.280158626444642
11470,17.54,16.263185581202844,1.2768153343244997
213762,138.5,137.22416557729,1.2758344227100054
39788,21.87,20.60702695546327,1.2629738837701296
133100,134.029,132.7679573791534,1.2610495788544256
78550,22.7,21.444047625618218,1.2559531373212351
9813,20.25,18.994625230529206,1.2553747694707944
11227,7.5,6.247088516761235,1.2529114832387647
24456,103.749,102.49922772539561,1.249772823920793
7589,3.8,2.5534769713934726,1.2465229809228116
8837,73.0,71.75459461592263,1.2454053840773724
10174,21.6667,20.42422967790555,1.242470685253629
10174,21.6667,20.42422967790555,1.242470685253629
10385,12.605,11.363780896302181,1.241218645934147
58703,78.007,76.76906599693291,1.2379377872467785
49553,106.175,104.94885987553057,1.2261431762272395
35465,44.0,42.77485475676939,1.2251452432306067
13224,22.05,20.831168170893967,1.2188310661665795
16411,59.94,58.722898878588495,1.2170997481204893
16411,59.94,58.722898878588495,1.2170997481204893
16411,59.94,58.722898878588495,1.2170997481204893
16411,59.94,58.722898878588495,1.2170997481204893
16411,59.94,58.722898878588495,1.2170997481204893
16411,59.94,58.722898878588495,1.2170997481204893
16411,59.94,58.722898878588495,1.2170997481204893
16411,59.94,58.722898878588495,1.2170997481204893
16411,59.94,58.722898878588495,1.2170997481204893
16411,59.94,58.722898878588495,1.2170997481204893
16411,59.94,58.722898878588495,1.2170997481204893
30810,44.56,43.34839231441704,1.2116090588739752
37803,21.0265,19.814994406317467,1.2115062955868297
71248,196.77,195.568207269302,1.20179700315893
23432,53.86,52.65943805968158,1.2005625506699857
3592,7.2917,6.0935658360871425,1.198134050234879
23432,53.8575,52.65943805968158,1.1980601092637357
43910,51.2493,50.05703918251732,1.1922589131858032
153700,793.839,792.6468324129391,1.1921568448733524
74886,402.0,400.8094717582333,1.1905282417666854
74886,402.0,400.8094717582333,1.1905282417666854
11302,15.625,14.435927289822423,1.1890727101775767
11442,16.43,15.243184887108114,1.1868154180676669
22400,36.4,35.2146387862968,1.1853627395821036
98539,28.868,27.685682169033324,1.182317861484254
110000,97.16,95.97805314507585,1.1819505170335276
7636,24.77,23.589878385380086,1.1801220723835861
9062,14.33,13.151898070732997,1.1781018529730574
92271,4.675,3.5004364816321067,1.1745637091027565
22524,27.0,25.82641212471668,1.1735878752833209
64024,50.5156,49.345865967876115,1.1697323292430255
64024,50.5156,49.345865967876115,1.1697323292430255
10103,20.35,19.18115389355727,1.1688464879124574
22101,74.88,73.71617728775752,1.1638199656604513
42647,3.0,1.8395679514690344,1.1604320485309656
3592,7.25,6.0935658360871425,1.1564341639128575
755,6.6667,5.513714139518147,1.152985746803875
40000,67.28,66.12854632382484,1.1514524554720396
65907,89.46,88.30872612779567,1.1512729566769906
7589,3.7,2.5534769713934726,1.1465230762902432
5000,6.68,5.536006195723891,1.1439936326147322
3648,8.1667,7.02401322970164,1.1426871334575397
18551,13.0,11.85744006256594,1.1425599374340596
18432,32.26,31.118931138238125,1.1410671832950783
10743,37.4043,36.26509901856411,1.1392016711331578
10743,37.4043,36.26509901856411,1.1392016711331578
5769,14.2,13.06112732257264,1.138872486692497
14839,8.19,7.051325711203852,1.1386738691794491
225000,2.64,1.5026491710192675,1.1373509338849073
79900,102.028,100.89239257329773,1.1356073046319608
12259,4.0,2.8721874890260097,1.1278125109739903
648,4.0,2.8747553518558773,1.1252446481441227
29063,37.2,36.07531868926343,1.12468207367602
11470,17.386,16.263185581202844,1.1228140983625856
9941,21.82,20.70043334178047,1.1195663530437479
3133,2.96,1.8414068910425019,1.1185931471044708
5013,12.67,11.552095354197538,1.117904722096407
4589,21.9,20.789902927443496,1.1100966910867776
503634,517.0,515.8994400356414,1.100559964358581
52034,55.0,53.89970547704957,1.1002945229504277
92271,4.6,3.5004364816321067,1.0995634230004616
13512,15.2,14.10217560088639,1.0978242083787464
51471,78.285,77.18846322824882,1.0965404338605538
20864,7.8,6.704201026367895,1.0957991643669684
98539,28.7813,27.685682169033324,1.095617422031129
9894,21.875,20.781103170505027,1.0938968294949731
1962,4.48,3.3886747234159116,1.0913252956575747
40950,164.52,163.43124028621995,1.0887639862409912
3545,23.4,22.312161046531102,1.0878385719991712
1473,6.01,4.924128863494182,1.0858713653876535
127632,354.0,352.9154120660212,1.0845879339788098
26948,52.88,51.79781984899732,1.0821812191179134
166489,114.567,113.48848531554127,1.078516027232169
10174,21.5,20.42422967790555,1.0757703220944492
23112,21.75,20.675739195427685,1.0742608045723152
8463,2.25,1.182857974802857,1.067142025197143
27646,16.96,15.892940934549317,1.067058149923339
27646,16.96,15.892940934549317,1.067058149923339
3648,8.0833,7.02401322970164,1.0592864071391803
6351,16.3333,15.27544027821407,1.0578593586267502
56629,85.6602,84.602373841273,1.0578281850941806
56629,85.6602,84.602373841273,1.0578281850941806
56629,85.6602,84.602373841273,1.0578281850941806
225000,2.56,1.5026491710192675,1.0573507717602735
225000,2.56,1.5026491710192675,1.0573507717602735
71806,41.6175,40.56042857818917,1.0570717269866137
4581,8.54,7.484612987329101,1.055386974523926
34758,24.0,22.946292666346395,1.0537073336536054
34758,24.0,22.946292666346395,1.0537073336536054
10000,6.84,5.787494157409733,1.0525059951781577
2067,4.68,3.6327270441033597,1.0472727842352634
71994,48.5774,47.53316412692653,1.0442360805930022
4371,3.625,2.5840612338676947,1.0409387661323053
7636,24.63,23.589878385380086,1.0401207753865158
11935,13.87,12.830011509381842,1.0399883761772397
11419,5.0,3.964827332233646,1.035172667766354
11419,5.0,3.964827332233646,1.035172667766354
166489,114.523,113.48848531554127,1.0345173089704502
22101,74.7499,73.71617728775752,1.0337235301135763
3592,7.125,6.0935658360871425,1.0314341639128575
225000,2.53,1.5026491710192675,1.027350800370503
71100,16.67,15.643239961353343,1.0267601149406023
24103,20.525,19.49913333347199,1.0258662850582851
16092,21.1,20.07593859121716,1.024061790252567
32841,24.52,23.50081991584786,1.0191805419158122
225000,2.52,1.5026491710192675,1.0173508099072461
58908,60.21,59.19584950328502,1.0141495811876382
39541,25.19,24.176901575028438,1.013098959029179
60100,192.625,191.61497745035555,1.0100225496444466
20540,31.6527,30.64733030524539,1.005370118948946
43910,51.0622,50.05703918251732,1.0051594563986939
46230,35.0,33.994873421229734,1.0051265787702661
49388,22.0,20.995934890761713,1.0040651092382866
46037,22.6649,21.662840437628937,1.002059388420868
65907,89.31,88.30872612779567,1.0012714307980843
51999,59.43,58.42967347012043,1.000326835055354
102774,88.2,87.20070512729781,0.9992918209443786
18000,52.86,51.86341238506539,0.9965882252861746
8552,2.125,1.128973362737723,0.996026637262277
18277,13.4,12.405785971426027,0.994213647104246
9849,5.9,4.908479124607517,0.9915209707599146
9849,5.9,4.908479124607517,0.9915209707599146
9062,14.14,13.151898070732997,0.9881022725897566
9062,14.14,13.151898070732997,0.9881022725897566
86465,157.0,156.01211916823806,0.9878808317619416
86465,157.0,156.01211916823806,0.9878808317619416
11524,8.45,7.463364473628394,0.986635335636743
11524,8.45,7.463364473628394,0.986635335636743
41241,34.0,33.01440978901789,0.9855902109821102
5000,6.52,5.536006195723891,0.9839937852026228
39500,4.18,3.1960821794876453,0.9839176488509778
366,1.6667,0.6848467301673459,0.9818532753639652
4583,17.43,16.451960637272258,0.9780396679035235
7900,4.62,3.6437881537070114,0.9762117318520707
3648,8.0,7.02401322970164,0.97598677029836
1473,5.9,4.924128863494182,0.9758712318732492
10346,13.5,12.526344591645675,0.9736554083543254
1962,4.36,3.3886747234159116,0.9713254100984927
11935,13.8,12.830011509381842,0.969988681353021
3627,7.75,6.783467840880743,0.9665321591192573
11350,14.5,13.53709596314223,0.9629040368577702
54172,72.0,71.0443150955931,0.955684904406894
54172,72.0,71.0443150955931,0.955684904406894
6944,21.72,20.771191659038372,0.9488076543161199
72102,105.92,104.97293986818634,0.9470583007589681
5000,6.48,5.536006195723891,0.9439938233495955
10151,19.06,18.116224386993043,0.94377507894934
1843,16.36,15.416914021785947,0.943086588565615
5769,14.0,13.06112732257264,0.9388726774273604
166489,114.425,113.48848531554127,0.936517736216544
31829,33.3,32.364589419982856,0.9354098170776908
24463,34.0,33.068301484688234,0.9316985153117656
24463,34.0,33.068301484688234,0.9316985153117656
24463,34.0,33.068301484688234,0.9316985153117656
24463,34.0,33.068301484688234,0.9316985153117656
2010,1.375,0.44482963894240507,0.9301703610575949
2000,3.32,2.3903357641541625,0.9296641690886354
69799,89.0,88.07081811126567,0.9291818887343339
69799,89.0,88.07081811126567,0.9291818887343339
7781,2.1536,1.2250135679166858,0.9285864095766003
2210,4.6,3.6714749079922306,0.9285249966403377
12152,8.7125,7.784094299998703,0.9284053185315706
1566,6.6667,5.743046954061586,0.9236529322604357
1566,6.6667,5.743046954061586,0.9236529322604357
5680,8.3333,7.411615926602808,0.9216837102380122
5680,8.3333,7.411615926602808,0.9216837102380122
39649,56.0,55.08275783177581,0.9172421682241918
4371,3.5,2.5840612338676947,0.9159387661323053
1473,5.84,4.924128863494182,0.9158712890937082
120566,52.3,51.38596578106557,0.914033455994975
23432,53.5725,52.65943805968158,0.9130602618516264
104355,162.667,161.7541327402342,0.9128747060548505
8168,21.9167,21.00396897663677,0.9127313865224096
27145,2.409,1.4996278791816031,0.9093720407097543
10174,21.3333,20.42422967790555,0.9090699589352695
66013,72.7662,71.85826474655329,0.9079324580365551
3592,7.0,6.0935658360871425,0.9064341639128575
12777,7.9,6.994928799878786,0.9050712954886455
39538,27.825,26.920299389904763,0.9047013730346904
2818,5.29,4.39214354692871,0.8978564149243171
20889,1.1,0.20215030627617292,0.897849717565685
43910,50.9475,50.05703918251732,0.8904591390158814
2210,4.56,3.6714749079922306,0.8885250347873104
39500,4.08,3.1960821794876453,0.8839177442184094
6431,18.88,17.996440658666852,0.8835585020997492
8516,2.0,1.117030076161131,0.8829699238388691
898,2.8,1.920167348468145,0.8798326038481392
21618,8.875,8.001286135399727,0.8737138646002727
373416,118.0,117.12672910456456,0.8732708954354393
39648,33.0,32.130720848534395,0.8692791514656051
42214,32.58,31.71200368630765,0.8679981447470375
2818,5.26,4.39214354692871,0.8678566819531257
61204,118.4,117.53228329946366,0.8677182264152492
41236,21.125,20.257875019862333,0.8671249801376675
20644,40.57,39.70322013848217,0.8667795563420455
860,1.1667,0.30158881855529296,0.8651111869760181
69754,51.0,50.13595029807898,0.8640497019210187
42214,32.57,31.71200368630765,0.8579960085165688
15120,15.6667,14.809838501619142,0.8568618615400379
4298,5.875,5.020429108529635,0.8545708914703649
150393,267.241,266.3872817571869,0.8537155572662414
19619,8.825,7.971507880292552,0.8534919289725851
23533,13.65,12.80118417694109,0.8488154415891831
8836,17.2613,16.412845132063698,0.8484540012370836
179559,533.93,533.0834721915626,0.8465204842186722
22000,62.01,61.16436187749794,0.8456364440352644
70040,82.926,82.08388411923272,0.8421183832086854
60086,86.92,86.08153731823951,0.8384608507058005
71224,70.37,69.53177877239092,0.8382239741911093
12259,3.7083,2.8721874890260097,0.8361126246519688
2582,3.6,2.764803325216886,0.8351965794156824
9303,27.5,26.667052539014318,0.8329474609856824
4038,17.3336,16.50098387227743,0.8326152182987414
1022,2.28,1.4486642230112152,0.8313357483785553
9392,21.28,20.452303864883426,0.8276968217620819
49662,191.95,191.1247216399038,0.8252753083383766
6448,1.9583,1.1334891060157413,0.8248108884529477
7781,2.0483,1.2250135679166858,0.8232864599306042
18474,9.25,8.427080509688045,0.8229194903119552
18474,9.25,8.427080509688045,0.8229194903119552
4848,9.0,8.183352334477739,0.816647665522261
44352,35.1667,34.35038839955675,0.8163100562537977
366,1.5,0.6848467301673459,0.8151532698326541
41302,18.475,17.661012010685784,0.8139883707839424
356,4.1667,3.355924715188924,0.8107751711330975
10762,13.71,12.899733603754115,0.8102664343928581
3648,7.8333,7.02401322970164,0.8092868839763385
137065,140.98,140.1744496529808,0.805546074558265
36904,45.56,44.75681340557054,0.8031879677204756
51176,38.36,37.55825024664037,0.8017503637111929
5839,29.8333,29.032411207219496,0.8008884296213239
5839,29.8333,29.032411207219496,0.8008884296213239
94751,80.0,79.19975316201196,0.8002468379880412
18277,13.2,12.405785971426027,0.7942138378391093
2818,5.18,4.39214354692871,0.7878562814099128
39500,3.98,3.1960821794876453,0.783917839585841
14542,7.44,6.660888830264409,0.7791112269560498
1305,1.562,0.7829257064304848,0.7790743298091393
306140,43.8,43.021347810047516,0.7786514270130311
57274,46.75,45.97178662242205,0.7782133775779485
122592,269.39,268.61191640810665,0.7780982403308485
2818,5.17,4.39214354692871,0.7778565293652351
33167,33.925,33.15101830332779,0.7739809337327586
7900,4.4175,3.6437881537070114,0.773711865366475
93500,62.4167,61.64521420642434,0.7714842493862051
1962,4.16,3.3886747234159116,0.7713251239961978
5374,2.0,1.2313985892947161,0.7686014107052839
3648,7.7917,7.02401322970164,0.7676866566203815
984,0.9583,0.19238892299630916,0.7659110714723798
3025,10.3067,9.541287834701878,0.7654119181057393
39788,21.37,20.60702695546327,0.7629738837701296
27648,26.896,26.13478073202051,0.7612191764267564
42647,2.6,1.8395679514690344,0.760431953163534
42647,2.6,1.8395679514690344,0.760431953163534
10762,13.66,12.899733603754115,0.7602662436579948
8004,7.0,6.239740487001984,0.7602595129980161
8004,7.0,6.239740487001984,0.7602595129980161
8004,7.0,6.239740487001984,0.7602595129980161
8004,7.0,6.239740487001984,0.7602595129980161
8004,7.0,6.239740487001984,0.7602595129980161
8004,7.0,6.239740487001984,0.7602595129980161
14219,29.562,28.804461659647412,0.757538615010791
17709,31.82,31.064765207702916,0.755234487121303
5680,8.1667,7.411615926602808,0.7550844365563716
12750,13.21,12.455114987153234,0.7548850509937388
86786,73.0,72.24528804602814,0.7547119539718636
11227,7.0,6.247088516761235,0.7529114832387647
11227,7.0,6.247088516761235,0.7529114832387647
11227,7.0,6.247088516761235,0.7529114832387647
12259,3.625,2.8721874890260097,0.7528125109739903
23392,28.15,27.398699271212255,0.7513003473180184
122746,170.185,169.4339466678289,0.7510508907648443
39558,39.2636,38.51438208472304,0.7492173110289144
49100,57.17,56.42364631691706,0.7463518520282548
18277,13.15,12.405785971426027,0.744213647104246
10174,21.1667,20.42422967790555,0.7424706852536289
9111,11.875,11.132689972662172,0.7423100273378278
10762,13.64,12.899733603754115,0.7402667395686393
860,1.0417,0.30158881855529296,0.7401111869760181
5769,13.8,13.06112732257264,0.7388728681622236
366,1.4167,0.6848467301673459,0.7318532753639652
95079,188.4,187.66992448650547,0.7300694099789098
10743,36.9948,36.26509901856411,0.7297015490628453
60621,61.0,60.271564641784515,0.728435358215485
8000,20.64,19.91876652518705,0.7212328644613883
56637,111.0,110.28639682585973,0.7136031741402746
1629,2.25,1.5378861066262837,0.7121138933737163
77844,88.26,87.54997850088311,0.7100236353473548
8552,1.8333,1.128973362737723,0.704326631730966
26948,52.5,51.79781984899732,0.702180151002679
27995,36.4003,35.69987448207459,0.7004245901910338
3592,6.7917,6.0935658360871425,0.698134050234879
3025,10.2384,9.541287834701878,0.6971126245876729
12773,12.28,11.583591724280815,0.6964080086903763
346056,55.0,54.30425170417892,0.6957482958210832
346056,55.0,54.30425170417892,0.6957482958210832
346056,55.0,54.30425170417892,0.6957482958210832
7781,1.9205,1.2250135679166858,0.6954864721376355
29775,187.325,186.63343886940194,0.6915580788402451
15120,15.5,14.809838501619142,0.6901614983808582
366,1.375,0.6848467301673459,0.6901532698326541
84346,81.38,80.68991739838278,0.6900798550351936
56137,43.0,42.3111057578752,0.6888942421248032
51176,38.24,37.55825024664037,0.6817514318264273
44789,53.6174,52.93830439446674,0.6790967285801344
44789,53.6174,52.93830439446674,0.6790967285801344
8079,11.52,10.842593343773954,0.6774071139897178
9894,21.4583,20.781103170505027,0.6771964663357934
33739,76.71,76.03326810400009,0.6767309804725699
306140,43.696,43.021347810047516,0.6746513354602968
57189,28.0,27.325558905161923,0.6744410948380768
11265,4.2,3.526371877042629,0.6736279322225078
25401,44.7566,44.083301216440105,0.6732982098294258
26372,69.2575,68.58564499375102,0.671854701073201
5447,5.33,4.658557203707558,0.6714427199984963
9788,14.98,14.310098695307707,0.6699008469286216
648,3.5417,2.8747553518558773,0.6669445344661442
4371,3.25,2.5840612338676947,0.6659387661323053
113988,127.9,127.23480903796708,0.6651924879118241
58307,54.7833,54.11843626329468,0.6648622291369577
8836,17.0733,16.412845132063698,0.6604542758952867
7636,24.25,23.589878385380086,0.6601216146199143
40311,92.9,92.24145408899639,0.6585474368825146
56629,85.2568,84.602373841273,0.6544239492543369
56629,85.2568,84.602373841273,0.6544239492543369
89315,28.51,27.85605975612943,0.6539404727524065
4848,8.8333,8.183352334477739,0.6499473023630813
34563,12.4,11.754010704382967,0.6459889141473063
53855,12.51,11.866410322933811,0.6435899059480246
40629,9.125,8.48171411542149,0.6432858845785105
39541,24.82,24.176901575028438,0.6430981197957806
39788,21.25,20.60702695546327,0.6429730445367312
51176,38.2,37.55825024664037,0.6417505162990835
7636,24.23,23.589878385380086,0.6401211568562424
9552,7.075,6.438042867813957,0.6369569414511798
3627,7.4167,6.783467840880743,0.6332320454412788
8516,1.75,1.117030076161131,0.6329699238388691
8516,1.75,1.117030076161131,0.6329699238388691
183460,431.55,430.91710310797566,0.6328846849930869
10559,20.978,20.34537377089695,0.6326268699721922
1629,2.17,1.5378861066262837,0.6321139696676616
98539,28.317,27.685682169033324,0.6313172663914806
4065,21.5,20.868989131707348,0.6310108682926518
4298,5.65,5.020429108529635,0.6295709868377966
7416,5.68,5.051431187475473,0.6285686408631497
155177,17.15,16.52155560135246,0.628444017177813
1305,1.41,0.7829257064304848,0.6270742601909142
107730,167.0,166.37389607572766,0.6261039242723427
24103,20.125,19.49913333347199,0.6258666665280117
7820,18.1667,17.541441022185005,0.6252593409741749
56569,30.101,29.47818356152074,0.6228162706325797
1022,2.06,1.4486642230112152,0.6113357197683258
11935,13.44,12.830011509381842,0.6099880710014585
30949,28.88,28.272343008128818,0.6076561526377837
2067,4.24,3.6327270441033597,0.6072727270148044
366,1.2917,0.6848467301673459,0.6068532753639652
1473,5.53,4.924128863494182,0.6058713463141672
1473,5.53,4.924128863494182,0.6058713463141672
49492,25.4,24.794361941564418,0.6056376769658556
27648,26.738,26.13478073202051,0.6032201377304673
52034,54.5,53.89970547704957,0.6002945229504277
48411,199.28,198.68188181110997,0.5981169681869005
15913,37.18,36.58207433605272,0.597925969123061
33739,76.63,76.03326810400009,0.5967291494178824
5447,5.253,4.658557203707558,0.5944425788546974
1396,7.61,7.017108611653998,0.5928915218604063
83043,284.4,283.8124254486754,0.5875684478089624
186572,72.0,71.41608906385036,0.5839109361496355
17132,15.8,15.217421979690537,0.5825782110443267
39538,27.5,26.920299389904763,0.5797006100952373
9666,16.4,15.822944010770948,0.5770556077593252
7250,1.44,0.8636230263198946,0.5763770309005644
4581,8.06,7.484612987329101,0.5753874322875978
14790,2.8,2.226044409959384,0.5739555423569
3592,6.6667,6.0935658360871425,0.573134050234879
1305,1.355,0.7829257064304848,0.5720743126430016
3907,8.3425,7.773741204075227,0.5687585288959642
20540,31.2117,30.64733030524539,0.564370134207735
1760,18.34,17.77692946346299,0.5630706891248991
111623,177.0,176.4388686973958,0.5611313026041955
11935,13.39,12.830011509381842,0.5599888339409116
20372,12.0,11.44082890127547,0.55917109872453
20372,12.0,11.44082890127547,0.55917109872453
25866,7.2,6.6411748549670415,0.5588249542980952
6351,15.8333,15.27544027821407,0.5578593586267502
98539,28.239,27.685682169033324,0.5533181514012462
7636,24.14,23.589878385380086,0.5501210042683518
40697,25.0,24.450107735374672,0.5498922646253277
12750,13.0,12.455114987153234,0.5448850128467662
18277,12.95,12.405785971426027,0.5442138378391093
66585,11.0,10.459923829203898,0.5400761707961017
11524,8.0,7.463364473628394,0.5366355263716063
11274,23.86,23.325137335591627,0.5348632747599353
16576,48.38,47.84645721998391,0.5335438481313233
31346,47.27,46.73765490910653,0.5323455486571405
20291,14.15,13.617885556631236,0.532114061899037
8000,20.45,19.91876652518705,0.531234237752404
4298,5.55,5.020429108529635,0.5295710822052282
243072,433.5,432.9709513137315,0.5290486862684816
38319,40.7,40.176175635019455,0.5238251279199986
21618,8.525,8.001286135399727,0.5237134831305461
283,8.3272,7.805156831995399,0.5220431039176869
54405,18.0,17.483359879608244,0.5166401203917559
17879,64.4667,63.95125618590682,0.5154415069642724
4581,8.0,7.484612987329101,0.5153870126708986
41329,36.49,35.97689182707369,0.5131098513931036
39788,21.12,20.60702695546327,0.5129738837701296
22201,7.65,7.13736241381075,0.512637681556682
1629,2.05,1.5378861066262837,0.5121138456900005
16805,181.201,180.68919269832466,0.5118113299956519
61439,25.85,25.338672833840796,0.5113275476289303
33739,76.54,76.03326810400009,0.5067328115272574
49492,25.3,24.794361941564418,0.505637295496129
41297,59.75,59.24677340909979,0.503226590900212
14542,7.16,6.660888830264409,0.49911101714770023
53194,13.475,12.984236452706801,0.4907639287629255
186840,140.5,140.009430268829,0.4905697311710071
3592,6.5833,6.0935658360871425,0.489734277590836
65999,53.45,52.96047951490119,0.48952124803826536
66013,72.3476,71.85826474655329,0.4893380976849926
10385,11.851,11.363780896302181,0.4872189358511392
4848,8.6667,8.183352334477739,0.48334802868144067
984,0.6667,0.19238892299630916,0.47431108253500187
10346,13.0,12.526344591645675,0.4736554083543254
10346,13.0,12.526344591645675,0.4736554083543254
20540,31.1192,30.64733030524539,0.47186944756222715
61204,118.0,117.53228329946366,0.46771670053634296
5000,6.0,5.536006195723891,0.46399380427610915
56637,110.75,110.28639682585973,0.46360317414027463
11350,14.0,13.53709596314223,0.46290403685777015
16805,181.149,180.68919269832466,0.45980937687065193
15326,10.5,10.04102966568041,0.45897033431958967
45086,28.0,27.544218091023907,0.4557819089760926
45086,28.0,27.544218091023907,0.4557819089760926
45086,28.0,27.544218091023907,0.4557819089760926
93500,62.1,61.64521420642434,0.45478426769675195
1022,1.9,1.4486642230112152,0.45133575314692687
10733,21.23,20.779457008483618,0.45054253375271003
10577,21.07,20.620677720729617,0.44932197409460173
2210,4.12,3.6714749079922306,0.4485249775668514
3592,6.5417,6.0935658360871425,0.44813405023487896
3592,6.5417,6.0935658360871425,0.44813405023487896
33739,76.48,76.03326810400009,0.44673525293350735
666,0.625,0.18267700539984155,0.44232299460015845
23055,60.5,60.059211520332674,0.4407884796673258
10762,13.34,12.899733603754115,0.44026654883377603
182500,187.68,187.2399092969563,0.4400833788249372
8079,11.28,10.842593343773954,0.4374063891972373
12500,551.0,550.562741293759,0.43725870624098206
9552,6.875,6.438042867813957,0.43695713218604304
356,3.7917,3.355924715188924,0.4357751711330975
356,3.7917,3.355924715188924,0.4357751711330975
984,0.625,0.19238892299630916,0.43261107700369084
984,0.625,0.19238892299630916,0.43261107700369084
27646,16.32,15.892940934549317,0.4270587602749014
27145,1.924,1.4996278791816031,0.4243721456139291
50623,72.5113,72.08712626230438,0.4241728709964008
271300,114.99,114.56615837559549,0.42383948817403905
59498,49.0,48.57663055786556,0.4233694421344367
78438,83.175,82.75468417196358,0.42031887979423743
9813,19.41,18.994625230529206,0.4153746168829038
39807,29.058,28.646733807880572,0.41126675669462287
7900,4.055,3.6437881537070114,0.4112116746316117
520,0.9583,0.5487528925025704,0.40954710196611854
15304,1.877,1.4683158405389185,0.40868413371187495
89315,28.26,27.85605975612943,0.4039404727524065
1629,1.94,1.5378861066262837,0.4021139505941753
72709,36.039,35.63741018810328,0.4015912767404686
7781,1.6262,1.2250135679166858,0.40118639279193236
366,1.0833,0.6848467301673459,0.3984532643013431
33739,76.43,76.03326810400009,0.39673220117569485
3648,7.4167,7.02401322970164,0.3926866566203815
13044,23.88,23.487326016666042,0.3926731441005593
94175,363.697,363.3058689234733,0.3911220433235485
984,0.5833,0.19238892299630916,0.3909110714723798
11302,14.825,14.435927289822423,0.38907251944271337
8516,1.5,1.117030076161131,0.3829699238388691
36406,31.5,31.119898488800242,0.3801015111997579
131212,241.785,241.40590339222342,0.3791002698859529
4934,31.25,30.873566240225042,0.3764337597749581
4934,31.25,30.873566240225042,0.3764337597749581
5033,11.64,11.264906586152822,0.37509375716993176
15304,1.8429,1.4683158405389185,0.3745841972265844
57165,64.7,64.32601255345907,0.37398439478312184
8552,1.5,1.128973362737723,0.371026637262277
21892,31.13,30.75960088138099,0.3703982793856113
42129,25.6167,25.24678838682009,0.3699108319299107
898,2.28,1.920167348468145,0.35983262292162554
898,2.28,1.920167348468145,0.35983262292162554
8836,16.7725,16.412845132063698,0.3596539524089586
30000,18.76,18.401750384897426,0.3582498439844102
52034,54.25,53.89970547704957,0.35029452295042773
25401,44.4323,44.083301216440105,0.34899935118684766
13512,14.45,14.10217560088639,0.3478242083787464
5000,5.88,5.536006195723891,0.3439939187170271
41302,18.0,17.661012010685784,0.3389879893142158
4925,7.65,7.311172108858381,0.33882798650905066
56969,1.65,1.3121294241999637,0.3378705519581784
4314,4.15,3.813897648232566,0.3361024471348655
1305,1.117,0.7829257064304848,0.33407427735705186
648,3.2083,2.8747553518558773,0.33354476182210124
86323,78.08,77.74988560464969,0.3301162264049964
4298,5.35,5.020429108529635,0.32957079610293327
37107,137.36,137.03620508662948,0.3237955237220831
7427,2.798,2.475489599300063,0.3225104979747173
3267,30.35,30.0276103070647,0.3223900744050283
755,5.8333,5.513714139518147,0.3195859741598319
755,5.8333,5.513714139518147,0.3195859741598319
166814,84.05,83.7316363770681,0.31836667468971314
666,0.5,0.18267700539984155,0.31732299460015845
666,0.5,0.18267700539984155,0.31732299460015845
21168,30.875,30.55925140608615,0.3157485939138489
12750,12.77,12.455114987153234,0.31488547061043803
9552,6.75,6.438042867813957,0.31195713218604304
356,3.6667,3.355924715188924,0.3107751711330975
356,3.6667,3.355924715188924,0.3107751711330975
3648,7.3333,7.02401322970164,0.3092868839763385
69400,91.82,91.51270432346128,0.3072953713629403
20291,13.925,13.617885556631236,0.3071146341036268
13100,18.91,18.608836661917763,0.30116318549434595
94751,79.5,79.19975316201196,0.3002468379880412
3627,7.0833,6.783467840880743,0.2998322727972358
7416,5.35,5.051431187475473,0.298568717157095
20864,7.0,6.704201026367895,0.29579897363210517
11935,13.12,12.830011509381842,0.2899883761772397
56969,1.6,1.3121294241999637,0.2878705996418942
9552,6.725,6.438042867813957,0.2869570368186114
13220,21.0,20.715090028190367,0.2849099718096326
22101,74.0,73.71617728775752,0.28382271224248257
40311,92.525,92.24145408899639,0.2835474368825146
3592,6.375,6.0935658360871425,0.28143416391285747
9703,8.96,8.68088332404451,0.27911671410246264
30949,28.55,28.272343008128818,0.27765622893172903
83772,27.013,26.74168677724888,0.27131371103237
4189,0.455,0.18383727830580118,0.27116273480722064
83400,68.71,68.44088068827044,0.26911839620221656
27646,16.16,15.892940934549317,0.26705891286279204
47007,41.4667,41.20119199898918,0.26550950857917854
183460,431.18,430.91710310797566,0.2628895678055869
56969,1.575,1.3121294241999637,0.2628706234837521
28991,19.684,19.421277134745118,0.262722880513671
36406,31.38,31.119898488800242,0.26010067196635944
261091,244.655,244.39647565772987,0.2585231215670092
64810,3.7,3.446766646163277,0.25323340152043894
64810,3.7,3.446766646163277,0.25323340152043894
11227,6.5,6.247088516761235,0.25291148323876467
11227,6.5,6.247088516761235,0.25291148323876467
11227,6.5,6.247088516761235,0.25291148323876467
12259,3.125,2.8721874890260097,0.25281251097399027
2555,2.125,1.873049848666706,0.251950151333294
24103,19.75,19.49913333347199,0.2508666665280117
648,3.125,2.8747553518558773,0.2502446481441227
192152,468.478,468.2316859119968,0.24631091417506923
8552,1.375,1.128973362737723,0.24602663726227703
12506,12.06,11.814164213119254,0.24583620649744553
31614,14.6,14.355366460165289,0.2446339213044375
25401,44.3242,44.083301216440105,0.2408984600735664
21892,31.0,30.75960088138099,0.24039911861900976
93500,61.8833,61.64521420642434,0.2380865748256582
22201,7.375,7.13736241381075,0.23763758618925035
11524,7.7,7.463364473628394,0.236635335636743
98624,73.05,72.81449385727441,0.2355091944833987
13512,14.3333,14.10217560088639,0.23112403595442998
26926,19.16,18.93111771226888,0.22888213514323041
35465,43.0,42.77485475676939,0.2251452432306067
7636,23.81,23.589878385380086,0.22012108056229707
15000,28.44,28.223181404049452,0.21681913000816522
8000,20.1355,19.91876652518705,0.21673342903658366
969,2.16,1.9446040888937313,0.2153959969369572
98539,27.9,27.685682169033324,0.2143174494969493
4065,21.0833,20.868989131707348,0.21431050513347216
1843,15.63,15.416914021785947,0.21308609265497047
2555,2.0833,1.873049848666706,0.21025026501127253
15326,10.25,10.04102966568041,0.20897033431958967
4371,2.7917,2.5840612338676947,0.20763865245432678
75000,80.0,79.79379303597848,0.2062069640215185
23549,18.07,17.864353116853138,0.20564657797108055
23549,18.07,17.864353116853138,0.20564657797108055
6564,0.3725,0.1723978709676137,0.2001021314165721
8079,11.04,10.842593343773954,0.19740661807907323
45548,58.34,58.14312338810224,0.19687676448565128
7781,1.4209,1.2250135679166858,0.19588641930407835
666,0.375,0.18267700539984155,0.19232299460015845
30401,13.25,13.060812548531397,0.18918745146860338
33739,76.22,76.03326810400009,0.1867331167030386
8726,10.94,10.75529017489369,0.18470940548961146
105791,172.717,172.5334976190286,0.18349762022921823
45017,141.02,140.83824001532818,0.18176425713275535
27145,1.681,1.4996278791816031,0.18137211509635098
40451,72.7,72.52081961435991,0.1791773338822793
9703,8.86,8.68088332404451,0.17911633263273607
61274,204.81,204.63283170248116,0.1771658561125946
969,2.12,1.9446040888937313,0.17539579666535077
43143,24.3296,24.155083649438474,0.1745157310546901
43143,24.3296,24.155083649438474,0.1745157310546901
14790,2.4,2.226044409959384,0.1739556854080475
30495,49.4,49.227378209349425,0.17262331652948149
7636,23.76,23.589878385380086,0.1701218435017502
53130,98.9712,98.80295451665741,0.16824451898712312
7781,1.393,1.2250135679166858,0.1679864387590344
18471,21.1,20.932552497188123,0.16744788428160362
17104,12.25,12.083384044584836,0.16661595541516405
40461,32.85,32.68642688363595,0.16357159048514092
6448,1.2917,1.1334891060157413,0.15821089951556977
30949,28.43,28.272343008128818,0.1576572970469634
64818,78.5333,78.37583279247283,0.1574695146560714
9666,15.98,15.822944010770948,0.15705553146537987
4298,5.175,5.020429108529635,0.1545710822052282
64810,3.6,3.446766646163277,0.15323325846929148
53234,101.75,101.59823949114269,0.15176050885730774
666,0.3333,0.18267700539984155,0.1506229890688474
481,0.5417,0.39165984078719995,0.15004016474411108
4848,8.3333,8.183352334477739,0.1499473023630813
4848,8.3333,8.183352334477739,0.1499473023630813
134748,275.0,274.85263650688063,0.14736349311937147
7589,2.7,2.5534769713934726,0.1465230762902432
7589,2.7,2.5534769713934726,0.1465230762902432
18551,12.0,11.85744006256594,0.1425599374340596
18551,12.0,11.85744006256594,0.1425599374340596
14542,6.8,6.660888830264409,0.13911136047045414
5839,29.1667,29.032411207219496,0.13428915593968327
8516,1.25,1.117030076161131,0.13296992383886908
8516,1.25,1.117030076161131,0.13296992383886908
8516,1.25,1.117030076161131,0.13296992383886908
10000,5.92,5.787494157409733,0.13250591888421237
2000,2.52,2.3903357641541625,0.12966421677235118
8463,1.3125,1.182857974802857,0.12964202519714307
13728,20.26,20.13115403676618,0.12884619211565607
7820,17.6667,17.541441022185005,0.1252593409741749
648,3.0,2.8747553518558773,0.12524464814412273
2010,0.566,0.44482963894240507,0.12117034579880587
7122,3.605,3.4840705368402682,0.12092948223321809
17104,12.2,12.083384044584836,0.11661576468030077
9357,0.4583,0.3417648853320936,0.11653510913659537
9357,0.4583,0.3417648853320936,0.11653510913659537
56969,1.425,1.3121294241999637,0.11287052811632048
283,7.9177,7.805156831995399,0.11254298184737443
6564,0.2825,0.1723978709676137,0.11010212784029341
81397,325.27,325.160373514758,0.10961549891385403
666,0.2917,0.18267700539984155,0.10902300013146948
481,0.5,0.39165984078719995,0.10834015921280005
481,0.5,0.39165984078719995,0.10834015921280005
27646,16.0,15.892940934549317,0.10705906545068267
2010,0.551,0.44482963894240507,0.10617036010392061
32766,38.45,38.34689649346052,0.10310426947893347
356,3.4583,3.355924715188924,0.10237539848905453
3648,7.125,7.02401322970164,0.10098677029836
76903,47.1667,47.067730689326375,0.09896776648417216
53651,112.533,112.43428590103225,0.09871123031540208
14839,7.15,7.051325711203852,0.09867438416357999
3545,22.41,22.312161046531102,0.09783880088100716
17709,31.16,31.064765207702916,0.09523463970919366
35465,42.87,42.77485475676939,0.09514417511537232
36307,15.59,15.495849392557458,0.09415076003043232
1022,1.54,1.4486642230112152,0.09133573884181212
2010,0.534,0.44482963894240507,0.08917034055359713
14839,7.14,7.051325711203852,0.08867415528174405
2010,0.533,0.44482963894240507,0.0881703534282004
56969,1.4,1.3121294241999637,0.08787055195817839
56969,1.4,1.3121294241999637,0.08787055195817839
56969,1.4,1.3121294241999637,0.08787055195817839
1473,5.01,4.924128863494182,0.0858713653876535
648,2.9583,2.8747553518558773,0.08354476182210124
2010,0.528,0.44482963894240507,0.08317035819657198
1396,7.1,7.017108611653998,0.08289129297857034
47007,41.2833,41.20119199898918,0.0821064934424598
1022,1.53,1.4486642230112152,0.08133574837855528
65907,88.39,88.30872612779567,0.08127326185277184
84346,80.77,80.68991739838278,0.08007924468363115
9357,0.4167,0.3417648853320936,0.07493512019921744
6448,1.2083,1.1334891060157413,0.0748108884529477
153700,792.721,792.6468324129391,0.07417588784210238
3592,6.1667,6.0935658360871425,0.07313405023487896
50020,31.0,30.92727077113561,0.07272922886438948
10762,12.97,12.899733603754115,0.070266663274694
27145,1.569,1.4996278791816031,0.06937212654044278
481,0.4583,0.39165984078719995,0.06664015368148901
53077,31.068,31.008180533962054,0.059820259494976824
3648,7.0833,7.02401322970164,0.05928688397633852
15913,36.64,36.58207433605272,0.0579250535957172
4038,16.5589,16.50098387227743,0.05791696085245235
2010,0.502,0.44482963894240507,0.05717033530838839
4314,3.87,3.813897648232566,0.05610223732651587
86375,188.19,188.13447896477538,0.05552347663086721
6564,0.2275,0.1723978709676137,0.05510213558889723
44203,21.58,21.526089239269243,0.05391068443681135
34758,23.0,22.946292666346395,0.05370733365360536
64810,3.5,3.446766646163277,0.05323335383672312
6564,0.225,0.1723978709676137,0.05260212307192183
13939,7.3,7.248296579687987,0.05170361104687604
39500,3.24,3.1960821794876453,0.04391783004909788
166814,83.775,83.7316363770681,0.043365148810806886
2010,0.488,0.44482963894240507,0.04317036654122225
648,2.9167,2.8747553518558773,0.04194453446614421
27145,1.541,1.4996278791816031,0.04137212940146573
1022,1.49,1.4486642230112152,0.04133578652552794
56969,1.35,1.3121294241999637,0.03787059964189421
8552,1.1667,1.128973362737723,0.03772664279358806
98539,27.723,27.685682169033324,0.03731740372058212
10559,20.381,20.34537377089695,0.035626747901879696
11419,4.0,3.964827332233646,0.03517266776635397
11419,4.0,3.964827332233646,0.03517266776635397
520,0.5833,0.5487528925025704,0.03454710196611854
6448,1.1667,1.1334891060157413,0.03321089951556977
3592,6.125,6.0935658360871425,0.03143416391285747
4650,3.8,3.7694782963457207,0.030521655970563444
4650,3.8,3.7694782963457207,0.030521655970563444
38500,121.05,121.02185886998761,0.028144181770201726
67839,56.336,56.30946905290408,0.026529482252172443
4189,0.21,0.18383727830580118,0.026162715137687892
213762,137.25,137.22416557729,0.025834422710005356
31635,8.5,8.474713175547556,0.025286824452443568
481,0.4167,0.39165984078719995,0.025040164744111082
481,0.4167,0.39165984078719995,0.025040164744111082
366,0.7083,0.6848467301673459,0.02345326430134309
3648,7.0417,7.02401322970164,0.01768665662038149
102957,92.3,92.28592317149574,0.01407988026207363
39500,3.21,3.1960821794876453,0.013917858659327376
56969,1.325,1.3121294241999637,0.01287062348375212
56969,1.325,1.3121294241999637,0.01287062348375212
6329,8.242,8.229438877911122,0.01256074824854636
46230,34.0,33.994873421229734,0.005126578770266121
9838,84.9175,84.91373325796245,0.0037700989711453303
22334,91.62,91.61699688537199,0.0030058612100418713
6564,0.1725,0.1723978709676137,0.00010212843633986002
37975,0.0004,0.00039999998989515007,0.0
37975,0.0004,0.00039999998989515007,0.0
37975,0.0004,0.00039999998989515007,0.0
37975,0.0004,0.00039999998989515007,0.0
37975,0.0004,0.00039999998989515007,0.0
37975,0.0004,0.00039999998989515007,0.0
37975,0.0004,0.00039999998989515007,0.0
37975,0.0004,0.00039999998989515007,0.0
87742,0.0,0.0,0.0
87742,0.0,0.0,0.0
37975,0.0004,0.00039999998989515007,0.0
37975,0.0004,0.00039999998989515007,0.0
37975,0.0004,0.00039999998989515007,0.0
37975,0.0004,0.00039999998989515007,0.0
37975,0.0004,0.00039999998989515007,0.0
37975,0.0004,0.00039999998989515007,0.0
37975,0.0004,0.00039999998989515007,0.0
37975,0.0004,0.00039999998989515007,0.0
92271,3.5,3.5004364816321067,-0.0004364816321067444
4371,2.5833,2.5840612338676947,-0.0007611201897161912
48519,20.6667,20.66802849884742,-0.0013281356882401951
15306,17.1,17.103558978535954,-0.00355859706622752
2582,2.76,2.764803325216886,-0.0048033347536291515
1396,7.01,7.017108611653998,-0.007108382772162081
27071,21.8241,21.831712383191665,-0.007611888806899003
27071,21.8241,21.831712383191665,-0.007611888806899003
9357,0.3333,0.3417648853320936,-0.008464890863404628
9357,0.3333,0.3417648853320936,-0.008464890863404628
43955,109.68,109.69021020205719,-0.010209896881406166
4925,7.3,7.311172108858381,-0.011171918123517699
32256,64.204,64.2155734332177,-0.011571052846605312
56969,1.3,1.3121294241999637,-0.012129471883679521
6564,0.16,0.1723978709676137,-0.012397874543892379
15786,12.44,12.453619575814807,-0.013619995431506382
41241,33.0,33.01440978901789,-0.014409789017889807
2010,0.4252,0.44482963894240507,-0.01962965343825468
6564,0.1525,0.1723978709676137,-0.019897867391335006
193294,962.7,962.7211891113225,-0.021176904291223764
4189,0.1625,0.18383727830580118,-0.02133728426626566
356,3.3333,3.355924715188924,-0.022624601510945475
7250,0.84,0.8636230263198946,-0.023623052545938328
2010,0.42,0.44482963894240507,-0.02482965205542692
6564,0.1425,0.1723978709676137,-0.029897872755753035
6564,0.1425,0.1723978709676137,-0.029897872755753035
6564,0.1425,0.1723978709676137,-0.029897872755753035
10559,20.315,20.34537377089695,-0.03037323683933124
20584,69.11,69.140539141848,-0.030538531496432597
4189,0.1525,0.18383727830580118,-0.031337274729522496
6392,15.6667,15.698659560228386,-0.031959197069205914
6564,0.135,0.1723978709676137,-0.03739786560319566
17077,41.0,41.03909480832238,-0.03909480832238188
17077,41.0,41.03909480832238,-0.03909480832238188
120836,673.783,673.8223967752388,-0.03937675570750798
42647,1.8,1.8395679514690344,-0.03956799915275022
4934,30.8333,30.873566240225042,-0.04026660338422161
648,2.8333,2.8747553518558773,-0.04145523817789876
1305,0.741,0.7829257064304848,-0.041925709768344865
27995,35.6575,35.69987448207459,-0.04237326137146624
6564,0.13,0.1723978709676137,-0.042397875735985274
4189,0.14,0.18383727830580118,-0.043837277709754735
54172,71.0,71.0443150955931,-0.04431509559310598
4298,4.975,5.020429108529635,-0.04542920389706673
93897,341.362,341.40743705984255,-0.0454375481238003
8552,1.0833,1.128973362737723,-0.04567336826903401
138602,98.0,98.04670134447302,-0.04670134447302132
64810,3.4,3.446766646163277,-0.04676655079584524
64810,3.4,3.446766646163277,-0.04676655079584524
64810,3.4,3.446766646163277,-0.04676655079584524
64810,3.4,3.446766646163277,-0.04676655079584524
64810,3.4,3.446766646163277,-0.04676655079584524
64810,3.4,3.446766646163277,-0.04676655079584524
10578,57.93,57.97764472375438,-0.04764441857859936
79700,109.8,109.85284544164244,-0.0528423898846313
12206,3.5,3.554681053314646,-0.05468105331464601
57165,64.27,64.32601255345907,-0.05601591039265941
41236,20.2,20.257875019862333,-0.0578742569228794
481,0.3333,0.39165984078719995,-0.05835984631851099
481,0.3333,0.39165984078719995,-0.05835984631851099
4189,0.125,0.18383727830580118,-0.05883727830580118
52748,47.647,47.706419178192554,-0.05941981906169502
6564,0.1125,0.1723978709676137,-0.05989787394784593
4189,0.1225,0.18383727830580118,-0.06133727592161539
122592,268.55,268.61191640810665,-0.06192861513790149
6564,0.11,0.1723978709676137,-0.06239787156366014
356,3.2917,3.355924715188924,-0.0642248288669025
969,1.88,1.9446040888937313,-0.06460409366210285
969,1.88,1.9446040888937313,-0.06460409366210285
13044,23.42,23.487326016666042,-0.06732594037209694
984,0.125,0.19238892299630916,-0.06738892299630916
6564,0.105,0.1723978709676137,-0.06739787424586915
10000,5.72,5.787494157409733,-0.06749436721808255
34171,38.28,38.35095066376559,-0.07095188446871248
1305,0.709,0.7829257064304848,-0.0739257150135536
6564,0.0975,0.1723978709676137,-0.07489787454389238
113000,99.9973,100.07416983469788,-0.07687064036194613
27145,1.419,1.4996278791816031,-0.08062784961769931
18277,12.325,12.405785971426027,-0.08078616216089074
1305,0.702,0.7829257064304848,-0.08092568449597548
6329,8.147,8.229438877911122,-0.08243856510594583
25401,43.9999,44.083301216440105,-0.08340039856901171
68203,9.07,9.157118375556369,-0.08711868073215001
56969,1.225,1.3121294241999637,-0.08712940035810579
7732,14.98,15.0691541903668,-0.08915464813047258
520,0.4583,0.5487528925025704,-0.09045289803388146
520,0.4583,0.5487528925025704,-0.09045289803388146
31415,7.575,7.665836623181032,-0.09083681391589504
4925,7.22,7.311172108858381,-0.09117231866673059
60086,85.99,86.08153731823951,-0.0915394544699808
82911,68.9667,69.05832503926837,-0.09162734639727432
9357,0.25,0.3417648853320936,-0.0917648853320936
9357,0.25,0.3417648853320936,-0.0917648853320936
9357,0.25,0.3417648853320936,-0.0917648853320936
9226,15.94,16.03464703400734,-0.09464745362403804
2956,1.5833,1.6792824400382003,-0.0959824455695113
53234,101.5,101.59823949114269,-0.09823949114269226
481,0.2917,0.39165984078719995,-0.09995983525588892
481,0.2917,0.39165984078719995,-0.09995983525588892
27145,1.398,1.4996278791816031,-0.10162787727425449
7427,2.372,2.475489599300063,-0.10348962028089792
801,2.76,2.8638029759508132,-0.1038029854875564
969,1.84,1.9446040888937313,-0.10460405551513019
2010,0.34,0.44482963894240507,-0.10482963536612638
56467,38.25,38.35536462510165,-0.10536462510165023
356,3.25,3.355924715188924,-0.10592471518892399
152312,466.61,466.7172848802885,-0.10729952872600279
70040,81.974,82.08388411923272,-0.10988509579522088
121440,126.06,126.17316841314133,-0.11317085454757603
7122,3.37,3.4840705368402682,-0.11407065128118621
40142,195.833,195.9503806263049,-0.11738807259396822
19876,14.425,14.542466091451235,-0.11746590071637186
5783,171.36,171.48005033544763,-0.1200497250960666
4298,4.9,5.020429108529635,-0.12042901316220345
306140,42.9,43.021347810047516,-0.12134628416860949
12088,3.4,3.5213626383223864,-0.12136254295495474
92271,3.375,3.5004364816321067,-0.12543648163210674
14790,2.1,2.226044409959384,-0.12604450532681577
1305,0.655,0.7829257064304848,-0.12792573504071425
39648,32.0,32.130720848534395,-0.13072084853439492
39648,32.0,32.130720848534395,-0.13072084853439492
18277,12.275,12.405785971426027,-0.13078635289575402
520,0.4167,0.5487528925025704,-0.1320528869712594
9357,0.2083,0.3417648853320936,-0.13346489086340463
30525,213.78,213.9148967881912,-0.1348980088943108
40531,52.46,52.5972738210826,-0.13727473660994605
2956,1.5417,1.6792824400382003,-0.13758243450688923
1629,1.4,1.5378861066262837,-0.13788613046814158
42647,1.7,1.8395679514690344,-0.13956790378531858
71421,99.69,99.82992526136076,-0.1399228199545064
366,0.5417,0.6848467301673459,-0.14314672463603484
366,0.5417,0.6848467301673459,-0.14314672463603484
37107,136.89,137.03620508662948,-0.1462056969810419
155177,16.375,16.52155560135246,-0.14655560135246049
64810,3.3,3.446766646163277,-0.1467666938469927
64810,3.3,3.446766646163277,-0.1467666938469927
64810,3.3,3.446766646163277,-0.1467666938469927
64810,3.3,3.446766646163277,-0.1467666938469927
7122,3.335,3.4840705368402682,-0.14907049869329558
35253,111.667,111.81619961357337,-0.1491997966788432
984,0.0417,0.19238892299630916,-0.15068892119028843
21539,127.8,127.95131600271785,-0.15131295096003328
15950,24.86,25.01212443587843,-0.15212382552686776
6329,8.076,8.229438877911122,-0.15343866428807473
7589,2.4,2.5534769713934726,-0.153476876026041
5630,11.0417,11.196253706585187,-0.15455334342600757
69600,100.8,100.95469507941164,-0.15469202765382306
49662,190.97,191.1247216399038,-0.1547204192006859
51500,94.46,94.61482908453439,-0.15483000006173597
12750,12.3,12.455114987153234,-0.15511479641837056
31614,14.2,14.355366460165289,-0.15536665090015234
20540,30.4916,30.64733030524539,-0.1557302686242963
1305,0.626,0.7829257064304848,-0.15692571930508803
129707,80.8,80.95997769504783,-0.15997464329001332
40835,15.65,15.810589915386839,-0.16059029685656512
5769,12.9,13.06112732257264,-0.1611277040423662
155100,180.18,180.34137910352257,-0.16138642774131995
7122,3.3225,3.4840705368402682,-0.1615705463770114
56969,1.15,1.3121294241999637,-0.1621294480418216
22201,6.975,7.13736241381075,-0.1623625091781813
2010,0.282,0.44482963894240507,-0.16282963369719633
9552,6.275,6.438042867813957,-0.16304277244652532
23549,17.7,17.864353116853138,-0.16435235391368508
2555,1.7083,1.873049848666706,-0.16474985419801702
12945,10.48,10.645731462290515,-0.1657319200541867
27640,29.8804,30.04829477910019,-0.1678950751206969
10800,20.0,20.170196781999223,-0.1701967819992234
10800,20.0,20.170196781999223,-0.1701967819992234
4925,7.14,7.311172108858381,-0.17117224237278528
31635,8.3,8.474713175547556,-0.17471298481269315
136522,132.775,132.94986803481342,-0.17487413832904508
9357,0.1667,0.3417648853320936,-0.17506487980078256
9357,0.1667,0.3417648853320936,-0.17506487980078256
9357,0.1667,0.3417648853320936,-0.17506487980078256
9357,0.1667,0.3417648853320936,-0.17506487980078256
6448,0.9583,1.1334891060157413,-0.1751891115470523
26372,68.41,68.58564499375102,-0.17564133164164275
18474,8.25,8.427080509688045,-0.17708050968804478
23918,43.71,43.88713769119034,-0.17713860671768344
21472,61.72,61.897768973311585,-0.17776775260846023
2956,1.5,1.6792824400382003,-0.17928244003820026
10762,12.72,12.899733603754115,-0.179733336725306
7781,1.0442,1.2250135679166858,-0.18081362437420534
8073,7.64,7.821395810940874,-0.18139594445527862
7416,4.87,5.051431187475473,-0.18143130191639134
666,0.0,0.18267700539984155,-0.18267700539984155
666,0.0,0.18267700539984155,-0.18267700539984155
666,0.0,0.18267700539984155,-0.18267700539984155
666,0.0,0.18267700539984155,-0.18267700539984155
666,0.0,0.18267700539984155,-0.18267700539984155
666,0.0,0.18267700539984155,-0.18267700539984155
1305,0.6,0.7829257064304848,-0.18292568258862685
366,0.5,0.6848467301673459,-0.18484673016734587
6329,8.044,8.229438877911122,-0.18543920597508645
6329,8.043,8.229438877911122,-0.1864386566586802
56969,1.125,1.3121294241999637,-0.1871294241999637
50567,45.0,45.19129391624614,-0.19129391624613845
30000,18.21,18.401750384897426,-0.1917513004247695
984,0.0,0.19238892299630916,-0.19238892299630916
984,0.0,0.19238892299630916,-0.19238892299630916
984,0.0,0.19238892299630916,-0.19238892299630916
984,0.0,0.19238892299630916,-0.19238892299630916
984,0.0,0.19238892299630916,-0.19238892299630916
10385,11.171,11.363780896302181,-0.19278136932464207
155177,16.325,16.52155560135246,-0.19655483841300736
94751,79.0,79.19975316201196,-0.1997531620119588
20889,0.0,0.20215030627617292,-0.20215030627617292
20889,0.0,0.20215030627617292,-0.20215030627617292
20889,0.0,0.20215030627617292,-0.20215030627617292
20889,0.0,0.20215030627617292,-0.20215030627617292
20889,0.0,0.20215030627617292,-0.20215030627617292
20889,0.0,0.20215030627617292,-0.20215030627617292
20889,0.0,0.20215030627617292,-0.20215030627617292
20889,0.0,0.20215030627617292,-0.20215030627617292
20889,0.0,0.20215030627617292,-0.20215030627617292
20889,0.0,0.20215030627617292,-0.20215030627617292
20889,0.0,0.20215030627617292,-0.20215030627617292
20889,0.0,0.20215030627617292,-0.20215030627617292
8836,16.2084,16.412845132063698,-0.2044444057453383
60582,101.316,101.52096315039131,-0.2049612583014664
12259,2.6667,2.8721874890260097,-0.20548760270398825
27145,1.294,1.4996278791816031,-0.2056278496176993
2555,1.6667,1.873049848666706,-0.20634984313539495
41329,35.77,35.97689182707369,-0.2068913693100214
5380,6.4167,6.623953369010812,-0.20725348268879085
10301,12.25,12.460539513039551,-0.2105395130395511
101400,106.87,107.08104859584117,-0.21104584925913628
8552,0.9167,1.128973362737723,-0.21227335720641194
21368,9.98,10.192747487574746,-0.21274794533841757
27646,15.68,15.892940934549317,-0.21294062937353608
121440,125.96,126.17316841314133,-0.21316932866866978
11524,7.25,7.463364473628394,-0.21336447362839372
17927,28.73,28.943953453402244,-0.2139539111659161
7122,3.2675,3.4840705368402682,-0.21657061313421355
9357,0.125,0.3417648853320936,-0.2167648853320936
9357,0.125,0.3417648853320936,-0.2167648853320936
9357,0.125,0.3417648853320936,-0.2167648853320936
860,0.0833,0.30158881855529296,-0.2182888166360234
2956,1.4583,1.6792824400382003,-0.2209824455695113
306140,42.798,43.021347810047516,-0.22334747435415636
6329,8.006,8.229438877911122,-0.2234393127866099
57189,27.1,27.325558905161923,-0.22555852369219664
57189,27.1,27.325558905161923,-0.22555852369219664
35354,57.2813,57.51138903515408,-0.23008944408962861
61756,73.0,73.23098679483137,-0.23098679483136664
62279,71.6139,71.84595430030758,-0.23205506935055098
21368,9.96,10.192747487574746,-0.23274744942777303
53194,12.75,12.984236452706801,-0.23423645270680105
47007,40.9667,41.20119199898918,-0.23449049142082146
1305,0.548,0.7829257064304848,-0.23492572836499404
28590,103.333,103.57175092341164,-0.23875074030617327
42647,1.6,1.8395679514690344,-0.2395679276271765
42647,1.6,1.8395679514690344,-0.2395679276271765
42647,1.6,1.8395679514690344,-0.2395679276271765
8004,6.0,6.239740487001984,-0.23974048700198392
8004,6.0,6.239740487001984,-0.23974048700198392
8004,6.0,6.239740487001984,-0.23974048700198392
25866,6.4,6.6411748549670415,-0.24117475959960988
30949,28.03,28.272343008128818,-0.24234232148331003
1305,0.537,0.7829257064304848,-0.2459257059536476
49388,20.75,20.995934890761713,-0.24593489076171338
64810,3.2,3.446766646163277,-0.24676659847956106
41297,59.0,59.24677340909979,-0.24677340909978795
58041,46.81,47.05703520932854,-0.2470338360375237
12259,2.625,2.8721874890260097,-0.24718748902600973
91629,65.0,65.24804076016954,-0.24804076016954468
7732,14.82,15.0691541903668,-0.24915449554258196
27145,1.246,1.4996278791816031,-0.25362782768319003
93420,50.25,50.50728214850463,-0.25728214850462905
9111,10.875,11.132689972662172,-0.2576899726621722
34875,14.175,14.432802696542378,-0.25780250580751485
9357,0.0833,0.3417648853320936,-0.25846488341282403
9357,0.0833,0.3417648853320936,-0.25846488341282403
8773,3.49,3.7485298276742935,-0.2585298181375504
860,0.0417,0.30158881855529296,-0.2598888167492722
860,0.0417,0.30158881855529296,-0.2598888167492722
860,0.0417,0.30158881855529296,-0.2598888167492722
860,0.0417,0.30158881855529296,-0.2598888167492722
860,0.0417,0.30158881855529296,-0.2598888167492722
860,0.0417,0.30158881855529296,-0.2598888167492722
860,0.0417,0.30158881855529296,-0.2598888167492722
860,0.0417,0.30158881855529296,-0.2598888167492722
860,0.0417,0.30158881855529296,-0.2598888167492722
129707,80.7,80.95997769504783,-0.2599807468056383
3592,5.8333,6.0935658360871425,-0.260265722409164
14839,6.79,7.051325711203852,-0.2613257493508243
13789,4.3,4.562136237427859,-0.26213604669299606
2956,1.4167,1.6792824400382003,-0.26258243450688923
7250,0.6,0.8636230263198946,-0.2636230024780367
128044,116.883,117.1487416644861,-0.26573842962281446
125507,338.275,338.54081004480196,-0.26581614831758316
366,0.4167,0.6848467301673459,-0.26814672463603484
21368,9.92,10.192747487574746,-0.2727474112808004
3648,6.75,7.02401322970164,-0.27401322970164
74420,66.25,66.52485936242486,-0.27485936242486275
77632,127.0,127.27497983577194,-0.2749798357719442
77632,127.0,127.27497983577194,-0.2749798357719442
5630,10.9167,11.196253706585187,-0.2795533434260076
60000,95.8333,96.11445481885559,-0.2811570893634041
3133,1.56,1.8414068910425019,-0.28140694826296087
27145,1.215,1.4996278791816031,-0.28462784580300204
72958,48.0,48.289918767259365,-0.2899187672593655
5380,6.3333,6.623953369010812,-0.2906532553328338
4371,2.2917,2.5840612338676947,-0.2923613475456732
51483,28.0,28.29415681686065,-0.29415681686064943
1396,6.72,7.017108611653998,-0.2971088214623476
26948,51.5,51.79781984899732,-0.29781984899732095
9726,6.21,6.5086050235065445,-0.2986049853595718
520,0.25,0.5487528925025704,-0.2987528925025704
520,0.25,0.5487528925025704,-0.2987528925025704
520,0.25,0.5487528925025704,-0.2987528925025704
9357,0.0417,0.3417648853320936,-0.30006488352607286
6448,0.8333,1.1334891060157413,-0.3001891115470523
860,0.0,0.30158881855529296,-0.30158881855529296
71100,15.34,15.643239961353343,-0.3032398087654524
20864,6.4,6.704201026367895,-0.3042009310004632
2956,1.375,1.6792824400382003,-0.30428244003820026
2956,1.375,1.6792824400382003,-0.30428244003820026
2956,1.375,1.6792824400382003,-0.30428244003820026
2956,1.375,1.6792824400382003,-0.30428244003820026
16135,20.0,20.306355053971384,-0.30635505397138374
16135,20.0,20.306355053971384,-0.30635505397138374
16135,20.0,20.306355053971384,-0.30635505397138374
16135,20.0,20.306355053971384,-0.30635505397138374
130794,110.725,111.03177508704026,-0.30677661291916536
481,0.0833,0.39165984078719995,-0.3083598388679304
366,0.375,0.6848467301673459,-0.3098467301673459
366,0.375,0.6848467301673459,-0.3098467301673459
14585,15.92,16.231023736613114,-0.3110236603191687
56137,42.0,42.3111057578752,-0.3111057578751968
56137,42.0,42.3111057578752,-0.3111057578751968
71100,15.33,15.643239961353343,-0.31324003764728836
27145,1.184,1.4996278791816031,-0.31562786392281406
16098,20.28,20.596398209423327,-0.3163975227778195
8836,16.0955,16.412845132063698,-0.3173441860187758
1022,1.13,1.4486642230112152,-0.3186642277795868
4482,29.0,29.3200721566835,-0.3200721566835014
27145,1.178,1.4996278791816031,-0.321627905884484
103924,133.0,133.3234116640171,-0.323411664017101
3729,3.875,4.19842288616139,-0.32342288616139037
7481,10.21,10.536914172071446,-0.32691413392447366
95526,137.64,137.96724439431074,-0.3272450046623021
5682,4.0,4.329220607325177,-0.3292206073251771
5682,4.0,4.329220607325177,-0.3292206073251771
5682,4.0,4.329220607325177,-0.3292206073251771
5682,4.0,4.329220607325177,-0.3292206073251771
5682,4.0,4.329220607325177,-0.3292206073251771
28991,19.091,19.421277134745118,-0.3302775314736337
55240,28.0,28.330590435648272,-0.33059043564827206
41236,19.925,20.257875019862333,-0.33287578280178565
22101,73.38,73.71617728775752,-0.3361800343395487
42647,1.5,1.8395679514690344,-0.3395679514690344
10762,12.56,12.899733603754115,-0.3397331841374154
14542,6.32,6.660888830264409,-0.3408886586030322
12908,31.86,32.20129789974108,-0.34129728938951587
6448,0.7917,1.1334891060157413,-0.34178910048443023
2956,1.3333,1.6792824400382003,-0.3459824455695113
64810,3.1,3.446766646163277,-0.3467667415307085
10577,20.27,20.620677720729617,-0.35067726296594515
3200,3.7083,4.059141331850045,-0.35084121817206615
43681,143.31,143.66093006200165,-0.35093250340790405
366,0.3333,0.6848467301673459,-0.3515467356986569
7589,2.2,2.5534769713934726,-0.3534769237097568
7589,2.2,2.5534769713934726,-0.3534769237097568
7589,2.2,2.5534769713934726,-0.3534769237097568
98539,27.331,27.685682169033324,-0.3546827946436757
14519,25.1,25.455705174679938,-0.35570479321021153
53194,12.625,12.984236452706801,-0.35923645270680105
129707,80.6,80.95997769504783,-0.35997922092673207
3133,1.48,1.8414068910425019,-0.36140687196901555
35936,40.6667,41.028803311034586,-0.36210485522403957
150887,107.934,108.29999420021122,-0.3659960923010601
8516,0.75,1.117030076161131,-0.3670300761611309
23392,27.03,27.398699271212255,-0.3686985845667472
12259,2.5,2.8721874890260097,-0.37218748902600973
163959,141.42,141.79413811125335,-0.3741399423080338
6329,7.852,8.229438877911122,-0.37743864139989114
6329,7.851,8.229438877911122,-0.3784390457578013
1022,1.07,1.4486642230112152,-0.3786641705591278
98539,27.302,27.685682169033324,-0.38368212325695694
7427,2.091,2.475489599300063,-0.3844895191914204
969,1.56,1.9446040888937313,-0.38460414611419025
3592,5.7083,6.0935658360871425,-0.385265722409164
6329,7.844,8.229438877911122,-0.38543901524022317
18202,7.791,8.176828465804174,-0.38582857643039503
2956,1.2917,1.6792824400382003,-0.38758243450688923
2956,1.2917,1.6792824400382003,-0.38758243450688923
45017,140.45,140.83824001532818,-0.38824306708599465
25000,25.9,26.2894903178711,-0.3894906993408256
3200,3.6667,4.059141331850045,-0.3924414455280232
8836,16.0203,16.412845132063698,-0.3925452205646742
75929,469.217,469.61170027226115,-0.394689774214271
4298,4.625,5.020429108529635,-0.3954291085296351
7781,0.8273,1.2250135679166858,-0.397713555805022
68030,72.0,72.39935889790297,-0.39935889790297097
92271,3.1,3.5004364816321067,-0.4004365769995384
92271,3.1,3.5004364816321067,-0.4004365769995384
32841,23.1,23.50081991584786,-0.4008195343781331
90903,122.45,122.8553734934379,-0.40537654519570765
157113,11.57,11.977464329187958,-0.40746463436373936
1629,1.13,1.5378861066262837,-0.40788611139465525
71248,195.16,195.568207269302,-0.4082036071926325
7122,3.075,3.4840705368402682,-0.4090704891565524
27145,1.089,1.4996278791816031,-0.41062789253304355
194300,0.19,0.6032283195357899,-0.4132283219199757
6329,7.816,8.229438877911122,-0.41343889316991067
7781,0.8115,1.2250135679166858,-0.41351355504208254
56467,37.938,38.35536462510165,-0.41736489975985336
7122,3.0625,3.4840705368402682,-0.42157053684026824
12773,11.16,11.583591724280815,-0.4235918768687057
520,0.125,0.5487528925025704,-0.4237528925025704
10174,20.0,20.42422967790555,-0.4242296779055508
10174,20.0,20.42422967790555,-0.4242296779055508
10174,20.0,20.42422967790555,-0.4242296779055508
10174,20.0,20.42422967790555,-0.4242296779055508
10174,20.0,20.42422967790555,-0.4242296779055508
10174,20.0,20.42422967790555,-0.4242296779055508
6448,0.7083,1.1334891060157413,-0.4251891115470523
147205,116.0,116.42536445396028,-0.42536445396028455
14790,1.8,2.226044409959384,-0.42604445764309995
39500,2.77,3.1960821794876453,-0.4260821985611316
77700,71.19,71.61951473544303,-0.42951229403678326
6944,20.34,20.771191659038372,-0.43119150645048165
7427,2.044,2.475489599300063,-0.4314896889454487
194300,0.17,0.6032283195357899,-0.4332283177476506
17879,63.5167,63.95125618590682,-0.4345554412779151
39500,2.76,3.1960821794876453,-0.43608218902438844
31346,46.3,46.73765490910653,-0.43765567204598455
27145,1.061,1.4996278791816031,-0.4386278896720206
56467,37.9163,38.35536462510165,-0.43906289780672836
356,2.9167,3.355924715188924,-0.4392248288669025
42647,1.4,1.8395679514690344,-0.4395679753108923
42647,1.4,1.8395679514690344,-0.4395679753108923
42647,1.4,1.8395679514690344,-0.4395679753108923
11935,12.39,12.830011509381842,-0.4400111660590884
898,1.48,1.920167348468145,-0.44016732939465864
3648,6.5833,7.02401322970164,-0.4407131160236615
20372,11.0,11.44082890127547,-0.44082890127547003
20372,11.0,11.44082890127547,-0.44082890127547003
7416,4.61,5.051431187475473,-0.4414310539610691
48881,34.15,34.59207434655215,-0.44207282067324627
97838,476.0,476.4430724593413,-0.4430724593412947
26033,22.0,22.443141631421263,-0.4431416314212626
26033,22.0,22.443141631421263,-0.4431416314212626
405083,92.66,93.1034644247677,-0.4434607626583187
11910,21.0,21.445607696691635,-0.4456076966916349
20917,22.0,22.44688448462924,-0.4468844846292406
39541,23.73,24.176901575028438,-0.44690203279211005
14839,6.6,7.051325711203852,-0.4513258065712833
6329,7.778,8.229438877911122,-0.4514389999814341
152471,101.9,102.35184354356376,-0.45184201768485366
194300,0.15,0.6032283195357899,-0.45322831357532545
68146,183.648,184.10223428377452,-0.4542392886573339
12259,2.4167,2.8721874890260097,-0.45548760270398825
199628,302.0,302.45769409681424,-0.4576940968142367
648,2.4167,2.8747553518558773,-0.4580554655338558
4371,2.125,2.5840612338676947,-0.4590612338676947
66585,10.0,10.459923829203898,-0.4599238292038983
23012,8.75,9.212655960348595,-0.46265596034859513
23012,8.75,9.212655960348595,-0.46265596034859513
169290,223.125,223.58796070879634,-0.462960708796345
194300,0.14,0.6032283195357899,-0.4632283189397435
28432,48.275,48.739234765419816,-0.4642332395409099
969,1.48,1.9446040888937313,-0.46460406982024494
187041,177.825,178.29035800293548,-0.4653610546932896
520,0.0833,0.5487528925025704,-0.46545289058330086
39558,38.0486,38.51438208472304,-0.4657828415589762
28084,38.975,39.441034602624484,-0.46603612850339005
39500,2.73,3.1960821794876453,-0.46608216041415895
39500,2.73,3.1960821794876453,-0.46608216041415895
7481,10.07,10.536914172071446,-0.46691447724722757
23918,43.42,43.88713769119034,-0.4671395222450272
23903,36.699,37.16730312616275,-0.46830181390689063
7781,0.7565,1.2250135679166858,-0.4685135621946399
98539,27.215,27.685682169033324,-0.4706820164454335
60606,172.708,173.18415925996723,-0.47616670625629354
39788,20.13,20.60702695546327,-0.47702779469666723
30171,25.8525,26.331996075902747,-0.47949516037540363
356,2.875,3.355924715188924,-0.480924715188924
5374,0.7492,1.2313985892947161,-0.4821986028368914
5374,0.7492,1.2313985892947161,-0.4821986028368914
5374,0.7492,1.2313985892947161,-0.4821986028368914
5374,0.7492,1.2313985892947161,-0.4821986028368914
5374,0.7492,1.2313985892947161,-0.4821986028368914
5374,0.7492,1.2313985892947161,-0.4821986028368914
5374,0.7492,1.2313985892947161,-0.4821986028368914
5374,0.7492,1.2313985892947161,-0.4821986028368914
15786,11.97,12.453619575814807,-0.48361930878599857
6329,7.745,8.229438877911122,-0.4844389923520396
24992,29.0,29.487568285009715,-0.48756828500971494
24992,29.0,29.487568285009715,-0.48756828500971494
7732,14.58,15.0691541903668,-0.489154266660746
205141,206.0,206.49000208006953,-0.49000208006953017
27145,1.008,1.4996278791816031,-0.49162786296913974
3627,6.2917,6.783467840880743,-0.49176795455872124
194300,0.11,0.6032283195357899,-0.4932283201318364
10762,12.4,12.899733603754115,-0.49973398522384116
42755,71.0,71.50197785423241,-0.5019778542324076
801,2.36,2.8638029759508132,-0.503803080854988
11900,36.96,37.4657365711648,-0.5057374866921407
1102,2.16,2.6672420456430337,-0.5072419598123452
1102,2.16,2.6672420456430337,-0.5072419598123452
40531,52.09,52.5972738210826,-0.5072736684947117
6448,0.625,1.1334891060157413,-0.5084891060157413
6448,0.625,1.1334891060157413,-0.5084891060157413
6448,0.625,1.1334891060157413,-0.5084891060157413
9062,12.64,13.151898070732997,-0.5118977274102434
2956,1.1667,1.6792824400382003,-0.5125824345068892
2067,3.12,3.6327270441033597,-0.5127271585442776
9552,5.925,6.438042867813957,-0.5130426770790937
755,5.0,5.513714139518147,-0.5137141395181466
755,5.0,5.513714139518147,-0.5137141395181466
755,5.0,5.513714139518147,-0.5137141395181466
25401,43.5674,44.083301216440105,-0.5158993304537773
4848,7.6667,8.183352334477739,-0.5166524481557175
40000,65.61,66.12854632382484,-0.5185457134732729
10135,15.48,16.00054427412153,-0.5205447318852023
8805,4.6525,5.173483998605427,-0.5209838460175362
356,2.8333,3.355924715188924,-0.5226246015109455
194300,0.08,0.6032283195357899,-0.5232283213239293
194300,0.08,0.6032283195357899,-0.5232283213239293
3648,6.5,7.02401322970164,-0.52401322970164
7122,2.96,3.4840705368402682,-0.5240704986932956
2582,2.24,2.764803325216886,-0.5248033156801428
35936,40.5,41.028803311034586,-0.5288033110345864
9788,13.78,14.310098695307707,-0.5300989623365151
116872,161.33,161.86242711476467,-0.5324252837099834
98539,27.152,27.685682169033324,-0.5336817417872304
11910,20.91,21.445607696691635,-0.5356078492795255
7900,3.105,3.6437881537070114,-0.538788134633525
12259,2.3333,2.8721874890260097,-0.5388873753480312
42647,1.3,1.8395679514690344,-0.5395679991527502
31415,7.125,7.665836623181032,-0.5408366231810318
31415,7.125,7.665836623181032,-0.5408366231810318
4371,2.0417,2.5840612338676947,-0.5423613475456732
801,2.32,2.8638029759508132,-0.5438030427080154
45086,27.0,27.544218091023907,-0.5442180910239074
45086,27.0,27.544218091023907,-0.5442180910239074
969,1.4,1.9446040888937313,-0.5446041127355892
15420,21.64,22.184755093180282,-0.5447557035318447
67839,55.764,56.30946905290408,-0.5454691139392338
11910,20.9,21.445607696691635,-0.5456080781613615
520,0.0,0.5487528925025704,-0.5487528925025704
520,0.0,0.5487528925025704,-0.5487528925025704
520,0.0,0.5487528925025704,-0.5487528925025704
45348,35.4434,35.993275975793495,-0.5498746391235727
30949,27.72,28.272343008128818,-0.5523436947743257
7589,2.0,2.5534769713934726,-0.5534769713934726
116854,71.45,72.00819351848972,-0.5581965702475316
3200,3.5,4.059141331850045,-0.5591413318500447
194300,0.04,0.6032283195357899,-0.5632283204298596
194300,0.04,0.6032283195357899,-0.5632283204298596
194300,0.04,0.6032283195357899,-0.5632283204298596
194300,0.04,0.6032283195357899,-0.5632283204298596
194300,0.04,0.6032283195357899,-0.5632283204298596
194300,0.04,0.6032283195357899,-0.5632283204298596
356,2.7917,3.355924715188924,-0.5642248288669025
14519,24.89,25.455705174679938,-0.5657057850315006
31415,7.1,7.665836623181032,-0.5658367185484634
28084,38.875,39.441034602624484,-0.5660346026244838
27145,0.931,1.4996278791816031,-0.568627884903649
9666,15.25,15.822944010770948,-0.5729440107709483
1022,0.87,1.4486642230112152,-0.5786642182428436
13224,20.25,20.831168170893967,-0.5811681708939673
7427,1.894,2.475489599300063,-0.5814895458943012
7250,0.28,0.8636230263198946,-0.5836230251278017
6329,7.64,8.229438877911122,-0.5894390114255259
27145,0.909,1.4996278791816031,-0.5906278996856009
8805,4.5825,5.173483998605427,-0.5909840176789132
2210,3.08,3.6714749079922306,-0.591474984286176
65663,80.575,81.17271682915242,-0.5977198809102333
45017,140.24,140.83824001532818,-0.5982345221641197
53234,101.0,101.59823949114269,-0.5982394911426923
53234,101.0,101.59823949114269,-0.5982394911426923
15269,23.834,24.433380997928335,-0.5993813641392727
898,1.32,1.920167348468145,-0.6001672960160576
898,1.32,1.920167348468145,-0.6001672960160576
356,2.75,3.355924715188924,-0.605924715188924
40629,7.875,8.48171411542149,-0.6067141154214895
39788,20.0,20.60702695546327,-0.6070269554632688
9849,4.3,4.908479124607517,-0.6084789338726537
100328,109.294,109.90484107167478,-0.6108423534130623
5630,10.5833,11.196253706585187,-0.612954069744367
9894,20.1667,20.781103170505027,-0.6144028073458472
9894,20.1667,20.781103170505027,-0.6144028073458472
1858,11.7,12.314679675683,-0.6146798664178625
7781,0.6102,1.2250135679166858,-0.6148135800283496
7122,2.8675,3.4840705368402682,-0.6165704700830661
12316,17.07,17.686612558168754,-0.6166128633445354
96612,81.0,81.61712504039397,-0.6171250403939723
4298,4.4,5.020429108529635,-0.6204290131622034
44564,86.0,86.620599200529,-0.620599200529
12088,2.9,3.5213626383223864,-0.6213625429549547
4583,15.83,16.451960637272258,-0.6219607135662031
71100,15.02,15.643239961353343,-0.6232395035896712
7250,0.24,0.8636230263198946,-0.6236230316843127
5380,6.0,6.623953369010812,-0.6239533690108123
5380,6.0,6.623953369010812,-0.6239533690108123
7122,2.8575,3.4840705368402682,-0.6265704605463229
95433,31.3,31.928339545561602,-0.6283403085010555
13100,17.98,18.608836661917763,-0.6288371196814353
5447,4.029,4.658557203707558,-0.629557398257119
18202,7.547,8.176828465804174,-0.6298285344687251
7781,0.595,1.2250135679166858,-0.6300135393064563
173479,75.0,75.63062652128431,-0.630626521284313
7427,1.844,2.475489599300063,-0.631489617419875
6203,8.45,9.08222621281136,-0.6322264035462233
116854,71.375,72.00819351848972,-0.633193518489719
6448,0.5,1.1334891060157413,-0.6334891060157413
6431,17.36,17.996440658666852,-0.6364400483152899
42647,1.2,1.8395679514690344,-0.6395679037853186
42647,1.2,1.8395679514690344,-0.6395679037853186
10385,10.723,11.363780896302181,-0.6407813235482749
36307,14.85,15.495849392557458,-0.6458490110877317
3648,6.375,7.02401322970164,-0.64901322970164
52034,53.25,53.89970547704957,-0.6497054770495723
31053,52.675,53.32551994486311,-0.6505207078025634
35465,42.12,42.77485475676939,-0.6548558248846277
18277,11.75,12.405785971426027,-0.6557859714260275
33246,20.8333,21.48922706643315,-0.6559274295923281
9894,20.125,20.781103170505027,-0.6561031705050269
8925,19.25,19.907175776129005,-0.6571757761290051
12259,2.2083,2.8721874890260097,-0.6638873753480312
31415,7.0,7.665836623181032,-0.6658366231810318
8925,19.24,19.907175776129005,-0.6671760050108411
4650,3.1,3.7694782963457207,-0.6694783917131524
10334,13.15,13.823979355530275,-0.6739797370000016
27640,29.3688,30.04829477910019,-0.6794955695054625
10762,12.22,12.899733603754115,-0.679733336725306
11935,12.15,12.830011509381842,-0.6800118908515689
898,1.24,1.920167348468145,-0.6801673389314018
33215,55.099,55.78161488924037,-0.6826158658028731
98539,26.998,27.685682169033324,-0.6876829777491444
62837,247.717,248.40557204283598,-0.6885768035781723
22949,3.4,4.092990656883649,-0.6929905615162175
6392,15.0,15.698659560228386,-0.6986595602283856
12152,7.0825,7.784094299998703,-0.7015943190721892
7250,0.16,0.8636230263198946,-0.7036230298961733
7250,0.16,0.8636230263198946,-0.7036230298961733
7250,0.16,0.8636230263198946,-0.7036230298961733
58196,83.7737,84.47783244042338,-0.7041355410093217
60582,100.816,101.52096315039131,-0.7049612583014664
2555,1.1667,1.873049848666706,-0.706349843135395
7427,1.763,2.475489599300063,-0.7124895878559712
13220,20.0,20.715090028190367,-0.7150900281903674
7427,1.759,2.475489599300063,-0.7164896555668476
12088,2.8,3.5213626383223864,-0.7213626860061022
12152,7.0625,7.784094299998703,-0.7215942999987028
306140,42.298,43.021347810047516,-0.7233474743541564
71806,39.8325,40.56042857818917,-0.7279281204254957
306140,42.292,43.021347810047516,-0.7293479931529845
18277,11.675,12.405785971426027,-0.7307857806911642
6944,20.04,20.771191659038372,-0.7311907435110285
40492,16.15,16.882705463049422,-0.732705844519149
8726,10.02,10.75529017489369,-0.7352897171300175
51176,36.82,37.55825024664037,-0.7382505518161508
171084,430.373,431.1147095639468,-0.7417237241030534
7250,0.12,0.8636230263198946,-0.7436230290021036
7250,0.12,0.8636230263198946,-0.7436230290021036
7250,0.12,0.8636230263198946,-0.7436230290021036
7250,0.12,0.8636230263198946,-0.7436230290021036
7250,0.12,0.8636230263198946,-0.7436230290021036
5680,6.6667,7.411615926602808,-0.7449160402807866
5680,6.6667,7.411615926602808,-0.7449160402807866
5680,6.6667,7.411615926602808,-0.7449160402807866
5680,6.6667,7.411615926602808,-0.7449160402807866
5680,6.6667,7.411615926602808,-0.7449160402807866
21469,39.199,39.94433602651463,-0.7453347142587674
41297,58.5,59.24677340909979,-0.746773409099788
129344,469.9,470.65029561871523,-0.7503017222308586
4371,1.8333,2.5840612338676947,-0.7507612393990057
30949,27.52,28.272343008128818,-0.752342550365146
23432,51.905,52.65943805968158,-0.7544392803847018
8837,71.0,71.75459461592263,-0.7545946159226276
8837,71.0,71.75459461592263,-0.7545946159226276
18277,11.65,12.405785971426027,-0.755786352895754
3592,5.3333,6.0935658360871425,-0.760265722409164
53855,11.1,11.866410322933811,-0.7664099414640848
98539,26.919,27.685682169033324,-0.7666815434229726
39538,26.15,26.920299389904763,-0.7702997713744892
10135,15.23,16.00054427412153,-0.7705447318852023
21582,13.865,14.638583031003636,-0.7735832598854717
3648,6.25,7.02401322970164,-0.77401322970164
16092,19.3,20.07593859121716,-0.7759393541566126
27318,46.91,47.68922054642174,-0.7792206990096275
51778,34.0,34.780823601984224,-0.7808236019842241
9703,7.9,8.68088332404451,-0.7808832286770784
166489,112.707,113.48848531554127,-0.7814845831193935
60086,85.3,86.08153731823951,-0.7815342664816995
33695,127.625,128.40724356207852,-0.78224356207852
7250,0.08,0.8636230263198946,-0.783623028108034
65999,52.175,52.96047951490119,-0.7854802778406409
1102,1.88,2.6672420456430337,-0.7872420504114053
8805,4.385,5.173483998605427,-0.7884837697235909
7900,2.855,3.6437881537070114,-0.788788134633525
2555,1.0833,1.873049848666706,-0.789749854198017
15326,9.25,10.04102966568041,-0.7910296656804103
4371,1.7917,2.5840612338676947,-0.7923612283363837
137806,130.88,131.67683858516548,-0.7968337023529841
26926,18.131,18.93111771226888,-0.8001171934700508
4925,6.51,7.311172108858381,-0.801171879976545
153999,187.0,187.80271157268805,-0.8027115726880538
20444,28.74,29.543182547380642,-0.8031827762624779
14219,28.0,28.804461659647412,-0.8044616596474121
40629,7.675,8.48171411542149,-0.8067139246866262
17104,11.275,12.083384044584836,-0.8083844260545625
7900,2.835,3.6437881537070114,-0.8087881155600387
37803,19.0052,19.814994406317467,-0.8097949739444203
84346,79.88,80.68991739838278,-0.8099201449648064
30401,12.25,13.060812548531397,-0.8108125485313966
26325,18.25,19.062774038055142,-0.8127740380551423
3648,6.2083,7.02401322970164,-0.8157131160236615
50567,44.375,45.19129391624614,-0.8162939162461385
68203,8.34,9.157118375556369,-0.8171182229684781
23918,43.07,43.88713769119034,-0.8171379963661209
9816,20.03,20.847910027086815,-0.8179093404413074
387,15.3872,16.20780975712672,-0.8206094015969363
7250,0.04,0.8636230263198946,-0.8236230272139643
7250,0.04,0.8636230263198946,-0.8236230272139643
7250,0.04,0.8636230263198946,-0.8236230272139643
7250,0.04,0.8636230263198946,-0.8236230272139643
7250,0.04,0.8636230263198946,-0.8236230272139643
969,1.12,1.9446040888937313,-0.8246040841253597
969,1.12,1.9446040888937313,-0.8246040841253597
14790,1.4,2.226044409959384,-0.826044433801242
7900,2.815,3.6437881537070114,-0.8287880964865524
61204,116.7,117.53228329946366,-0.8322863512214695
116854,71.175,72.00819351848972,-0.8331904667319066
98539,26.85,27.685682169033324,-0.8356817875635976
7072,4.5,5.340218199205522,-0.8402181992055224
2818,3.54,4.39214354692871,-0.8521435850756829
18551,11.0,11.85744006256594,-0.8574400625659404
86167,44.0,44.85891121731448,-0.8589112173144784
11302,13.575,14.435927289822423,-0.8609274805572866
2818,3.53,4.39214354692871,-0.8621435755389397
1102,1.8,2.6672420456430337,-0.8672420933267495
7732,14.2,15.0691541903668,-0.869154381101664
4650,2.9,3.7694782963457207,-0.8694782009782891
2818,3.52,4.39214354692871,-0.8721435660021966
2818,3.52,4.39214354692871,-0.8721435660021966
2818,3.52,4.39214354692871,-0.8721435660021966
12259,2.0,2.8721874890260097,-0.8721874890260097
4934,30.0,30.873566240225042,-0.8735662402250419
5380,5.75,6.623953369010812,-0.8739533690108123
648,2.0,2.8747553518558773,-0.8747553518558773
4371,1.7083,2.5840612338676947,-0.8757612393990057
101555,76.0,76.8793916439436,-0.879391643943606
18277,11.525,12.405785971426027,-0.880786352895754
3133,0.96,1.8414068910425019,-0.881406912500174
40629,7.6,8.48171411542149,-0.8817142107889211
7481,9.65,10.536914172071446,-0.8869145535411729
7427,1.588,2.475489599300063,-0.8874895401722553
7427,1.58,2.475489599300063,-0.8954895563847187
36406,30.22,31.119898488800242,-0.8998991754457499
21618,7.1,8.001286135399727,-0.901286230767159
2818,3.49,4.39214354692871,-0.9021435373919671
969,1.04,1.9446040888937313,-0.9046041270407039
18277,11.5,12.405785971426027,-0.9057859714260275
18277,11.5,12.405785971426027,-0.9057859714260275
27452,19.0,19.906778956253365,-0.9067789562533655
1629,0.63,1.5378861066262837,-0.9078861113946552
1629,0.63,1.5378861066262837,-0.9078861113946552
2210,2.76,3.6714749079922306,-0.9114749175289738
2818,3.48,4.39214354692871,-0.9121435278552239
5033,10.35,11.264906586152822,-0.9149062046830956
74180,51.79,52.70538831837568,-0.9153874028483386
5380,5.7083,6.623953369010812,-0.9156532553328338
7481,9.62,10.536914172071446,-0.9169142865123643
23918,42.97,43.88713769119034,-0.9171364704872147
7043,53.2397,54.159659748202486,-0.9199594308196737
3133,0.92,1.8414068910425019,-0.9214068743532013
43400,22.1,23.021419967731944,-0.9214195862622176
131710,195.6,196.5228638995413,-0.9228577960256814
7900,2.72,3.6437881537070114,-0.9237881250967819
133594,93.125,94.05099893609146,-0.9259989360914602
14790,1.3,2.226044409959384,-0.9260444576431
18474,7.5,8.427080509688045,-0.9270805096880448
50020,30.0,30.92727077113561,-0.9272707711356105
50020,30.0,30.92727077113561,-0.9272707711356105
21469,39.0163,39.94433602651463,-0.9280358250986112
250000,1013.08,1014.0126709648727,-0.9326538750289046
4314,2.88,3.813897648232566,-0.9338975337916482
68701,47.55,48.484194702905036,-0.9341954658444891
76537,95.0364,95.97464713582077,-0.9382472945121805
7732,14.13,15.0691541903668,-0.9391540759258827
72958,47.35,48.289918767259365,-0.9399202931382717
179167,73.65,74.59056572612883,-0.9405642002499235
30000,17.46,18.401750384897426,-0.9417513004247695
5447,3.713,4.658557203707558,-0.9455571445797508
66187,34.2,35.145718577631136,-0.9457178146916831
34758,22.0,22.946292666346395,-0.9462926663463946
34758,22.0,22.946292666346395,-0.9462926663463946
25401,43.135,44.083301216440105,-0.9483028949069023
30810,42.4,43.34839231441704,-0.9483907885381342
23702,30.1219,31.071029722891875,-0.9491291644201958
23702,30.1219,31.071029722891875,-0.9491291644201958
4065,19.9167,20.868989131707348,-0.9522887685481685
71100,14.69,15.643239961353343,-0.9532403809700423
7079,7.85,8.803298265499503,-0.9532983608669348
7589,1.6,2.5534769713934726,-0.9534769475516147
12206,2.6,3.554681053314646,-0.9546811486820777
8805,4.2175,5.173483998605427,-0.9559837887970772
8836,15.4562,16.412845132063698,-0.9566454860676039
15414,8.727,9.683713756048533,-0.9567135195373027
387,15.2498,16.20780975712672,-0.9580100287331668
87107,80.2,81.16352436501019,-0.9635274167680024
52302,14.0,14.964148787276185,-0.9641487872761854
11419,3.0,3.964827332233646,-0.964827332233646
11419,3.0,3.964827332233646,-0.964827332233646
11419,3.0,3.964827332233646,-0.964827332233646
11419,3.0,3.964827332233646,-0.964827332233646
11419,3.0,3.964827332233646,-0.964827332233646
124197,65.5,66.46660534492845,-0.9666053449284533
13044,22.52,23.487326016666042,-0.9673255589023704
13044,22.52,23.487326016666042,-0.9673255589023704
225014,168.0,168.96841801675487,-0.9684180167548675
3592,5.125,6.0935658360871425,-0.9685658360871425
167055,107.28,108.24857773041703,-0.9685789511201506
7427,1.505,2.475489599300063,-0.9704896040684345
14585,15.26,16.231023736613114,-0.9710235077312781
21618,7.025,8.001286135399727,-0.9762860400322957
14542,5.68,6.660888830264409,-0.9808890019257861
39788,19.62,20.60702695546327,-0.9870261162298704
19876,13.55,14.542466091451235,-0.9924659007163719
387,15.2148,16.20780975712672,-0.9930098761452761
45348,35.0,35.993275975793495,-0.9932759757934946
8836,15.4186,16.412845132063698,-0.9942450496662367
8836,15.4186,16.412845132063698,-0.9942450496662367
68203,8.16,9.157118375556369,-0.9971185281442594
166489,112.491,113.48848531554127,-0.9974880010881435
140092,276.13,277.1298744655527,-0.9998695827401889
20864,5.7,6.704201026367895,-1.0042012171027581
15879,18.0,19.004714146124897,-1.004714146124897
98125,178.0,179.00676345667947,-1.0067634566794652
12754,23.41,24.418374203055837,-1.0083743556437277
21582,13.63,14.638583031003636,-1.0085829165627178
10762,11.89,12.899733603754115,-1.0097332604313607
45548,57.13,58.14312338810224,-1.013122319987005
15574,14.84,15.853389653259601,-1.0133895006717104
14542,5.64,6.660888830264409,-1.0208889637788134
306140,42.0,43.021347810047516,-1.0213478100475157
12088,2.5,3.5213626383223864,-1.0213626383223864
150294,250.725,251.74743543960705,-1.0224293360914203
356,2.3333,3.355924715188924,-1.0226246015109455
92271,2.475,3.5004364816321067,-1.0254365769995384
10346,11.5,12.526344591645675,-1.0263445916456746
10346,11.5,12.526344591645675,-1.0263445916456746
2210,2.64,3.6714749079922306,-1.0314748030880558
7427,1.442,2.475489599300063,-1.0334895678288105
98539,26.65,27.685682169033324,-1.0356825505030507
11350,12.5,13.53709596314223,-1.0370959631422298
11350,12.5,13.53709596314223,-1.0370959631422298
11350,12.5,13.53709596314223,-1.0370959631422298
11350,12.5,13.53709596314223,-1.0370959631422298
11350,12.5,13.53709596314223,-1.0370959631422298
11350,12.5,13.53709596314223,-1.0370959631422298
72958,47.2525,48.289918767259365,-1.0374201405503811
15326,9.0,10.04102966568041,-1.0410296656804103
7427,1.432,2.475489599300063,-1.0434895582920674
40085,49.4744,50.522949634775095,-1.0485500681247046
40085,49.4744,50.522949634775095,-1.0485500681247046
3907,6.7225,7.773741204075227,-1.0512413566631178
98539,26.629,27.685682169033324,-1.0566824589503163
33530,14.4225,15.48006783387146,-1.0575681771942147
41236,19.2,20.257875019862333,-1.0578742569228794
44784,24.0,25.05864789080191,-1.058647890801911
8000,18.86,19.91876652518705,-1.0587659148354867
9788,13.25,14.310098695307707,-1.0600986953077065
119509,84.0,85.0602844463126,-1.0602844463125933
7416,3.99,5.051431187475473,-1.0614311779387302
10385,10.302,11.363780896302181,-1.061780850525814
969,0.88,1.9446040888937313,-1.0646040936621028
1102,1.6,2.6672420456430337,-1.0672420218011758
24463,32.0,33.068301484688234,-1.0683014846882344
7427,1.407,2.475489599300063,-1.068489653659499
2210,2.6,3.6714749079922306,-1.0714750033596623
2210,2.6,3.6714749079922306,-1.0714750033596623
28590,102.5,103.57175092341164,-1.071750923411642
49108,35.78,36.85753784242459,-1.0775390631277162
10577,19.54,20.620677720729617,-1.0806768052022733
39649,54.0,55.08275783177581,-1.0827578317758082
53194,11.9,12.984236452706801,-1.0842368341765276
7427,1.39,2.475489599300063,-1.0854896136051777
8552,0.0417,1.128973362737723,-1.0872733609317022
11934,12.18,13.270097618252485,-1.0900973130767042
10174,19.3333,20.42422967790555,-1.0909300410647305
14839,5.96,7.051325711203852,-1.091325673056879
126077,88.0,89.0927707238692,-1.0927707238691937
126077,88.0,89.0927707238692,-1.0927707238691937
20291,12.525,13.617885556631236,-1.092885938100963
22949,3.0,4.092990656883649,-1.0929906568836492
166489,112.39,113.48848531554127,-1.098485925892831
7416,3.95,5.051431187475473,-1.1014311397917576
7427,1.373,2.475489599300063,-1.1024895735508564
40706,21.0,22.10448978708124,-1.1044897870812385
39788,19.5,20.60702695546327,-1.1070269554632688
40492,15.775,16.882705463049422,-1.107705844519149
9849,3.8,4.908479124607517,-1.1084791722912328
60086,84.97,86.08153731823951,-1.111536097536387
2067,2.52,3.6327270441033597,-1.112727063176846
71100,14.53,15.643239961353343,-1.1132402283821516
31415,6.55,7.665836623181032,-1.1158364324461685
39541,23.06,24.176901575028438,-1.1169021090860554
8516,0.0,1.117030076161131,-1.117030076161131
8516,0.0,1.117030076161131,-1.117030076161131
8516,0.0,1.117030076161131,-1.117030076161131
8516,0.0,1.117030076161131,-1.117030076161131
8516,0.0,1.117030076161131,-1.117030076161131
8516,0.0,1.117030076161131,-1.117030076161131
8516,0.0,1.117030076161131,-1.117030076161131
8516,0.0,1.117030076161131,-1.117030076161131
8516,0.0,1.117030076161131,-1.117030076161131
8516,0.0,1.117030076161131,-1.117030076161131
8516,0.0,1.117030076161131,-1.117030076161131
8516,0.0,1.117030076161131,-1.117030076161131
115676,155.384,156.5017153738466,-1.1177126882997186
133594,92.925,94.05099893609146,-1.1259958843336477
14790,1.1,2.226044409959384,-1.1260443861175262
14790,1.1,2.226044409959384,-1.1260443861175262
14790,1.1,2.226044409959384,-1.1260443861175262
8552,0.0,1.128973362737723,-1.128973362737723
8552,0.0,1.128973362737723,-1.128973362737723
8552,0.0,1.128973362737723,-1.128973362737723
8552,0.0,1.128973362737723,-1.128973362737723
15649,27.5715,28.701082346238177,-1.129581568039935
58703,75.638,76.76906599693291,-1.131065508651659
148829,199.02,200.15346486354,-1.1334605910790572
4314,2.68,3.813897648232566,-1.133897581475364
27071,20.6978,21.831712383191665,-1.1339127005744771
27071,20.6978,21.831712383191665,-1.1339127005744771
103286,197.26,198.39764755015386,-1.1376530433179255
86323,76.61,77.74988560464969,-1.1398849942981286
14585,15.09,16.231023736613114,-1.1410235840252234
157933,254.8,255.94139935814349,-1.1413963063856727
7900,2.5,3.6437881537070114,-1.1437881537070114
1962,2.24,3.3886747234159116,-1.1486747138791684
7589,1.4,2.5534769713934726,-1.1534769952353305
29062,0.0,1.1544441161993901,-1.1544441161993901
29062,0.0,1.1544441161993901,-1.1544441161993901
29062,0.0,1.1544441161993901,-1.1544441161993901
29062,0.0,1.1544441161993901,-1.1544441161993901
29062,0.0,1.1544441161993901,-1.1544441161993901
29062,0.0,1.1544441161993901,-1.1544441161993901
29062,0.0,1.1544441161993901,-1.1544441161993901
29062,0.0,1.1544441161993901,-1.1544441161993901
29062,0.0,1.1544441161993901,-1.1544441161993901
29062,0.0,1.1544441161993901,-1.1544441161993901
1858,11.16,12.314679675683,-1.1546798282708899
12750,11.3,12.455114987153234,-1.1551147964183706
7481,9.38,10.536914172071446,-1.1569140576305283
3133,0.68,1.8414068910425019,-1.1614068838899445
4589,19.62,20.789902927443496,-1.1699020882100974
10800,19.0,20.170196781999223,-1.1701967819992234
62893,28.3,29.47818948660198,-1.1781902495414336
48994,65.98,67.15886980636122,-1.1788664494276304
5447,3.478,4.658557203707558,-1.1805572780941551
9703,7.5,8.68088332404451,-1.18088332404451
30949,27.09,28.272343008128818,-1.1823428555409272
225000,0.32,1.5026491710192675,-1.182649178171825
8463,0.0,1.182857974802857,-1.182857974802857
22949,2.9,4.092990656883649,-1.1929905615162175
12773,10.39,11.583591724280815,-1.1935913809580612
10151,16.92,18.116224386993043,-1.1962243106990975
94751,78.0001,79.19975316201196,-1.1996539798830526
3627,5.5833,6.783467840880743,-1.2001677272027642
4065,19.6667,20.868989131707348,-1.2022887685481685
2582,1.56,2.764803325216886,-1.204803382437345
14585,15.025,16.231023736613114,-1.2060241180828406
68203,7.95,9.157118375556369,-1.207118566291232
557217,61.5,62.70971209493002,-1.209712094930019
9552,5.225,6.438042867813957,-1.2130429631813886
11524,6.25,7.463364473628394,-1.2133644736283937
30613,16.7,17.91475535467321,-1.214754591733758
39538,25.7,26.920299389904763,-1.2202986269653096
225000,0.28,1.5026491710192675,-1.2226491698271746
225000,0.28,1.5026491710192675,-1.2226491698271746
4314,2.59,3.813897648232566,-1.2238977340632546
21618,6.775,8.001286135399727,-1.2262860400322957
1102,1.44,2.6672420456430337,-1.2272419884225747
51020,20.37,21.598060232030413,-1.2280593927970145
11934,12.04,13.270097618252485,-1.2300976563994581
2000,1.16,2.3903357641541625,-1.2303357975327636
61756,72.0,73.23098679483137,-1.2309867948313666
40629,7.25,8.48171411542149,-1.2317141154214895
61204,116.3,117.53228329946366,-1.2322802477058445
3648,5.7917,7.02401322970164,-1.2323133433796185
202829,158.9,160.13233995148073,-1.2323460549963556
2067,2.4,3.6327270441033597,-1.232726948735928
15000,26.99,28.223181404049452,-1.233181632931288
39788,19.37,20.60702695546327,-1.2370261162298704
8079,9.6,10.842593343773954,-1.2425929623042276
2582,1.52,2.764803325216886,-1.2448033442903723
86786,71.0,72.24528804602814,-1.2452880460281364
11227,5.0,6.247088516761235,-1.2470885167612353
91629,64.0,65.24804076016954,-1.2480407601695447
110000,94.73,95.97805314507585,-1.2480497881422536
2555,0.625,1.873049848666706,-1.248049848666706
62205,100.45,101.70138266734581,-1.2513857191036237
130794,109.775,111.03177508704026,-1.2567735611613529
1396,5.76,7.017108611653998,-1.257108382772162
42028,26.046,27.303172086076124,-1.257172559098585
327256,928.05,929.3100436754685,-1.2600558824997279
41302,16.4,17.661012010685784,-1.2610123921555108
7416,3.79,5.051431187475473,-1.261431225622446
96336,15.9,17.166916002024095,-1.2669163834938217
3200,2.7917,4.059141331850045,-1.2674414455280232
10000,4.52,5.787494157409733,-1.2674941764832193
25000,25.02,26.2894903178711,-1.2694898601074271
37775,29.0,30.275287860848188,-1.275287860848188
16092,18.8,20.07593859121716,-1.2759393541566126
14585,14.955,16.231023736613114,-1.2760238129070594
258491,187.0,188.27621293718522,-1.276212937185221
5447,3.375,4.658557203707558,-1.2835572037075584
14219,27.5204,28.804461659647412,-1.2840625660194824
2582,1.48,2.764803325216886,-1.2848033061433997
8805,3.8875,5.173483998605427,-1.285983950921711
14585,14.945,16.231023736613114,-1.2860240417888953
68146,182.816,184.10223428377452,-1.2862400210792089
2555,0.5833,1.873049848666706,-1.289749854198017
2555,0.5833,1.873049848666706,-1.289749854198017
31415,6.375,7.665836623181032,-1.2908366231810318
39538,25.625,26.920299389904763,-1.2952993899047627
166395,303.0,304.2959679643859,-1.295967964385909
346056,53.0,54.30425170417892,-1.3042517041789168
63771,62.487,63.791281292321955,-1.3042817806032048
16135,19.0,20.306355053971384,-1.3063550539713837
16135,19.0,20.306355053971384,-1.3063550539713837
1102,1.36,2.6672420456430337,-1.307242031337919
58733,47.525,48.83283654061337,-1.307835014734465
30401,11.75,13.060812548531397,-1.3108125485313966
56137,41.0,42.3111057578752,-1.3111057578751968
56137,41.0,42.3111057578752,-1.3111057578751968
24979,65.0,66.31226104853744,-1.3122610485374366
24979,65.0,66.31226104853744,-1.3122610485374366
15574,14.54,15.853389653259601,-1.3133896914065737
35253,110.5,111.81619961357337,-1.3161996135733744
13728,18.81,20.13115403676618,-1.321154570823797
4925,5.99,7.311172108858381,-1.321172337740217
3133,0.52,1.8414068910425019,-1.3214069101159882
30949,26.95,28.272343008128818,-1.3223422451893647
26372,67.2625,68.58564499375102,-1.3231480455088303
103924,132.0,133.3234116640171,-1.323411664017101
14790,0.9,2.226044409959384,-1.326044433801242
27889,136.91,138.23624714605003,-1.326243483940658
59400,58.23,59.55704682367732,-1.32704728144099
55240,27.0,28.330590435648272,-1.330590435648272
27646,14.56,15.892940934549317,-1.3329405149326181
11274,21.99,23.325137335591627,-1.335137564473463
12316,16.35,17.686612558168754,-1.3366121766990275
68203,7.82,9.157118375556369,-1.3371182038949918
57334,54.0,55.33863273027409,-1.3386327302740924
11934,11.93,13.270097618252485,-1.3400973130767042
10103,17.84,19.18115389355727,-1.3411537409693786
82911,67.7167,69.05832503926837,-1.3416273463972743
59200,142.996,144.33938762585132,-1.343385428585691
72709,34.293,35.63741018810328,-1.3444109205251564
1102,1.32,2.6672420456430337,-1.3472419931909463
36744,128.27,129.61788150425338,-1.3478772317924381
1962,2.04,3.3886747234159116,-1.3486747615628842
1962,2.04,3.3886747234159116,-1.3486747615628842
52559,35.0,36.349294900499125,-1.3492949004991246
11329,9.78,11.129841220967467,-1.349841487996276
2000,1.04,2.3903357641541625,-1.3503358023011351
3200,2.7083,4.059141331850045,-1.3508412181720661
14839,5.7,7.051325711203852,-1.351325901938715
40706,20.75,22.10448978708124,-1.3544897870812385
5447,3.303,4.658557203707558,-1.3555572304104393
13044,22.13,23.487326016666042,-1.3573268558994407
3133,0.48,1.8414068910425019,-1.361406901771338
3133,0.48,1.8414068910425019,-1.361406901771338
35936,39.6667,41.028803311034586,-1.3621048552240396
13789,3.2,4.562136237427859,-1.3621361897441435
78550,20.08,21.444047625618218,-1.3640477019121633
12045,3.6,4.968086353783681,-1.3680864491511127
4698,25.1182,26.486744936330428,-1.3685446342064047
4065,19.5,20.868989131707348,-1.3689891317073482
4065,19.5,20.868989131707348,-1.3689891317073482
9062,11.78,13.151898070732997,-1.371898337761806
71100,14.27,15.643239961353343,-1.3732395035896712
38319,38.8,40.176175635019455,-1.3761763979589077
20444,28.167,29.543182547380642,-1.3761827304861107
200442,644.0,645.3766118020225,-1.3766118020224667
62893,28.1,29.47818948660198,-1.378189105132254
14542,5.28,6.660888830264409,-1.3808886204560595
15950,23.63,25.01212443587843,-1.3821252751118287
4314,2.43,3.813897648232566,-1.383897581475364
3592,4.7083,6.0935658360871425,-1.385265722409164
45240,90.1401,91.53120554385463,-1.3911069720772815
8805,3.78,5.173483998605427,-1.3934840272156563
113589,57.8,59.19418965342551,-1.3941904163649639
4298,3.625,5.020429108529635,-1.395429108529635
40531,51.2,52.5972738210826,-1.3972730581431492
30160,42.0,43.398355647414725,-1.398355647414725
43000,35.09,36.48892836439465,-1.398928211806762
68030,71.0,72.39935889790297,-1.399358897902971
10559,18.945,20.34537377089695,-1.4003740760727297
13512,12.7,14.10217560088639,-1.4021757916212536
5447,3.253,4.658557203707558,-1.4055571827267235
8073,6.415,7.821395810940874,-1.406395849087847
9849,3.5,4.908479124607517,-1.408479124607517
387,14.7988,16.20780975712672,-1.4090092886818972
74584,59.918,61.327028696652015,-1.4090294290738896
10135,14.59,16.00054427412153,-1.4105441215336398
32841,22.09,23.50081991584786,-1.410819763259969
1629,0.12,1.5378861066262837,-1.4178861093084927
8000,18.5,19.91876652518705,-1.4187665251870492
65663,79.75,81.17271682915242,-1.4227168291524208
11470,14.839,16.263185581202844,-1.4241858329728636
23112,19.25,20.675739195427685,-1.4257391954276848
14790,0.8,2.226044409959384,-1.4260443980384552
14790,0.8,2.226044409959384,-1.4260443980384552
13044,22.06,23.487326016666042,-1.4273265507236594
1629,0.11,1.5378861066262837,-1.4278861072223301
14219,27.375,28.804461659647412,-1.4294616596474121
11329,9.7,11.129841220967467,-1.4298414117023306
2000,0.96,2.3903357641541625,-1.4303357856118346
134748,273.422,274.85263650688063,-1.4306394365681285
6010,36.41,37.844072382036856,-1.4340725346247467
3200,2.625,4.059141331850045,-1.4341413318500447
32256,62.779,64.2155734332177,-1.4365741046044178
47191,29.0,30.43740339910606,-1.43740339910606
33148,76.6,78.03766971688533,-1.4376712427642389
20372,10.0,11.44082890127547,-1.44082890127547
20372,10.0,11.44082890127547,-1.44082890127547
3133,0.4,1.8414068910425019,-1.4414068850820374
26033,21.0,22.443141631421263,-1.4431416314212626
20917,21.0,22.44688448462924,-1.4468844846292406
40697,23.0,24.450107735374672,-1.4501077353746723
40697,23.0,24.450107735374672,-1.4501077353746723
40697,23.0,24.450107735374672,-1.4501077353746723
32841,22.05,23.50081991584786,-1.4508206787873128
20986,18.0,19.452100858827336,-1.452100858827336
30949,26.82,28.272343008128818,-1.452343313304599
12206,2.1,3.554681053314646,-1.4546811486820777
132518,214.0,215.4556585677141,-1.4556585677140959
18277,10.95,12.405785971426027,-1.4557861621608907
66585,9.0,10.459923829203898,-1.4599238292038983
32841,22.04,23.50081991584786,-1.460819000320516
225000,0.04,1.5026491710192675,-1.4626491719133372
225000,0.04,1.5026491710192675,-1.4626491719133372
15304,0.0,1.4683158405389185,-1.4683158405389185
15304,0.0,1.4683158405389185,-1.4683158405389185
15304,0.0,1.4683158405389185,-1.4683158405389185
15304,0.0,1.4683158405389185,-1.4683158405389185
15304,0.0,1.4683158405389185,-1.4683158405389185
15304,0.0,1.4683158405389185,-1.4683158405389185
15304,0.0,1.4683158405389185,-1.4683158405389185
15304,0.0,1.4683158405389185,-1.4683158405389185
58307,52.65,54.11843626329468,-1.4684347374157767
2000,0.92,2.3903357641541625,-1.470335747464862
42214,30.24,31.71200368630765,-1.472003915189486
15574,14.38,15.853389653259601,-1.473389538818683
24103,18.025,19.49913333347199,-1.4741337149417149
3200,2.5833,4.059141331850045,-1.4758412181720661
3200,2.5833,4.059141331850045,-1.4758412181720661
3648,5.5417,7.02401322970164,-1.4823133433796185
54405,16.0,17.483359879608244,-1.4833598796082441
214505,786.125,787.6107948569525,-1.4857948569524524
39788,19.12,20.60702695546327,-1.4870261162298704
8925,18.42,19.907175776129005,-1.4871756998350598
24992,28.0,29.487568285009715,-1.487568285009715
31300,42.0,43.48990293064921,-1.4899029306492082
31300,42.0,43.48990293064921,-1.4899029306492082
3729,2.7083,4.19842288616139,-1.4901227724834119
3729,2.7083,4.19842288616139,-1.4901227724834119
130577,232.0,233.49150605663831,-1.4915060566383147
1473,3.43,4.924128863494182,-1.4941287967369803
32766,36.85,38.34689649346052,-1.496898019339426
10103,17.68,19.18115389355727,-1.501153588381488
42755,70.0,71.50197785423241,-1.5019778542324076
6329,6.725,8.229438877911122,-1.5044389732785532
89315,26.35,27.85605975612943,-1.5060593746597029
56569,27.969,29.47818356152074,-1.5091836988498422
28363,7.9,9.410502620812421,-1.5105025254449895
2956,0.1667,1.6792824400382003,-1.5125824345068892
4848,6.6667,8.183352334477739,-1.5166524481557175
4848,6.6667,8.183352334477739,-1.5166524481557175
3267,28.51,30.0276103070647,-1.5176100781828623
133594,92.525,94.05099893609146,-1.525997410212554
10346,11.0,12.526344591645675,-1.5263445916456746
2070,1.3958,2.924220021601061,-1.528420027132372
5447,3.128,4.658557203707558,-1.5305571827267235
91253,87.05,88.58099801479662,-1.5309949630388076
93313,55.75,57.281569807338386,-1.5315698073383857
1473,3.39,4.924128863494182,-1.5341287585900076
809530,171.14,172.67594423419908,-1.5359448445506416
56637,108.75,110.28639682585973,-1.5363968258597254
11350,12.0,13.53709596314223,-1.5370959631422298
21472,60.36,61.897768973311585,-1.5377683629600227
32256,62.676,64.2155734332177,-1.5395747454735584
20540,29.1073,30.64733030524539,-1.54003050055789
7072,3.8,5.340218199205522,-1.5402182468892383
31415,6.125,7.665836623181032,-1.5408366231810318
25866,5.1,6.6411748549670415,-1.5411749503344732
85164,60.587,62.12982568518678,-1.5428238846496711
71100,14.1,15.643239961353343,-1.5432395798836165
45086,26.0,27.544218091023907,-1.5442180910239074
45086,26.0,27.544218091023907,-1.5442180910239074
45086,26.0,27.544218091023907,-1.5442180910239074
45086,26.0,27.544218091023907,-1.5442180910239074
969,0.4,1.9446040888937313,-1.5446040829332668
10000,4.24,5.787494157409733,-1.5474943862915689
140488,157.025,158.57395552225643,-1.5489616257720513
40611,30.5,32.049296199288236,-1.5492961992882357
9703,7.13,8.68088332404451,-1.550883209603592
3592,4.5417,6.0935658360871425,-1.551865949765121
6625,3.76,5.3125458559730445,-1.5525458655097877
2067,2.08,3.6327270441033597,-1.552727120397305
12206,2.0,3.554681053314646,-1.554681053314646
12206,2.0,3.554681053314646,-1.554681053314646
56467,36.8,38.35536462510165,-1.5553653880411034
31614,12.8,14.355366460165289,-1.5553662694304258
898,0.36,1.920167348468145,-1.5601673341630302
30401,11.5,13.060812548531397,-1.5608125485313966
26325,17.5,19.062774038055142,-1.5627740380551423
71100,14.08,15.643239961353343,-1.5632400376472884
32766,36.7833,38.34689649346052,-1.563598001028879
37107,135.472,137.03620508662948,-1.564204964559167
10578,56.41,57.97764472375438,-1.5676448763422712
14585,14.6625,16.231023736613114,-1.5685233551433875
3729,2.625,4.19842288616139,-1.5734228861613904
8726,9.18,10.75529017489369,-1.575289869717908
19446,60.0,61.575486210799156,-1.5754862107991556
59498,47.0,48.57663055786556,-1.5766305578655633
8000,18.34,19.91876652518705,-1.5787663725991585
72958,46.7075,48.289918767259365,-1.5824183094956936
152946,160.614,162.19644335761348,-1.5824449445275377
801,1.28,2.8638029759508132,-1.5838030045610427
56467,36.771,38.35536462510165,-1.5843647166543846
10000,4.2,5.787494157409733,-1.5874943481445962
23012,7.625,9.212655960348595,-1.5876559603485951
11524,5.875,7.463364473628394,-1.5883644736283937
5783,169.89,171.48005033544763,-1.5900509457991916
2210,2.08,3.6714749079922306,-1.591474984286176
3592,4.5,6.0935658360871425,-1.5935658360871425
16584,95.3887,96.98286491978654,-1.594162527208411
113589,57.6,59.19418965342551,-1.594191179304417
11900,35.87,37.4657365711648,-1.5957376392800313
43910,48.4593,50.05703918251732,-1.5977381876442749
53234,100.0,101.59823949114269,-1.5982394911426923
25139,22.97,24.574304279715843,-1.604304966361351
44182,65.25,66.86000540657523,-1.610005406575226
3627,5.1667,6.783467840880743,-1.6167679545587212
68203,7.54,9.157118375556369,-1.6171184137033414
14219,27.187,28.804461659647412,-1.617461384989209
20291,12.0,13.617885556631236,-1.6178855566312365
4065,19.25,20.868989131707348,-1.6189891317073482
44564,85.0,86.620599200529,-1.620599200529
32841,21.88,23.50081991584786,-1.6208207550812581
21892,29.1301,30.75960088138099,-1.6295006311368496
2000,0.76,2.3903357641541625,-1.6303357736909057
18277,10.775,12.405785971426027,-1.630786352895754
8836,14.7793,16.412845132063698,-1.6335453960407484
12152,6.1375,7.784094299998703,-1.6465944907335661
110800,67.19,68.83913580203387,-1.6491333606276157
50577,49.1,50.74940251520265,-1.649404041081553
10385,9.714,11.363780896302181,-1.6497811480722007
10135,14.35,16.00054427412153,-1.650543892651804
12206,1.9,3.554681053314646,-1.654681077156504
37803,18.16,19.814994406317467,-1.6549945589053578
42028,25.647,27.303172086076124,-1.6561727269452646
18697,5.34,6.996840298563264,-1.656840145975373
21469,38.2853,39.94433602651463,-1.659034818018533
14542,5.0,6.660888830264409,-1.6608888302644091
5769,11.4,13.06112732257264,-1.6611277040423662
9062,11.49,13.151898070732997,-1.6618982996148333
35033,71.5,73.16281797532928,-1.6628179753292756
15420,20.52,22.184755093180282,-1.6647546354166103
31415,6.0,7.665836623181032,-1.6658366231810318
9303,25.0,26.667052539014318,-1.6670525390143176
9303,25.0,26.667052539014318,-1.6670525390143176
9303,25.0,26.667052539014318,-1.6670525390143176
9303,25.0,26.667052539014318,-1.6670525390143176
9303,25.0,26.667052539014318,-1.6670525390143176
17879,62.2833,63.95125618590682,-1.6679576934751807
11934,11.6,13.270097618252485,-1.670097236782759
7481,8.86,10.536914172071446,-1.6769145153942002
18474,6.75,8.427080509688045,-1.6770805096880448
14219,27.125,28.804461659647412,-1.6794616596474121
3133,0.16,1.8414068910425019,-1.6814068946187806
72958,46.6075,48.289918767259365,-1.682420598314053
61439,23.65,25.338672833840796,-1.6886732153105228
20584,67.45,69.140539141848,-1.6905421936058076
3648,5.3333,7.02401322970164,-1.6907131160236615
150318,573.5,575.1932973330046,-1.6932973330045797
40611,30.35,32.049296199288236,-1.6992958178185091
14542,4.96,6.660888830264409,-1.7008887921174365
4934,29.1667,30.873566240225042,-1.7068658770658622
4934,29.1667,30.873566240225042,-1.7068658770658622
4934,29.1667,30.873566240225042,-1.7068658770658622
2067,1.92,3.6327270441033597,-1.712727087018704
33739,74.32,76.03326810400009,-1.7132684091758676
9813,17.28,18.994625230529206,-1.7146245438836978
68203,7.44,9.157118375556369,-1.7171183183359098
9838,83.195,84.91373325796245,-1.7187335631382297
70040,80.365,82.08388411923272,-1.7188862554631896
14524,5.0,6.719791612028279,-1.7197916120282786
12088,1.8,3.5213626383223864,-1.7213626860061022
8079,9.12,10.842593343773954,-1.722593458214872
15786,10.73,12.453619575814807,-1.723620033578479
2582,1.04,2.764803325216886,-1.7248033633638586
23533,11.075,12.80118417694109,-1.7261843676759536
82200,46.35,48.07762212813821,-1.7276236540171155
27648,24.404,26.13478073202051,-1.730781403407228
5447,2.926,4.658557203707558,-1.7325570854519432
14842,24.84,26.578414926634537,-1.738414774046646
237546,477.196,478.93568516009276,-1.7396707557958848
23702,29.3262,31.071029722891875,-1.7448292376623833
11227,4.5,6.247088516761235,-1.7470885167612353
11227,4.5,6.247088516761235,-1.7470885167612353
7732,13.32,15.0691541903668,-1.749154495542582
13728,18.38,20.13115403676618,-1.7511548759995783
12152,6.0325,7.784094299998703,-1.7515945098070524
34563,10.0,11.754010704382967,-1.7540107043829671
12206,1.8,3.554681053314646,-1.7546811009983618
86959,28.948,30.711554953942787,-1.7635549997191546
16351,13.15,14.91415960726085,-1.764159988730576
16576,46.08,47.84645721998391,-1.7664553889292236
8925,18.14,19.907175776129005,-1.7671763864805676
16805,178.922,180.68919269832466,-1.7671956280121606
34819,19.0,20.768623528426907,-1.7686235284269074
34819,19.0,20.768623528426907,-1.7686235284269074
193294,960.95,962.7211891113225,-1.7711769042912238
45348,34.2212,35.993275975793495,-1.7720769401489633
45348,34.2212,35.993275975793495,-1.7720769401489633
10135,14.22,16.00054427412153,-1.7805440070927219
9552,4.65,6.438042867813957,-1.7880427724465253
93500,59.85,61.64521420642434,-1.795215732303248
93500,59.85,61.64521420642434,-1.795215732303248
157113,10.18,11.977464329187958,-1.7974640240121769
48994,65.36,67.15886980636122,-1.7988691960096617
14219,27.0,28.804461659647412,-1.8044616596474121
30810,41.54,43.34839231441704,-1.8083913988896967
8773,1.94,3.7485298276742935,-1.8085297704538346
3200,2.25,4.059141331850045,-1.8091413318500447
41302,15.85,17.661012010685784,-1.8110116292160576
10103,17.37,19.18115389355727,-1.8111530543238707
9816,19.03,20.847910027086815,-1.8179093404413074
12088,1.7,3.5213626383223864,-1.8213625906386706
12088,1.7,3.5213626383223864,-1.8213625906386706
57274,44.15,45.97178662242205,-1.8217850965431452
4314,1.99,3.813897648232566,-1.823897638695823
809530,170.85,172.67594423419908,-1.8259381306834541
133594,92.225,94.05099893609146,-1.8260004619703665
22524,24.0,25.82641212471668,-1.8264121247166791
22524,24.0,25.82641212471668,-1.8264121247166791
22524,24.0,25.82641212471668,-1.8264121247166791
22524,24.0,25.82641212471668,-1.8264121247166791
12152,5.955,7.784094299998703,-1.8290943762926481
7416,3.22,5.051431187475473,-1.8314311588652439
2210,1.84,3.6714749079922306,-1.8314748746136296
15960,39.13,40.96884071320915,-1.8388396450939126
42647,0.0,1.8395679514690344,-1.8395679514690344
3133,0.0,1.8414068910425019,-1.8414068910425019
3133,0.0,1.8414068910425019,-1.8414068910425019
53234,99.75,101.59823949114269,-1.8482394911426923
53651,110.583,112.43428590103225,-1.8512857179267854
14839,5.2,7.051325711203852,-1.851325901938715
14585,14.3775,16.231023736613114,-1.8535241562298133
12206,1.7,3.554681053314646,-1.8546810056309302
12206,1.7,3.554681053314646,-1.8546810056309302
18551,10.0,11.85744006256594,-1.8574400625659404
17104,10.225,12.083384044584836,-1.8583836631151094
93608,52.15,54.00984954428346,-1.8598480184045556
44182,65.0,66.86000540657523,-1.860005406575226
5447,2.795,4.658557203707558,-1.8635571274136131
71224,67.66,69.53177877239092,-1.871775110281547
9666,13.95,15.822944010770948,-1.8729442015058115
7079,6.93,8.803298265499503,-1.87329843716088
36562,95.67,97.54477160197824,-1.874773433032928
33167,31.275,33.15101830332779,-1.8760186847975149
101555,75.0,76.8793916439436,-1.879391643943606
37800,61.43,63.31257688081704,-1.8825765756412594
68203,7.27,9.157118375556369,-1.887118394629855
179167,72.7,74.59056572612883,-1.8905687778866422
22949,2.2,4.092990656883649,-1.8929906091999333
387638,60.8161,62.709790158800075,-1.8936890845813252
9045,13.3645,15.259015798018302,-1.8945157522419347
389641,125.0,126.89749329657388,-1.8974932965738844
30160,41.5,43.398355647414725,-1.898355647414725
18432,29.22,31.118931138238125,-1.8989318248836327
14973,5.178,7.07711333190781,-1.8991133586106912
47578,23.55,25.449398313155275,-1.8993990760947277
20864,4.8,6.704201026367895,-1.9042008356330316
22000,59.26,61.16436187749794,-1.9043635559647356
28590,101.667,103.57175092341164,-1.9047511065171108
42028,25.392,27.303172086076124,-1.9111718877118662
84346,78.7775,80.68991739838278,-1.91242106049215
6625,3.4,5.3125458559730445,-1.9125457606056129
9552,4.525,6.438042867813957,-1.9130427724465253
10559,18.43,20.34537377089695,-1.9153734657211672
42942,156.25,158.16776754912098,-1.9177675491209811
9788,12.39,14.310098695307707,-1.9200983519849526
12088,1.6,3.5213626383223864,-1.9213626144805285
1536,6.0,7.92284503604208,-1.9228450360420801
18474,6.5,8.427080509688045,-1.9270805096880448
18474,6.5,8.427080509688045,-1.9270805096880448
18474,6.5,8.427080509688045,-1.9270805096880448
50020,29.0,30.92727077113561,-1.9272707711356105
21469,38.0112,39.94433602651463,-1.9331360753427518
5000,3.6,5.536006195723891,-1.9360062910913225
9226,14.09,16.03464703400734,-1.9446468814194482
5033,9.32,11.264906586152822,-1.9449068913286034
39538,24.975,26.920299389904763,-1.9452990084350361
16000,42.72,44.6661144648601,-1.946113244156976
34758,21.0,22.946292666346395,-1.9462926663463946
10000,3.84,5.787494157409733,-1.9474942432404214
21582,12.6875,14.638583031003636,-1.9510830310036358
15000,26.27,28.223181404049452,-1.95318094628578
12945,8.69,10.645731462290515,-1.955731881907214
13789,2.6,4.562136237427859,-1.962136332795291
9552,4.475,6.438042867813957,-1.9630429631813886
11419,2.0,3.964827332233646,-1.964827332233646
128044,115.183,117.1487416644861,-1.9657430072595332
57100,40.8,42.771477017837995,-1.9714777807774482
71224,67.56,69.53177877239092,-1.971781213797172
5000,3.56,5.536006195723891,-1.9760062529443498
17050,5.5,7.478381880674676,-1.978381880674676
77700,69.64,71.61951473544303,-1.9795153457945958
18277,10.425,12.405785971426027,-1.9807857806911642
801,0.88,2.8638029759508132,-1.9838029807191848
23549,15.88,17.864353116853138,-1.9843530024122202
12750,10.47,12.455114987153234,-1.9851147201244252
96336,15.175,17.166916002024095,-1.991915811289232
22949,2.1,4.092990656883649,-1.9929907522510808
22949,2.1,4.092990656883649,-1.9929907522510808
46230,32.0,33.994873421229734,-1.9948734212297339
49388,19.0,20.995934890761713,-1.9959348907617134
49388,19.0,20.995934890761713,-1.9959348907617134
17132,13.22,15.217421979690537,-1.997421712661728
19823,120.0,122.00064198061145,-2.000641980611448
86091,324.25,326.25192767266293,-2.00192767266293
7079,6.8,8.803298265499503,-2.00329807476464
10800,18.1667,20.170196781999223,-2.0034964188400437
68203,7.15,9.157118375556369,-2.007118280188937
15715,2.2,4.208549980487367,-2.0085499328036516
15715,2.2,4.208549980487367,-2.0085499328036516
41241,31.0,33.01440978901789,-2.01440978901789
4848,6.1667,8.183352334477739,-2.0166524481557175
14744,14.55,16.56694627468606,-2.016946083951197
72193,112.46,114.48018878073024,-2.0201896962575887
12088,1.5,3.5213626383223864,-2.0213626383223864
26926,16.909,18.93111771226888,-2.0221173155403633
21469,37.9198,39.94433602651463,-2.024536221827127
15420,20.16,22.184755093180282,-2.024755245768173
83800,127.56,129.58576344164652,-2.0257658830527703
24456,100.473,102.49922772539561,-2.026228152641707
10346,10.5,12.526344591645675,-2.0263445916456746
5630,9.1667,11.196253706585187,-2.0295533434260076
156483,533.623,535.6525644701712,-2.029578630327478
11329,9.1,11.129841220967467,-2.0298408394977407
157545,179.984,182.01542427431616,-2.031430744042723
6625,3.28,5.3125458559730445,-2.032545884583274
214505,785.575,787.6107948569525,-2.0357826499212024
11350,11.5,13.53709596314223,-2.03709596314223
11350,11.5,13.53709596314223,-2.03709596314223
11350,11.5,13.53709596314223,-2.03709596314223
14973,5.04,7.07711333190781,-2.037113370054783
2260,8.061,10.09967349401458,-2.0386736237142866
17077,39.0,41.03909480832238,-2.039094808322382
9703,6.64,8.68088332404451,-2.0408834575589143
15326,8.0,10.04102966568041,-2.0410296656804103
15326,8.0,10.04102966568041,-2.0410296656804103
7079,6.76,8.803298265499503,-2.043298036617667
47578,23.404,25.449398313155275,-2.0453989845419933
11442,13.19,15.243184887108114,-2.0531853067248136
2260,8.044,10.09967349401458,-2.0556738220785444
32841,21.44,23.50081991584786,-2.0608193817902425
5033,9.2,11.264906586152822,-2.0649067768876854
31415,5.6,7.665836623181032,-2.0658367185484634
35605,84.3101,86.37710753881348,-2.06701079809082
40531,50.53,52.5972738210826,-2.0672750417857273
10000,3.72,5.787494157409733,-2.0674941287995035
12045,2.9,4.968086353783681,-2.0680862584162494
24463,31.0,33.068301484688234,-2.0683014846882344
283,5.7335,7.805156831995399,-2.0716568281807017
17262,41.47,43.544754865063304,-2.074753644360179
19429,9.0,11.075588572988739,-2.075588572988739
71806,38.4825,40.56042857818917,-2.077930409243855
39649,53.0,55.08275783177581,-2.082757831775808
39649,53.0,55.08275783177581,-2.082757831775808
163959,139.71,141.79413811125335,-2.084131397386159
53651,110.35,112.43428590103225,-2.0842874269111604
10873,13.65,15.73855929112631,-2.088559672596036
130581,124.25,126.33973507717745,-2.089735077177451
10174,18.3333,20.42422967790555,-2.0909300410647305
10174,18.3333,20.42422967790555,-2.0909300410647305
5013,9.46,11.552095354197538,-2.0920953160505658
17262,41.45,43.544754865063304,-2.0947541021238507
10385,9.269,11.363780896302181,-2.0947808428964194
71088,133.0,135.09937514591948,-2.099375145919481
21618,5.9,8.001286135399727,-2.1012860400322957
20864,4.6,6.704201026367895,-2.1042011217353265
14025,3.0,5.106769882435634,-2.106769882435634
39788,18.5,20.60702695546327,-2.107026955463269
46204,95.0,97.10717844999947,-2.1071784499994664
10559,18.238,20.34537377089695,-2.107372901145972
9849,2.8,4.908479124607517,-2.108479172291233
9849,2.8,4.908479124607517,-2.108479172291233
9849,2.8,4.908479124607517,-2.108479172291233
1962,1.28,3.3886747234159116,-2.108674752026141
11464,1.8,3.9117812684202,-2.1117813161039156
3729,2.0833,4.19842288616139,-2.115122772483412
14842,24.46,26.578414926634537,-2.1184158421618804
9726,4.39,6.5086050235065445,-2.1186051570209488
39538,24.8,26.920299389904763,-2.120300152844216
42028,25.182,27.303172086076124,-2.1211728795331553
37800,61.19,63.31257688081704,-2.1225782541080562
50577,48.625,50.74940251520265,-2.1244025152026467
12750,10.33,12.455114987153234,-2.125115063447179
373416,115.0,117.12672910456456,-2.1267291045645607
4583,14.32,16.451960637272258,-2.131960942448039
9552,4.3,6.438042867813957,-2.1380426770790937
11329,8.99,11.129841220967467,-2.1398414498493032
7416,2.91,5.051431187475473,-2.141431101644785
58703,74.627,76.76906599693291,-2.1420670955657215
20291,11.475,13.617885556631236,-2.14288517516151
801,0.72,2.8638029759508132,-2.1438029473405837
4314,1.67,3.813897648232566,-2.1438976911479104
4314,1.67,3.813897648232566,-2.1438976911479104
4000,3.41,5.5542002108644235,-2.144200125033735
66187,33.0,35.145718577631136,-2.1457185776311363
3267,27.88,30.0276103070647,-2.1476111462980967
30160,41.25,43.398355647414725,-2.148355647414725
56343,39.9445,42.09325166470583,-2.1487516952234103
30300,5.3,7.449639896848932,-2.149639706114069
2067,1.48,3.6327270441033597,-2.1527270250298733
15574,13.7,15.853389653259601,-2.1533898439944643
12206,1.4,3.554681053314646,-2.154681077156504
3729,2.0417,4.19842288616139,-2.156722999839369
7732,12.91,15.0691541903668,-2.1591543429546913
105612,103.1,105.2655535216568,-2.1655550475357046
31415,5.5,7.665836623181032,-2.1658366231810318
36307,13.33,15.495849392557458,-2.1658494688514036
12045,2.8,4.968086353783681,-2.168086401467397
12045,2.8,4.968086353783681,-2.168086401467397
10800,18.0,20.170196781999223,-2.1701967819992234
122592,266.44,268.61191640810665,-2.1719139667004015
15786,10.28,12.453619575814807,-2.1736198428436158
19429,8.9,11.075588572988739,-2.1755889544584655
15414,7.505,9.683713756048533,-2.178713641607615
755,3.3333,5.513714139518147,-2.180414025840168
755,3.3333,5.513714139518147,-2.180414025840168
1962,1.2,3.3886747234159116,-2.1886746757321958
22949,1.9,4.092990656883649,-2.192990680725507
87107,78.97,81.16352436501019,-2.193523144307065
4298,2.825,5.020429108529635,-2.1954290608459193
9894,18.5833,20.781103170505027,-2.1978035336642066
68146,181.904,184.10223428377452,-2.198227325766709
3729,2.0,4.19842288616139,-2.1984228861613904
40142,193.75,195.9503806263049,-2.2003806263049057
5013,9.35,11.552095354197538,-2.202094972727812
11274,21.12,23.325137335591627,-2.2051364963582287
14025,2.9,5.106769882435634,-2.206769787068202
7820,15.3333,17.541441022185005,-2.2081413853441845
9849,2.7,4.908479124607517,-2.208479076923801
15715,2.0,4.208549980487367,-2.2085499804873674
218024,185.0,187.21198291919106,-2.2119829191910583
8773,1.53,3.7485298276742935,-2.218529856284523
14524,4.5,6.719791612028279,-2.2197916120282786
56569,27.258,29.47818356152074,-2.220184141354725
9703,6.46,8.68088332404451,-2.2208832858975374
88480,132.0,134.2215673236592,-2.221567323659201
6203,6.86,9.08222621281136,-2.2222260792969557
7079,6.58,8.803298265499503,-2.2232983417934484
14790,0.0,2.226044409959384,-2.226044409959384
14790,0.0,2.226044409959384,-2.226044409959384
88480,131.995,134.2215673236592,-2.226572206471701
1760,15.55,17.77692946346299,-2.2269292727281282
61756,71.0,73.23098679483137,-2.2309867948313666
4925,5.08,7.311172108858381,-2.2311721851523263
109263,133.69,135.92494486404087,-2.2349424226346173
9894,18.5417,20.781103170505027,-2.239402807345847
9894,18.5417,20.781103170505027,-2.239402807345847
230259,202.4,204.64542960102528,-2.2454357045409097
11227,4.0,6.247088516761235,-2.2470885167612353
11227,4.0,6.247088516761235,-2.2470885167612353
68146,181.854,184.10223428377452,-2.2482303775245214
45017,138.59,140.83824001532818,-2.248243677437557
21582,12.39,14.638583031003636,-2.248582687680882
17220,40.875,43.124059381666974,-2.2490593816669744
26372,66.335,68.58564499375102,-2.2506459092783615
9226,13.78,16.03464703400734,-2.2546473010361474
12206,1.3,3.554681053314646,-2.254681100998362
12206,1.3,3.554681053314646,-2.254681100998362
38598,63.0,65.25679238145119,-2.2567923814511914
17104,9.825,12.083384044584836,-2.2583842353196992
47398,64.9,67.15849968605485,-2.2584981601759466
18432,28.86,31.118931138238125,-2.2589305278865623
35354,55.25,57.51138903515408,-2.2613890351540817
13789,2.3,4.562136237427859,-2.262136285111575
12045,2.7,4.968086353783681,-2.268086306099965
4650,1.5,3.7694782963457207,-2.2694782963457207
4650,1.5,3.7694782963457207,-2.2694782963457207
4650,1.5,3.7694782963457207,-2.2694782963457207
4650,1.5,3.7694782963457207,-2.2694782963457207
14839,4.78,7.051325711203852,-2.271325501395502
60621,58.0,60.271564641784515,-2.271564641784515
60621,58.0,60.271564641784515,-2.271564641784515
2067,1.36,3.6327270441033597,-2.272727029798245
45548,55.87,58.14312338810224,-2.2731244562174737
18697,4.722,6.996840298563264,-2.274840176492951
77632,125.0,127.27497983577194,-2.274979835771944
8773,1.47,3.7485298276742935,-2.278529799064064
78002,67.0,69.28606645041513,-2.2860664504151345
12259,0.5833,2.8721874890260097,-2.2888874945573208
72958,46.0,48.289918767259365,-2.2899187672593655
72958,46.0,48.289918767259365,-2.2899187672593655
15326,7.75,10.04102966568041,-2.2910296656804103
10151,15.82,18.116224386993043,-2.296224692168824
19619,5.675,7.971507880292552,-2.2965076895576884
49108,34.56,36.85753784242459,-2.2975364691335756
15269,22.131,24.433380997928335,-2.302380479129507
15786,10.15,12.453619575814807,-2.3036199572845337
20864,4.4,6.704201026367895,-2.304200931000463
16135,18.0,20.306355053971384,-2.3063550539713837
14025,2.8,5.106769882435634,-2.3067699301193496
9111,8.825,11.132689972662172,-2.3076901633970355
53194,10.675,12.984236452706801,-2.3092362619719378
30401,10.75,13.060812548531397,-2.3108125485313966
30401,10.75,13.060812548531397,-2.3108125485313966
56137,40.0,42.3111057578752,-2.311105757875197
11464,1.6,3.9117812684202,-2.311781244578342
11464,1.6,3.9117812684202,-2.311781244578342
24979,64.0,66.31226104853744,-2.3122610485374366
6625,3.0,5.3125458559730445,-2.3125458559730445
16351,12.6,14.91415960726085,-2.3141592257911228
48881,32.275,34.59207434655215,-2.3170728206732463
4000,3.23,5.5542002108644235,-2.324200191790937
33167,30.825,33.15101830332779,-2.326017540388335
5682,2.0,4.329220607325177,-2.329220607325177
5682,2.0,4.329220607325177,-2.329220607325177
5682,2.0,4.329220607325177,-2.329220607325177
5682,2.0,4.329220607325177,-2.329220607325177
5682,2.0,4.329220607325177,-2.329220607325177
5682,2.0,4.329220607325177,-2.329220607325177
5682,2.0,4.329220607325177,-2.329220607325177
55240,26.0,28.330590435648272,-2.330590435648272
55240,26.0,28.330590435648272,-2.330590435648272
68203,6.82,9.157118375556369,-2.337118203894992
116121,437.1,439.4376124274744,-2.3376063239587666
15879,16.6667,19.004714146124897,-2.3380137829657173
21582,12.3,14.638583031003636,-2.3385828402687725
9062,10.81,13.151898070732997,-2.341897651116298
89315,25.51,27.85605975612943,-2.3460595272475935
30300,5.1,7.449639896848932,-2.349639992216364
33167,30.8,33.15101830332779,-2.3510190662672414
62200,67.41,69.76159670313844,-2.351593041029062
56629,82.25,84.602373841273,-2.352373841273007
12206,1.2,3.554681053314646,-2.35468100563093
31614,12.0,14.355366460165289,-2.355366460165289
31614,12.0,14.355366460165289,-2.355366460165289
114166,162.39,164.74919753445585,-2.359198144807408
13789,2.2,4.562136237427859,-2.3621361897441435
22201,4.775,7.13736241381075,-2.362362318443318
6392,13.3333,15.698659560228386,-2.3653599233875653
6392,13.3333,15.698659560228386,-2.3653599233875653
31316,20.3,22.667616655478536,-2.3676174184179892
12045,2.6,4.968086353783681,-2.3680864491511127
18342,9.725,12.0933025056902,-2.368302124220474
4650,1.4,3.7694782963457207,-2.3694783201875786
4650,1.4,3.7694782963457207,-2.3694783201875786
4650,1.4,3.7694782963457207,-2.3694783201875786
7636,21.22,23.589878385380086,-2.3698790720255936
387638,60.3383,62.709790158800075,-2.3714913611926534
387638,60.3383,62.709790158800075,-2.3714913611926534
5013,9.18,11.552095354197538,-2.372095049021757
106440,145.54,147.91245423464196,-2.3724609485091435
7820,15.1667,17.541441022185005,-2.374740659025825
68203,6.78,9.157118375556369,-2.377118165748019
26507,56.8333,59.21928039186098,-2.385978847671524
1396,4.63,7.017108611653998,-2.38710849721308
2067,1.24,3.6327270441033597,-2.3927270345666165
22949,1.7,4.092990656883649,-2.3929906091999333
22949,1.7,4.092990656883649,-2.3929906091999333
26926,16.538,18.93111771226888,-2.3931176054573555
15960,38.57,40.96884071320915,-2.3988410183849282
68030,70.0,72.39935889790297,-2.399358897902971
42731,283.399,285.8014530234961,-2.4024662070898444
387,13.8052,16.20780975712672,-2.4026101340188113
16500,81.19,83.5948751998898,-2.404872758483549
14025,2.7,5.106769882435634,-2.406769834751918
49108,34.45,36.85753784242459,-2.407537079485138
15715,1.8,4.208549980487367,-2.408550028171083
15715,1.8,4.208549980487367,-2.408550028171083
15715,1.8,4.208549980487367,-2.408550028171083
15715,1.8,4.208549980487367,-2.408550028171083
21168,28.15,30.55925140608615,-2.4092517875558777
1566,3.3333,5.743046954061586,-2.4097468403836073
5680,5.0,7.411615926602808,-2.411615926602808
5680,5.0,7.411615926602808,-2.411615926602808
11464,1.5,3.9117812684202,-2.4117812684202
11464,1.5,3.9117812684202,-2.4117812684202
57274,43.56,45.97178662242205,-2.411785249131036
71100,13.23,15.643239961353343,-2.413240419117015
89456,137.0,139.4143177820109,-2.4143177820108974
11900,35.05,37.4657365711648,-2.41573733410425
17879,61.5333,63.95125618590682,-2.4179576934751807
42028,24.88,27.303172086076124,-2.4231729253095224
10174,18.0,20.42422967790555,-2.4242296779055508
33215,53.357,55.78161488924037,-2.4246164456368575
15420,19.76,22.184755093180282,-2.424754864298446
50020,28.5,30.92727077113561,-2.4272707711356105
4314,1.38,3.813897648232566,-2.4338976530009377
78550,19.01,21.444047625618218,-2.434047396736382
240026,162.8,165.23582793875096,-2.435824886993146
11329,8.69,11.129841220967467,-2.4398416405841665
7072,2.9,5.340218199205522,-2.440218103838091
20372,9.0,11.44082890127547,-2.44082890127547
20372,9.0,11.44082890127547,-2.44082890127547
20372,9.0,11.44082890127547,-2.44082890127547
97838,474.0,476.4430724593413,-2.4430724593412947
20917,20.0,22.44688448462924,-2.4468844846292406
30300,5.0,7.449639896848932,-2.4496398968489324
30300,5.0,7.449639896848932,-2.4496398968489324
40697,22.0,24.450107735374672,-2.4501077353746723
20986,17.0,19.452100858827336,-2.452100858827336
20986,17.0,19.452100858827336,-2.452100858827336
118966,120.31,122.76227916901412,-2.4522816104203713
5380,4.1667,6.623953369010812,-2.457253482688791
5380,4.1667,6.623953369010812,-2.457253482688791
5380,4.1667,6.623953369010812,-2.457253482688791
34875,11.975,14.432802696542378,-2.4578023150726516
40000,63.67,66.12854632382484,-2.458548154879523
116249,463.998,466.4584176534003,-2.4604318135565677
13789,2.1,4.562136237427859,-2.462136332795291
48392,227.292,229.75574595331832,-2.4637385070292623
32206,27.7937,30.258118992700023,-2.464419728173656
96336,14.7,17.166916002024095,-2.4669161927589585
12045,2.5,4.968086353783681,-2.468086353783681
4650,1.3,3.7694782963457207,-2.4694783440294366
14524,4.25,6.719791612028279,-2.4697916120282786
14524,4.25,6.719791612028279,-2.4697916120282786
14524,4.25,6.719791612028279,-2.4697916120282786
14524,4.25,6.719791612028279,-2.4697916120282786
14524,4.2497,6.719791612028279,-2.4700915426007883
43681,141.19,143.66093006200165,-2.470927620595404
15000,25.75,28.223181404049452,-2.473181404049452
19429,8.6,11.075588572988739,-2.4755881915190123
15120,12.3333,14.809838501619142,-2.4765388647783215
17050,5.0,7.478381880674676,-2.478381880674676
17050,5.0,7.478381880674676,-2.478381880674676
7732,12.59,15.0691541903668,-2.47915403777891
356,0.875,3.355924715188924,-2.480924715188924
54405,15.0,17.483359879608244,-2.483359879608244
144086,54.49,56.97404150683351,-2.4840398283667113
14519,22.97,25.455705174679938,-2.485705861325446
3267,27.54,30.0276103070647,-2.4876093915373545
8773,1.26,3.7485298276742935,-2.4885298372110367
205141,204.0,206.49000208006953,-2.49000208006953
72102,102.48,104.97293986818634,-2.4929365112527506
22949,1.6,4.092990656883649,-2.4929906330417912
22949,1.6,4.092990656883649,-2.4929906330417912
45348,33.5,35.993275975793495,-2.4932759757934946
3907,5.28,7.773741204075227,-2.4937409942668776
49388,18.5,20.995934890761713,-2.4959348907617134
89315,25.36,27.85605975612943,-2.496059145777867
82670,144.681,147.17730547335685,-2.496305717497478
7589,0.0571,2.5534769713934726,-2.4963769696708984
23432,50.1625,52.65943805968158,-2.496939585560483
9303,24.1667,26.667052539014318,-2.500352175855138
15913,34.08,36.58207433605272,-2.502072504998033
9849,2.4,4.908479124607517,-2.5084790292400854
15715,1.7,4.208549980487367,-2.5085499328036516
8073,5.3125,7.821395810940874,-2.5088958109408743
6625,2.8,5.3125458559730445,-2.5125459036567603
23012,6.7,9.212655960348595,-2.5126561510834584
33148,75.525,78.03766971688533,-2.5126681910064264
39807,26.13,28.646733807880572,-2.516734647113971
68203,6.64,9.157118375556369,-2.517118509070773
13728,17.61,20.13115403676618,-2.5211534264146174
4276,8.3333,10.855033919681778,-2.521734282840958
4276,8.3333,10.855033919681778,-2.521734282840958
4276,8.3333,10.855033919681778,-2.521734282840958
4276,8.3333,10.855033919681778,-2.521734282840958
4276,8.3333,10.855033919681778,-2.521734282840958
4276,8.3333,10.855033919681778,-2.521734282840958
10346,10.0,12.526344591645675,-2.5263445916456746
10346,10.0,12.526344591645675,-2.5263445916456746
10346,10.0,12.526344591645675,-2.5263445916456746
43143,21.6263,24.155083649438474,-2.528782837670896
43143,21.6263,24.155083649438474,-2.528782837670896
162549,117.691,120.2215696136214,-2.530567721531554
7079,6.27,8.803298265499503,-2.5332982845729894
12773,9.05,11.583591724280815,-2.533591533545952
29916,56.08,58.61776458479062,-2.537762753735933
8000,17.38,19.91876652518705,-2.5387673644204476
7072,2.8,5.340218199205522,-2.5402182468892383
4934,28.3333,30.873566240225042,-2.5402666033842216
144000,63.61,66.1521936565581,-2.5421930462065347
45086,25.0,27.544218091023907,-2.5442180910239074
23549,15.32,17.864353116853138,-2.5443534220289195
1858,9.77,12.314679675683,-2.5446792179193274
4336,1.92,4.469772306554121,-2.549772349469465
2210,1.12,3.6714749079922306,-2.551474903223859
4773,17.55,20.101508729557995,-2.5515094924974484
10385,8.808,11.363780896302181,-2.5557812854013022
30401,10.5,13.060812548531397,-2.5608125485313966
66794,51.1273,53.68902530523555,-2.5617250427843814
9062,10.59,13.151898070732997,-2.5618979181451067
13789,2.0,4.562136237427859,-2.5621362374278593
40311,89.675,92.24145408899639,-2.566451037238579
12152,5.215,7.784094299998703,-2.569094147410812
24456,99.9268,102.49922772539561,-2.5724241365284257
21469,37.3716,39.94433602651463,-2.5727349217782987
19429,8.5,11.075588572988739,-2.575588572988739
1566,3.1667,5.743046954061586,-2.5763470677395643
65907,85.73,88.30872612779567,-2.578722770862072
206054,526.75,529.3317513697473,-2.5817513697472805
17220,40.5417,43.124059381666974,-2.5823609258564275
39541,21.59,24.176901575028438,-2.5869014224405475
8805,2.585,5.173483998605427,-2.588483960458454
9062,10.56,13.151898070732997,-2.591897651116298
30949,25.68,28.272343008128818,-2.5923427029530366
22949,1.5,4.092990656883649,-2.592990656883649
49492,22.2,24.794361941564418,-2.5943611786249647
32766,35.75,38.34689649346052,-2.5968964934605197
49384,52.3,54.89910428621494,-2.599105049154396
14025,2.5,5.106769882435634,-2.606769882435634
14025,2.5,5.106769882435634,-2.606769882435634
14025,2.5,5.106769882435634,-2.606769882435634
1396,4.41,7.017108611653998,-2.6071087642418886
10385,8.756,11.363780896302181,-2.6077813311776694
23549,15.25,17.864353116853138,-2.614353116853138
32256,61.599,64.2155734332177,-2.616574409780199
23432,50.0425,52.65943805968158,-2.6169385174452486
96612,79.0,81.61712504039397,-2.6171250403939723
43000,33.87,36.48892836439465,-2.618929432509887
19619,5.35,7.971507880292552,-2.6215079756599833
50577,48.125,50.74940251520265,-2.6244025152026467
15420,19.56,22.184755093180282,-2.6247556272378993
21618,5.375,8.001286135399727,-2.6262861353997273
10000,3.16,5.787494157409733,-2.6274940715790445
3877,20.71,23.342552253938575,-2.6325531694659183
214505,784.975,787.6107948569525,-2.6358192710149524
59900,56.48,59.117070439659265,-2.6370708974229373
69300,34.38,37.01725278198721,-2.6372517138719758
9726,3.87,6.5086050235065445,-2.6386051379474624
21892,28.12,30.75960088138099,-2.639600042147592
7072,2.7,5.340218199205522,-2.6402181515218066
157933,253.3,255.94139935814349,-2.6413963063856727
10873,13.09,15.73855929112631,-2.6485591385384186
15960,38.32,40.96884071320915,-2.6488410183849282
6944,18.12,20.771191659038372,-2.651190819804974
11442,12.59,15.243184887108114,-2.6531847345202237
20644,37.05,39.70322013848217,-2.6532209014216264
4314,1.16,3.813897648232566,-2.6538976816111672
17262,40.89,43.544754865063304,-2.6547554754148663
83919,60.0,62.65477586357784,-2.6547758635778393
18277,9.75,12.405785971426027,-2.6557859714260275
271492,71.874,74.53280512952514,-2.658804580208738
7732,12.41,15.0691541903668,-2.6591543429546913
13789,1.9,4.562136237427859,-2.6621362612697173
13789,1.9,4.562136237427859,-2.6621362612697173
26948,49.1301,51.79781984899732,-2.6677195987531803
12045,2.3,4.968086353783681,-2.668086401467397
12045,2.3,4.968086353783681,-2.668086401467397
27685,4.415,7.083905276802239,-2.6689053149492112
10800,17.5,20.170196781999223,-2.6701967819992234
122592,265.94,268.61191640810665,-2.6719139667004015
66794,51.0168,53.68902530523555,-2.6722253784777408
8726,8.08,10.75529017489369,-2.6752902511876346
33167,30.475,33.15101830332779,-2.6760179218580618
35829,46.291,48.9707919912352,-2.679791625024265
84688,28.0,30.690212003395924,-2.6902120033959243
393530,537.0,539.6929860816812,-2.6929860816811697
22949,1.4,4.092990656883649,-2.692990680725507
50846,30.0,32.694485144086485,-2.694485144086485
12777,4.3,6.994928799878786,-2.694928609143923
11910,18.75,21.445607696691635,-2.695607696691635
6400,31.29,33.986208185075256,-2.6962072695479122
39988,70.971,73.67141670239164,-2.70041603100492
801,0.16,2.8638029759508132,-2.703802979527092
5033,8.56,11.264906586152822,-2.704906166536123
14025,2.4,5.106769882435634,-2.706769787068202
14025,2.4,5.106769882435634,-2.706769787068202
14025,2.4,5.106769882435634,-2.706769787068202
23432,49.95,52.65943805968158,-2.7094372967421236
9703,5.97,8.68088332404451,-2.7108835338528596
11464,1.2,3.9117812684202,-2.711781220736484
21368,7.48,10.192747487574746,-2.7127474685012594
9666,13.11,15.822944010770948,-2.712944354093702
11524,4.75,7.463364473628394,-2.7133644736283937
14519,22.74,25.455705174679938,-2.715705403561774
23533,10.085,12.80118417694109,-2.7161841387941177
45017,138.12,140.83824001532818,-2.718244898140682
14524,4.0,6.719791612028279,-2.7197916120282786
14524,4.0,6.719791612028279,-2.7197916120282786
14524,4.0,6.719791612028279,-2.7197916120282786
14524,4.0,6.719791612028279,-2.7197916120282786
15269,21.709,24.433380997928335,-2.7243813641392727
99700,119.54,122.26493246147383,-2.7249315459464896
193723,161.0,163.727659602302,-2.7276596023019977
7079,6.07,8.803298265499503,-2.733298093838126
8073,5.085,7.821395810940874,-2.7363957727939017
3729,1.4583,4.19842288616139,-2.7401228916927014
3729,1.4583,4.19842288616139,-2.7401228916927014
7072,2.6,5.340218199205522,-2.740218294572954
7072,2.6,5.340218199205522,-2.740218294572954
25866,3.9,6.6411748549670415,-2.74117475959961
1566,3.0,5.743046954061586,-2.743046954061586
801,0.12,2.8638029759508132,-2.7438029786330222
22000,58.42,61.16436187749794,-2.7443637085526262
49388,18.25,20.995934890761713,-2.7459348907617134
12316,14.94,17.686612558168754,-2.7466129777854533
41297,56.5,59.24677340909979,-2.746773409099788
30300,4.7,7.449639896848932,-2.7496400875837956
51622,101.32,104.07337745429024,-2.7533777594660194
8073,5.0675,7.821395810940874,-2.7538956964999564
71806,37.805,40.56042857818917,-2.7554282730133863
104667,80.9167,83.67276039191054,-2.756058121402731
5769,10.3,13.06112732257264,-2.7611271318377764
13789,1.8,4.562136237427859,-2.762136285111575
13789,1.8,4.562136237427859,-2.762136285111575
46204,94.3425,97.10717844999947,-2.7646796707025914
91363,306.544,309.3088858511139,-2.764879503457678
39541,21.41,24.176901575028438,-2.766901727616329
34819,18.0,20.768623528426907,-2.7686235284269074
34819,18.0,20.768623528426907,-2.7686235284269074
72800,73.08,75.8490683537759,-2.769066522721218
8051,7.44,10.215411283123336,-2.775411225902877
9726,3.73,6.5086050235065445,-2.778605004433058
10577,17.84,20.620677720729617,-2.7806775681417264
9894,18.0,20.781103170505027,-2.781103170505027
13728,17.35,20.13115403676618,-2.7811536552964533
12506,9.03,11.814164213119254,-2.7841644801480623
47007,38.4167,41.20119199898918,-2.784493543178634
37917,48.7812,51.566530785654486,-2.785330376718939
41302,14.875,17.661012010685784,-2.786012010685784
56637,107.5,110.28639682585973,-2.7863968258597254
83772,23.951,26.74168677724888,-2.790686563625833
15326,7.25,10.04102966568041,-2.7910296656804103
51622,101.28,104.07337745429024,-2.793378674993363
99541,91.425,94.22317074570154,-2.798167693943725
57274,43.17,45.97178662242205,-2.801788453476739
20864,3.9,6.704201026367895,-2.804200931000463
20864,3.9,6.704201026367895,-2.804200931000463
12750,9.65,12.455114987153234,-2.8051153686229604
14025,2.3,5.106769882435634,-2.8067699301193496
68203,6.35,9.157118375556369,-2.8071184709238004
49108,34.05,36.85753784242459,-2.8075386053640443
15715,1.4,4.208549980487367,-2.8085500043292253
15715,1.4,4.208549980487367,-2.8085500043292253
7732,12.26,15.0691541903668,-2.8091539614849648
51999,55.62,58.42967347012043,-2.8096745382356616
18202,5.366,8.176828465804174,-2.8108282903281
30000,15.59,18.401750384897426,-2.811750232309535
9045,12.4465,15.259015798018302,-2.812515973494376
29149,8.1,10.91743338116423,-2.8174329996945033
9726,3.69,6.5086050235065445,-2.8186049662860855
14585,13.41,16.231023736613114,-2.8210238892010047
25609,50.2755,53.09767337235978,-2.822172121139076
11934,10.44,13.270097618252485,-2.8300980378691847
2210,0.84,3.6714749079922306,-2.8314749342182743
19823,119.167,122.00064198061145,-2.8336421637169167
46981,125.3,128.13481049414315,-2.8348074423853404
89858,57.666,60.5010461969114,-2.835045830700466
12945,7.81,10.645731462290515,-2.835731519510974
23012,6.375,9.212655960348595,-2.837655960348595
11524,4.625,7.463364473628394,-2.8383644736283937
61439,22.5,25.338672833840796,-2.8386728338407963
7072,2.5,5.340218199205522,-2.8402181992055224
31415,4.825,7.665836623181032,-2.840836813915895
25866,3.8,6.6411748549670415,-2.8411749026507573
17709,28.22,31.064765207702916,-2.8447658943484235
36562,94.7,97.54477160197824,-2.844774653736053
33530,12.6325,15.48006783387146,-2.847568139047242
4314,0.96,3.813897648232566,-2.8538976696902383
18551,9.0,11.85744006256594,-2.8574400625659404
15574,12.99,15.853389653259601,-2.863389882141437
61439,22.475,25.338672833840796,-2.8636724523710697
15420,19.32,22.184755093180282,-2.8647553983560634
31415,4.8,7.665836623181032,-2.8658364324461685
23903,34.301,37.16730312616275,-2.8663044384186094
7481,7.67,10.536914172071446,-2.866914095777501
13044,20.62,23.487326016666042,-2.867325177432644
10000,2.92,5.787494157409733,-2.8674940811157876
12045,2.1,4.968086353783681,-2.8680864491511127
66600,62.54,65.40980640194115,-2.86980548641381
15786,9.58,12.453619575814807,-2.8736196521087525
140488,155.7,158.57395552225643,-2.873958574014239
17262,40.67,43.544754865063304,-2.8747566961179913
17050,4.6,7.478381880674676,-2.8783819760421077
1858,9.43,12.314679675683,-2.884679370507218
8637,50.05,52.93587688508586,-2.885877648025314
1396,4.13,7.017108611653998,-2.88710849721308
15574,12.96,15.853389653259601,-2.8933896151126284
14269,28.29,31.184082246241424,-2.89408133071408
18202,5.28,8.176828465804174,-2.8968282559958247
8925,17.01,19.907175776129005,-2.897175547247169
389641,124.0,126.89749329657388,-2.8974932965738844
10385,8.461,11.363780896302181,-2.9027804537972983
20864,3.8,6.704201026367895,-2.9042010740516107
35465,39.87,42.77485475676939,-2.9048558248846277
72958,45.385,48.289918767259365,-2.9049204457261624
6431,15.09,17.996440658666852,-2.9064405060789618
14025,2.2,5.106769882435634,-2.906769834751918
15269,21.524,24.433380997928335,-2.9093808300816555
155682,123.05,125.95948568358907,-2.9094826318312528
1566,2.8333,5.743046954061586,-2.9097468403836073
1566,2.8333,5.743046954061586,-2.9097468403836073
2210,0.76,3.6714749079922306,-2.911474917528974
10334,10.91,13.823979355530275,-2.9139795081181656
7732,12.15,15.0691541903668,-2.9191545718365273
8079,7.92,10.842593343773954,-2.922593267480009
8079,7.92,10.842593343773954,-2.922593267480009
2070,0.0,2.924220021601061,-2.924220021601061
2070,0.0,2.924220021601061,-2.924220021601061
2070,0.0,2.924220021601061,-2.924220021601061
2070,0.0,2.924220021601061,-2.924220021601061
2070,0.0,2.924220021601061,-2.924220021601061
2070,0.0,2.924220021601061,-2.924220021601061
2070,0.0,2.924220021601061,-2.924220021601061
2070,0.0,2.924220021601061,-2.924220021601061
2070,0.0,2.924220021601061,-2.924220021601061
2070,0.0,2.924220021601061,-2.924220021601061
2070,0.0,2.924220021601061,-2.924220021601061
2070,0.0,2.924220021601061,-2.924220021601061
10174,17.5,20.42422967790555,-2.9242296779055508
50020,28.0,30.92727077113561,-2.9272707711356105
237546,476.007,478.93568516009276,-2.928696634702135
121440,123.24,126.17316841314133,-2.9331705493717948
155882,357.28,360.2133095557216,-2.933310776424719
12506,8.88,11.814164213119254,-2.9341640986783357
48300,62.5,65.43707293693117,-2.937072936931173
16351,11.975,14.91415960726085,-2.9391592257911228
7072,2.4,5.340218199205522,-2.940218103838091
28084,36.5,39.441034602624484,-2.941034602624484
25866,3.7,6.6411748549670415,-2.9411748072833257
34758,20.0,22.946292666346395,-2.9462926663463946
34758,20.0,22.946292666346395,-2.9462926663463946
34758,20.0,22.946292666346395,-2.9462926663463946
34758,20.0,22.946292666346395,-2.9462926663463946
28191,5.3,8.248654018671253,-2.94865382793639
129707,78.0,80.95997769504783,-2.959977695047826
35990,183.483,186.44576044651237,-2.9627587375279916
193800,193.52,196.48379335704252,-2.9637890845815775
4581,4.52,7.484612987329101,-2.9646130064025877
27685,4.114,7.083905276802239,-2.9699054332048265
9703,5.71,8.68088332404451,-2.9708832858975374
4925,4.34,7.311172108858381,-2.9711719562704904
4581,4.51,7.484612987329101,-2.9746127584472655
17050,4.5,7.478381880674676,-2.978381880674676
70042,206.567,209.54633916512242,-2.979337822348981
56569,26.495,29.47818356152074,-2.983182722287342
19041,6.8,9.783589393042947,-2.9835892023080834
15414,6.698,9.683713756048533,-2.9857138018249003
33148,75.05,78.03766971688533,-2.98766666512752
8805,2.185,5.173483998605427,-2.988484055825886
9062,10.16,13.151898070732997,-2.991898223320888
15950,22.02,25.01212443587843,-2.9921239781147584
6625,2.32,5.3125458559730445,-2.9925459227302467
18342,9.1,12.0933025056902,-2.993302124220474
49662,188.13,191.1247216399038,-2.994716757091311
46230,31.0,33.994873421229734,-2.994873421229734
46230,31.0,33.994873421229734,-2.994873421229734
33530,12.485,15.48006783387146,-2.9950681771942147
49388,18.0,20.995934890761713,-2.9959348907617134
46204,94.11,97.10717844999947,-2.997177839647904
53651,109.433,112.43428590103225,-3.0012872438056917
4000,2.55,5.5542002108644235,-3.0042002585481393
28363,6.4,9.410502620812421,-3.0105025254449895
101400,104.07,107.08104859584117,-3.0110489010169488
14125,19.76,22.775488655544972,-3.0154884266631363
23153,9.7,12.71664711544531,-3.0166473061801735
35829,45.953,48.9707919912352,-3.017792876244968
51176,34.54,37.55825024664037,-3.018249331113026
9726,3.49,6.5086050235065445,-3.0186050139698013
12750,9.43,12.455114987153234,-3.0251146819774526
23903,34.14,37.16730312616275,-3.0273037365143125
3907,4.735,7.773741204075227,-3.038741070560823
16351,11.875,14.91415960726085,-3.0391596072608493
21600,28.14,31.179455074209844,-3.039455684561407
11934,10.23,13.270097618252485,-3.0400980760161573
7072,2.3,5.340218199205522,-3.0402182468892383
7072,2.3,5.340218199205522,-3.0402182468892383
15326,7.0,10.04102966568041,-3.0410296656804103
15326,7.0,10.04102966568041,-3.0410296656804103
14744,13.525,16.56694627468606,-3.041946656155787
19876,11.5,14.542466091451235,-3.042466091451235
118231,129.875,132.91861146658698,-3.043611466586981
54172,68.0,71.0443150955931,-3.044315095593106
13939,4.2,7.248296579687987,-3.0482967704228505
9726,3.46,6.5086050235065445,-3.048604985359572
28191,5.2,8.248654018671253,-3.0486542094061164
40611,29.0,32.049296199288236,-3.0492961992882357
33167,30.1,33.15101830332779,-3.0510179218580618
10103,16.13,19.18115389355727,-3.0511547327906676
76153,82.65,85.70283980466698,-3.052838278788073
11442,12.19,15.243184887108114,-3.0531853067248136
25609,50.0444,53.09767337235978,-3.0532741108851695
27685,4.028,7.083905276802239,-3.055905398872551
44784,22.0,25.05864789080191,-3.058647890801911
44784,22.0,25.05864789080191,-3.058647890801911
44784,22.0,25.05864789080191,-3.058647890801911
34171,35.29,38.35095066376559,-3.0609497482382437
4581,4.42,7.484612987329101,-3.064612911035156
50493,27.0275,30.09239810014734,-3.064897947559448
157933,252.875,255.94139935814349,-3.066399358143485
12045,1.9,4.968086353783681,-3.068086377625539
8773,0.68,3.7485298276742935,-3.068529820521736
58196,81.4085,84.47783244042338,-3.0693317690366655
6625,2.24,5.3125458559730445,-3.0725458464363014
11442,12.17,15.243184887108114,-3.073184810814169
36307,12.42,15.495849392557458,-3.075849316263513
39649,52.0,55.08275783177581,-3.082757831775808
39649,52.0,55.08275783177581,-3.082757831775808
7079,5.72,8.803298265499503,-3.0832984753078527
9788,11.22,14.310098695307707,-3.090098428278898
14744,13.475,16.56694627468606,-3.0919458932163337
126077,86.0,89.0927707238692,-3.0927707238691937
27646,12.8,15.892940934549317,-3.092940743814454
134748,271.75,274.85263650688063,-3.1026365068806285
40706,19.0,22.10448978708124,-3.1044897870812385
56467,35.25,38.35536462510165,-3.1053646251016502
12316,14.58,17.686612558168754,-3.1066126344626994
39788,17.5,20.60702695546327,-3.107026955463269
23815,10.8328,13.949801778739879,-3.1170018672408553
8773,0.63,3.7485298276742935,-3.118529832442665
19619,4.85,7.971507880292552,-3.1215079756599833
122592,265.49,268.61191640810665,-3.1219261737316515
122592,265.49,268.61191640810665,-3.1219261737316515
5033,8.14,11.264906586152822,-3.1249062428300682
68701,45.3575,48.484194702905036,-3.1266965339597235
8773,0.62,3.7485298276742935,-3.128529822905922
87131,115.372,118.50223802419774,-3.1302363762485186
39648,29.0,32.130720848534395,-3.130720848534395
40629,5.35,8.48171411542149,-3.131714210788921
5013,8.42,11.552095354197538,-3.132095277903593
128536,172.0,175.13262337944073,-3.13262337944073
128536,172.0,175.13262337944073,-3.13262337944073
105500,94.8,97.93455912021871,-3.1345560684608955
17262,40.41,43.544754865063304,-3.1347550176511945
26495,0.0417,3.179630554201467,-3.137930552395446
70040,78.944,82.08388411923272,-3.139883875092096
3545,19.17,22.312161046531102,-3.142160970237157
18342,8.95,12.0933025056902,-3.1433026964250637
27685,3.937,7.083905276802239,-3.1469052405626146
49108,33.71,36.85753784242459,-3.147538757951935
13939,4.1,7.248296579687987,-3.148296675055419
43910,46.9087,50.05703918251732,-3.1483401468727905
30300,4.3,7.449639896848932,-3.149639706114069
4581,4.33,7.484612987329101,-3.1546130636230467
33246,18.3333,21.48922706643315,-3.155927429592328
49108,33.7,36.85753784242459,-3.157537079485138
7133,28.25,31.410553472373927,-3.160553472373927
5769,9.9,13.06112732257264,-3.161127704042366
87131,115.341,118.50223802419774,-3.1612346062289873
71994,44.3704,47.53316412692653,-3.162764651828873
23067,7.0,10.163375748264333,-3.1633757482643325
31829,29.2,32.364589419982856,-3.164588657043403
5380,3.4583,6.623953369010812,-3.165653255332834
49108,33.69,36.85753784242459,-3.167539215715607
12045,1.8,4.968086353783681,-3.168086401467397
17050,4.3,7.478381880674676,-3.1783816899398127
17050,4.3,7.478381880674676,-3.1783816899398127
13100,15.43,18.608836661917763,-3.178836356741982
26495,0.0,3.179630554201467,-3.179630554201467
26495,0.0,3.179630554201467,-3.179630554201467
26495,0.0,3.179630554201467,-3.179630554201467
26495,0.0,3.179630554201467,-3.179630554201467
26495,0.0,3.179630554201467,-3.179630554201467
26495,0.0,3.179630554201467,-3.179630554201467
26495,0.0,3.179630554201467,-3.179630554201467
26495,0.0,3.179630554201467,-3.179630554201467
26495,0.0,3.179630554201467,-3.179630554201467
26495,0.0,3.179630554201467,-3.179630554201467
26495,0.0,3.179630554201467,-3.179630554201467
26495,0.0,3.179630554201467,-3.179630554201467
19041,6.6,9.783589393042947,-3.1835894884103784
15420,19.0,22.184755093180282,-3.184755093180282
40461,29.5,32.68642688363595,-3.186426883635953
43000,33.3,36.48892836439465,-3.188929127334106
387638,59.5193,62.709790158800075,-3.1904916053332784
12506,8.62,11.814164213119254,-3.1941643275601717
6392,12.5,15.698659560228386,-3.1986595602283856
6392,12.5,15.698659560228386,-3.1986595602283856
5013,8.35,11.552095354197538,-3.202094972727812
37107,133.834,137.03620508662948,-3.202205452840417
83141,95.35,98.55372316030497,-3.2037246861838753
20864,3.5,6.704201026367895,-3.204201026367895
134114,154.07,157.2748331863624,-3.2048258621436503
14025,1.9,5.106769882435634,-3.2067699062774917
14025,1.9,5.106769882435634,-3.2067699062774917
39541,20.97,24.176901575028438,-3.206902261673946
77055,84.1475,87.3578962899231,-3.210397205450448
66532,38.1,41.313494841216816,-3.213496367095722
8726,7.54,10.75529017489369,-3.215290213040662
19619,4.75,7.971507880292552,-3.2215078802925516
88480,130.997,134.2215673236592,-3.2245733051045136
8805,1.9475,5.173483998605427,-3.22598400814217
23918,40.66,43.88713769119034,-3.2271378437782303
4336,1.24,4.469772306554121,-3.2297722970173774
4336,1.24,4.469772306554121,-3.2297722970173774
20540,27.4162,30.64733030524539,-3.2311296674280072
10385,8.129,11.363780896302181,-3.2347811862191733
12316,14.45,17.686612558168754,-3.2366127489036174
7072,2.1,5.340218199205522,-3.240218294572954
7072,2.1,5.340218199205522,-3.240218294572954
7072,2.1,5.340218199205522,-3.240218294572954
7072,2.1,5.340218199205522,-3.240218294572954
26926,15.69,18.93111771226888,-3.241118131885578
25866,3.4,6.6411748549670415,-3.24117475959961
25866,3.4,6.6411748549670415,-3.24117475959961
1566,2.5,5.743046954061586,-3.243046954061586
1566,2.5,5.743046954061586,-3.243046954061586
7079,5.56,8.803298265499503,-3.243298322719962
49388,17.75,20.995934890761713,-3.2459348907617134
155177,13.275,16.52155560135246,-3.246555982822187
91629,62.0,65.24804076016954,-3.2480407601695447
30300,4.2,7.449639896848932,-3.2496400875837956
8051,6.96,10.215411283123336,-3.2554112449763632
12945,7.39,10.645731462290515,-3.255731595804919
12316,14.43,17.686612558168754,-3.256612252992973
345837,179.31,182.5676391433908,-3.2576415847970566
31233,21.0,24.265573110267272,-3.2655731102672725
39541,20.91,24.176901575028438,-3.266901727616329
37107,133.769,137.03620508662948,-3.267207894246667
12045,1.7,4.968086353783681,-3.268086306099965
60621,57.0,60.271564641784515,-3.271564641784515
4038,13.228,16.50098387227743,-3.2729841850826062
11651,27.66,30.93834779891024,-3.27834795149813
93500,58.3667,61.64521420642434,-3.278514987674342
10873,12.46,15.73855929112631,-3.2785592529793366
8925,16.62,19.907175776129005,-3.2871749368956067
23012,5.925,9.212655960348595,-3.287655769613732
15326,6.75,10.04102966568041,-3.2910296656804103
47500,58.03,61.32285640720736,-3.292857627910486
12777,3.7,6.994928799878786,-3.2949287521950703
12777,3.7,6.994928799878786,-3.2949287521950703
283,4.5049,7.805156831995399,-3.3002568533577037
10577,17.32,20.620677720729617,-3.3006780259053983
43143,20.854,24.155083649438474,-3.3010835578857396
30000,15.1,18.401750384897426,-3.301750003427699
30401,9.75,13.060812548531397,-3.3108125485313966
56137,39.0,42.3111057578752,-3.311105757875197
33148,74.725,78.03766971688533,-3.312671242764239
14269,27.87,31.184082246241424,-3.3140814070080253
98624,69.5,72.81449385727441,-3.314493857274414
4581,4.17,7.484612987329101,-3.314612911035156
10151,14.8,18.116224386993043,-3.3162241962581795
122746,166.114,169.4339466678289,-3.319948254742968
25609,49.7768,53.09767337235978,-3.3208751240687633
24875,23.05,26.373050955355765,-3.3230517182952184
18000,48.54,51.86341238506539,-3.323411469538044
6431,14.67,17.996440658666852,-3.326440582372907
4065,17.5417,20.868989131707348,-3.3272887685481685
12754,21.09,24.418374203055837,-3.3283740504679464
55240,25.0,28.330590435648272,-3.330590435648272
55240,25.0,28.330590435648272,-3.330590435648272
55240,25.0,28.330590435648272,-3.330590435648272
151637,666.46,669.7913889476829,-3.33136697502664
27071,18.5,21.831712383191665,-3.3317123831916646
32256,60.882,64.2155734332177,-3.333573463735277
48519,17.3333,20.66802849884742,-3.3347288620065996
5033,7.93,11.264906586152822,-3.334906757814199
5033,7.93,11.264906586152822,-3.334906757814199
112536,160.89,164.22713646287875,-3.337137073230309
7072,2.0,5.340218199205522,-3.3402181992055224
25866,3.3,6.6411748549670415,-3.3411749026507573
52357,49.0,52.3460240392389,-3.3460240392388982
13939,3.9,7.248296579687987,-3.3482964843205556
52559,33.0,36.349294900499125,-3.3492949004991246
52559,33.0,36.349294900499125,-3.3492949004991246
4336,1.12,4.469772306554121,-3.349772301785749
6944,17.42,20.771191659038372,-3.351191582744427
15950,21.66,25.01212443587843,-3.352124588466321
18697,3.643,6.996840298563264,-3.353840411096833
68203,5.8,9.157118375556369,-3.3571181848215055
8773,0.39,3.7485298276742935,-3.3585298419794083
35936,37.6667,41.028803311034586,-3.3621048552240396
143093,156.2,159.5636615206117,-3.3636645723695153
57274,42.6,45.97178662242205,-3.3717881483009577
4934,27.5,30.873566240225042,-3.373566240225042
24103,16.125,19.49913333347199,-3.3741333334719883
121062,64.1,67.47481075878693,-3.374812284665836
5000,2.16,5.536006195723891,-3.3760061098932024
200442,642.0,645.3766118020225,-3.3766118020224667
49078,32.67,36.04691772508652,-3.3769195561412104
18202,4.798,8.176828465804174,-3.378828606947973
39807,25.267,28.646733807880572,-3.3797336095163146
4336,1.09,4.469772306554121,-3.3797722731755195
11302,11.05,14.435927289822423,-3.38592709908756
6431,14.61,17.996440658666852,-3.3864410019896063
4336,1.08,4.469772306554121,-3.3897722636387764
4336,1.08,4.469772306554121,-3.3897722636387764
33530,12.09,15.48006783387146,-3.39006768128357
9788,10.92,14.310098695307707,-3.390098619013761
37107,133.646,137.03620508662948,-3.3902089928794794
12506,8.42,11.814164213119254,-3.3941641368253084
49388,17.6,20.995934890761713,-3.395934509291987
91254,95.0,98.3964828793077,-3.3964828793076975
9816,17.45,20.847910027086815,-3.397909264147362
222434,140.147,143.55125915533304,-3.4042559815049174
34875,11.025,14.432802696542378,-3.4078030780121047
1566,2.3333,5.743046954061586,-3.4097468403836073
27685,3.671,7.083905276802239,-3.4129052729875413
179559,529.67,533.0834721915626,-3.413489281406328
61439,21.925,25.338672833840796,-3.4136735967802494
66200,98.54,101.95519577413693,-3.4151948586095813
306140,39.6,43.021347810047516,-3.421349335926422
1536,4.5,7.92284503604208,-3.42284503604208
15574,12.43,15.853389653259601,-3.42338934808382
4000,2.13,5.5542002108644235,-3.4242000964235055
10174,17.0,20.42422967790555,-3.4242296779055508
83108,50.5,53.925738396402224,-3.425738396402224
16576,44.42,47.84645721998391,-3.4264590510385986
30495,45.8,49.227378209349425,-3.427378972288878
18202,4.74,8.176828465804174,-3.4368286946860103
47191,27.0,30.43740339910606,-3.43740339910606
14973,3.638,7.07711333190781,-3.4391133204637185
10135,12.56,16.00054427412153,-3.4405438545048312
20372,8.0,11.44082890127547,-3.44082890127547
20372,8.0,11.44082890127547,-3.44082890127547
25866,3.2,6.6411748549670415,-3.4411748072833257
97838,473.0,476.4430724593413,-3.4430724593412947
97838,473.0,476.4430724593413,-3.4430724593412947
32256,60.771,64.2155734332177,-3.4445735247704334
13939,3.8,7.248296579687987,-3.448296627371703
13939,3.8,7.248296579687987,-3.448296627371703
40697,21.0,24.450107735374672,-3.4501077353746723
9666,12.37,15.822944010770948,-3.452944125211866
33713,30.0,33.45316372213457,-3.453163722134569
13100,15.15,18.608836661917763,-3.45883704338749
43000,33.03,36.48892836439465,-3.4589295850977777
10301,9.0,12.460539513039551,-3.460539513039551
15950,21.55,25.01212443587843,-3.4621251988178834
60100,188.15,191.61497745035555,-3.4649835538711784
37096,27.206,30.672807248367594,-3.4668078739779453
8073,4.35,7.821395810940874,-3.471395906308306
86375,184.66,188.13447896477538,-3.474475302666008
31635,5.0,8.474713175547556,-3.4747131755475564
15960,37.49,40.96884071320915,-3.47883903474235
28826,6.0,9.479857796871315,-3.4798577968713147
16744,9.83,13.311075909083941,-3.4810759853778865
4925,3.83,7.311172108858381,-3.4811721851523263
71224,66.05,69.53177877239092,-3.4817757206331095
54405,14.0,17.483359879608244,-3.483359879608244
51622,100.59,104.07337745429024,-3.483381116399613
25609,49.5943,53.09767337235978,-3.503374055953529
10800,16.6667,20.170196781999223,-3.5034964188400437
20864,3.2,6.704201026367895,-3.504200978684179
89315,24.35,27.85605975612943,-3.506059374659703
13100,15.1,18.608836661917763,-3.508836280448037
13469,27.0,30.512954925353924,-3.512954925353924
13469,27.0,30.512954925353924,-3.512954925353924
10151,14.6,18.116224386993043,-3.5162240055233163
18342,8.575,12.0933025056902,-3.5183026964250637
6203,5.56,9.08222621281136,-3.522226270031819
10346,9.0,12.526344591645675,-3.5263445916456746
10346,9.0,12.526344591645675,-3.5263445916456746
11265,0.0,3.526371877042629,-3.526371877042629
11265,0.0,3.526371877042629,-3.526371877042629
11265,0.0,3.526371877042629,-3.526371877042629
11265,0.0,3.526371877042629,-3.526371877042629
11265,0.0,3.526371877042629,-3.526371877042629
11265,0.0,3.526371877042629,-3.526371877042629
39541,20.65,24.176901575028438,-3.5269019564981647
23815,10.4227,13.949801778739879,-3.5271018504561873
62205,98.17,101.70138266734581,-3.5313844984004987
100328,106.37,109.90484107167478,-3.5348383250927498
23012,5.675,9.212655960348595,-3.537655769613732
25609,49.5578,53.09767337235978,-3.539873079391029
9703,5.14,8.68088332404451,-3.5408834575589143
15326,6.5,10.04102966568041,-3.5410296656804103
25866,3.1,6.6411748549670415,-3.541174950334473
25866,3.1,6.6411748549670415,-3.541174950334473
15574,12.31,15.853389653259601,-3.543389233642902
14125,19.23,22.775488655544972,-3.545489113308644
10385,7.816,11.363780896302181,-3.54778091156097
13939,3.7,7.248296579687987,-3.5482965320042714
4336,0.92,4.469772306554121,-3.54977228986482
45240,87.9741,91.53120554385463,-3.557107338288219
30401,9.5,13.060812548531397,-3.5608125485313966
1396,3.45,7.017108611653998,-3.567108563970282
245637,223.0,226.5695228239282,-3.569522823928196
3569,13.7126,17.284484426073554,-3.571884671740058
27646,12.32,15.892940934549317,-3.5729412397250986
283,4.2319,7.805156831995399,-3.573256616846473
31635,4.9,8.474713175547556,-3.574713080180125
49662,187.55,191.1247216399038,-3.5747185881459984
5000,1.96,5.536006195723891,-3.576006157576918
1566,2.1667,5.743046954061586,-3.5763470677395643
1566,2.1667,5.743046954061586,-3.5763470677395643
1566,2.1667,5.743046954061586,-3.5763470677395643
1566,2.1667,5.743046954061586,-3.5763470677395643
1566,2.1667,5.743046954061586,-3.5763470677395643
28826,5.9,9.479857796871315,-3.579857701503883
23702,27.4897,31.071029722891875,-3.581329405509063
128682,54.0,57.58399398001554,-3.583993980015542
113000,96.486,100.07416983469788,-3.5881697736627274
13728,16.54,20.13115403676618,-3.591153121238836
12152,4.1925,7.784094299998703,-3.591594185557785
99946,80.452,84.0466326015368,-3.5946291225328935
51176,33.96,37.55825024664037,-3.5982511621677133
11934,9.67,13.270097618252485,-3.60009754195854
26926,15.329,18.93111771226888,-3.602117239246418
15306,13.5,17.103558978535954,-3.603558978535954
12000,23.83,27.434390732131156,-3.6043908084251015
20444,25.936,29.543182547380642,-3.6071817234060326
6351,11.6667,15.27544027821407,-3.6087399150548904
6351,11.6667,15.27544027821407,-3.6087399150548904
240026,161.625,165.23582793875096,-3.6108279387509583
5630,7.5833,11.196253706585187,-3.6129535929072087
24875,22.76,26.373050955355765,-3.6130507264739293
12506,8.2,11.814164213119254,-3.614164403854117
90903,119.24,122.8553734934379,-3.615375629668364
14519,21.84,25.455705174679938,-3.6157050220920475
2347,11.99,15.605713256051875,-3.6157134849337105
5000,1.92,5.536006195723891,-3.616006238639235
12316,14.07,17.686612558168754,-3.6166128633445354
29149,7.3,10.91743338116423,-3.6174331904293666
18202,4.554,8.176828465804174,-3.6228285649863032
12750,8.83,12.455114987153234,-3.625115063447179
15489,47.4035,51.02872443251431,-3.625224829242825
15489,47.4035,51.02872443251431,-3.625224829242825
15489,47.4035,51.02872443251431,-3.625224829242825
55087,33.0,36.63025211994327,-3.630252119943272
55087,33.0,36.63025211994327,-3.630252119943272
55087,33.0,36.63025211994327,-3.630252119943272
23903,33.537,37.16730312616275,-3.630304377383453
18471,17.3,20.932552497188123,-3.632553260127576
69400,87.88,91.51270432346128,-3.6327070700433097
35354,53.875,57.51138903515408,-3.6363890351540817
8925,16.27,19.907175776129005,-3.6371753183653333
232139,596.805,600.4430314095656,-3.638038733784356
10743,32.6264,36.26509901856411,-3.6386990246676234
30171,22.6925,26.331996075902747,-3.639496915136146
8079,7.2,10.842593343773954,-3.6425935345088174
8079,7.2,10.842593343773954,-3.6425935345088174
9813,15.35,18.994625230529206,-3.644624849059479
49108,33.21,36.85753784242459,-3.647538757951935
24867,58.01,61.657707717972905,-3.6477093964397014
30160,39.75,43.398355647414725,-3.648355647414725
21582,10.9875,14.638583031003636,-3.6510828402687725
13224,17.18,20.831168170893967,-3.651167865718186
53651,108.783,112.43428590103225,-3.651288769684598
327256,925.65,929.3100436754685,-3.660019261405978
17190,5.2,8.862108681057567,-3.66210887179243
36307,11.83,15.495849392557458,-3.6658494688514036
96336,13.5,17.166916002024095,-3.666916002024095
18342,8.425,12.0933025056902,-3.668302314955337
8000,16.25,19.91876652518705,-3.668766525187049
14219,25.1344,28.804461659647412,-3.670062245584912
110235,237.0,240.67440159613253,-3.674401596132526
4581,3.81,7.484612987329101,-3.6746130445495604
31635,4.8,8.474713175547556,-3.674712984812693
64024,45.6595,49.345865967876115,-3.6863658458058026
50846,29.0,32.694485144086485,-3.694485144086485
100481,362.616,366.3107338222408,-3.6947365077876952
100481,362.616,366.3107338222408,-3.6947365077876952
20864,3.0,6.704201026367895,-3.704201026367895
13728,16.42,20.13115403676618,-3.7111539604722346
57100,39.06,42.771477017837995,-3.7114756445469794
22201,3.425,7.13736241381075,-3.7123624614944655
22101,70.0,73.71617728775752,-3.7161772877575174
124197,62.75,66.46660534492845,-3.7166053449284533
118338,408.281,411.99979701573363,-3.718791156358634
50020,27.2082,30.92727077113561,-3.7190703164236965
6203,5.36,9.08222621281136,-3.7222260792969557
74599,127.925,131.64765654544456,-3.7226534936867495
41329,32.25,35.97689182707369,-3.7268918270736933
10873,12.01,15.73855929112631,-3.7285590622444733
36406,27.39,31.119898488800242,-3.7298990991518046
18697,3.262,6.996840298563264,-3.7348402146399238
1760,14.04,17.77692946346299,-3.736929501609964
40000,62.39,66.12854632382484,-3.738546934176398
79900,97.1535,100.89239257329773,-3.7388891553289767
43681,139.92,143.66093006200165,-3.7409318930563416
10103,15.44,19.18115389355727,-3.7411543131739684
13224,17.09,20.831168170893967,-3.7411680183060767
25866,2.9,6.6411748549670415,-3.74117475959961
25866,2.9,6.6411748549670415,-3.74117475959961
6944,17.03,20.771191659038372,-3.7411909723928645
1566,2.0,5.743046954061586,-3.743046954061586
66187,31.4,35.145718577631136,-3.745718959100863
41297,55.5,59.24677340909979,-3.746773409099788
30300,3.7,7.449639896848932,-3.7496398491652165
9303,22.9167,26.667052539014318,-3.750352175855138
10385,7.613,11.363780896302181,-3.750780980225521
15786,8.7,12.453619575814807,-3.7536197665496704
10174,16.6667,20.42422967790555,-3.757529314746371
40835,12.05,15.810589915386839,-3.7605897246519753
21469,36.1837,39.94433602651463,-3.7606354649911893
23067,6.4,10.163375748264333,-3.763375652896901
34819,17.0,20.768623528426907,-3.7686235284269074
9703,4.91,8.68088332404451,-3.7708834766324006
3907,4.0,7.773741204075227,-3.773741204075227
17050,3.7,7.478381880674676,-3.77838183299096
30949,24.49,28.272343008128818,-3.782343237010654
301307,240.0,243.78480482531464,-3.7848048253146374
5033,7.48,11.264906586152822,-3.784906567079336
65999,49.175,52.96047951490119,-3.785480277840641
37107,133.249,137.03620508662948,-3.7872121667076044
230747,102.0,105.7891132541025,-3.789113254102503
4925,3.52,7.311172108858381,-3.7911721279318673
57100,38.98,42.771477017837995,-3.791477475601667
18697,3.204,6.996840298563264,-3.792840302377961
12000,23.64,27.434390732131156,-3.7943913424827187
4581,3.69,7.484612987329101,-3.7946129301086424
12777,3.2,6.994928799878786,-3.7949287521950703
12777,3.2,6.994928799878786,-3.7949287521950703
12777,3.2,6.994928799878786,-3.7949287521950703
27685,3.288,7.083905276802239,-3.795905169990715
39143,33.0,36.79638489404596,-3.796384894045957
39143,33.0,36.79638489404596,-3.796384894045957
86120,154.18,157.98160241091173,-3.8016097351304836
7732,11.26,15.0691541903668,-3.8091539614849648
77844,83.74,87.54997850088311,-3.8099806371135827
30401,9.25,13.060812548531397,-3.8108125485313966
30613,14.1,17.91475535467321,-3.8147549732034847
10559,16.528,20.34537377089695,-3.817373892967261
29149,7.1,10.91743338116423,-3.8174334765316615
15960,37.15,40.96884071320915,-3.8188391873302407
43400,19.2,23.021419967731944,-3.821419204792491
6010,34.02,37.844072382036856,-3.824071924273184
553210,392.57,396.39464826051767,-3.8246409362989198
58562,136.917,140.74267598829437,-3.825668542005303
11464,0.0816,3.9117812684202,-3.8301812654757303
57100,38.94,42.771477017837995,-3.8314783911290107
18697,3.165,6.996840298563264,-3.8318403367102363
7079,4.97,8.803298265499503,-3.8332984753078527
21168,26.725,30.55925140608615,-3.8342510246164245
1473,1.08,4.924128863494182,-3.844128820578838
81372,126.446,130.29351170570138,-3.8475125601935645
13939,3.4,7.248296579687987,-3.8482964843205556
13939,3.4,7.248296579687987,-3.8482964843205556
24103,15.65,19.49913333347199,-3.849133714941715
4773,16.25,20.101508729557995,-3.8515087295579953
110380,228.925,232.77897561013052,-3.8539725583727034
12506,7.96,11.814164213119254,-3.854164174972281
40706,18.25,22.10448978708124,-3.8544897870812385
4581,3.63,7.484612987329101,-3.8546128728881834
44182,63.0,66.86000540657523,-3.860005406575226
32841,19.64,23.50081991584786,-3.860820526199422
5769,9.2,13.06112732257264,-3.861127513307503
5769,9.2,13.06112732257264,-3.861127513307503
102994,2.86,6.725791998807715,-3.8657921037118896
3907,3.905,7.773741204075227,-3.8687412326854567
4065,17.0,20.868989131707348,-3.868989131707348
24875,22.5,26.373050955355765,-3.8730509553557653
15786,8.58,12.453619575814807,-3.8736196521087525
24103,15.625,19.49913333347199,-3.8741333334719883
4000,1.68,5.5542002108644235,-3.874200263316511
17050,3.6,7.478381880674676,-3.8783819760421077
17050,3.6,7.478381880674676,-3.8783819760421077
18432,27.24,31.118931138238125,-3.878931367119961
101555,73.0,76.8793916439436,-3.879391643943606
18277,8.525,12.405785971426027,-3.880786352895754
43910,46.176,50.05703918251732,-3.881040494773181
16200,50.2,54.082044027775446,-3.8820432648359926
8079,6.96,10.842593343773954,-3.8825933056269815
23605,8.8,12.685050390542859,-3.8850501998079956
12754,20.53,24.418374203055837,-3.8883735164103292
272278,457.47,461.36207272183134,-3.892071501128214
58562,136.85,140.74267598829437,-3.8926698847787407
18342,8.2,12.0933025056902,-3.8933026964250637
4581,3.59,7.484612987329101,-3.89461307315979
12777,3.1,6.994928799878786,-3.8949288952462178
10873,11.84,15.73855929112631,-3.8985591385384186
10577,16.72,20.620677720729617,-3.900678407375125
20864,2.8,6.704201026367895,-3.9042010740516107
27452,16.0,19.906778956253365,-3.9067789562533655
4336,0.56,4.469772306554121,-3.909772304169935
12506,7.9,11.814164213119254,-3.914164117751822
127632,349.0,352.9154120660212,-3.91541206602119
29149,7.0,10.91743338116423,-3.91743338116423
30000,14.48,18.401750384897426,-3.9217508426610976
4000,1.63,5.5542002108644235,-3.924200215632795
23112,16.75,20.675739195427685,-3.925739195427685
49108,32.93,36.85753784242459,-3.92753753724881
25609,49.1685,53.09767337235978,-3.929174379439857
12761,41.12,45.050694106897524,-3.930695175012758
9703,4.75,8.68088332404451,-3.93088332404451
52748,43.769,47.706419178192554,-3.9374181711124763
14973,3.139,7.07711333190781,-3.9381133929429666
8073,3.8825,7.821395810940874,-3.9388958776980765
16744,9.37,13.311075909083941,-3.941076023524859
3907,3.8325,7.773741204075227,-3.9412412231487135
21469,36.001,39.94433602651463,-3.943336575831033
80325,44.7333,48.67734147540079,-3.9440422200296936
12506,7.87,11.814164213119254,-3.9441643275601717
34758,19.0,22.946292666346395,-3.9462926663463946
34758,19.0,22.946292666346395,-3.9462926663463946
15414,5.736,9.683713756048533,-3.947713695013377
79900,96.9436,100.89239257329773,-3.9487890576727267
24103,15.55,19.49913333347199,-3.949133142737125
4336,0.52,4.469772306554121,-3.949772325627607
1473,0.97,4.924128863494182,-3.954128834883953
4581,3.53,7.484612987329101,-3.954613015939331
17709,27.11,31.064765207702916,-3.954764597351353
39558,34.558,38.51438208472304,-3.956383427496476
11934,9.31,13.270097618252485,-3.9600971986357862
9788,10.35,14.310098695307707,-3.96009831383798
5376,10.2384,14.199046997164576,-3.960646537875025
10334,9.86,13.823979355530275,-3.963979698853029
36307,11.53,15.495849392557458,-3.965849659586267
157113,8.01,11.977464329187958,-3.967464100306122
31635,4.5,8.474713175547556,-3.9747131755475564
14219,24.8278,28.804461659647412,-3.9766609089149902
17132,11.24,15.217421979690537,-3.9774222085723725
157113,8.0,11.977464329187958,-3.977464329187958
11934,9.29,13.270097618252485,-3.980097656399458
1396,3.03,7.017108611653998,-3.9871086402642275
10000,1.8,5.787494157409733,-3.9874942050934488
98212,272.801,276.788577492043,-3.9875826189961003
27685,3.092,7.083905276802239,-3.991905269172844
30949,24.28,28.272343008128818,-3.99234232148331
10334,9.83,13.823979355530275,-3.9939794318242203
49388,17.0,20.995934890761713,-3.9959348907617134
74599,127.65,131.64765654544456,-3.9976550195656557
20864,2.7,6.704201026367895,-4.004200978684179
49078,32.04,36.04691772508652,-4.006916809559179
8000,15.91,19.91876652518705,-4.00876667777494
21892,26.75,30.75960088138099,-4.00960088138099
21892,26.75,30.75960088138099,-4.00960088138099
28363,5.4,9.410502620812421,-4.0105025254449895
28363,5.4,9.410502620812421,-4.0105025254449895
28363,5.4,9.410502620812421,-4.0105025254449895
28363,5.4,9.410502620812421,-4.0105025254449895
78268,56.42,60.43174425444359,-4.011746085498281
9392,16.43,20.452303864883426,-4.022303559707645
15786,8.43,12.453619575814807,-4.023619270639026
1473,0.9,4.924128863494182,-4.02412888733604
4336,0.44,4.469772306554121,-4.029772308938306
6392,11.6667,15.698659560228386,-4.031959197069206
115288,131.475,135.51306676948488,-4.038060665969255
54172,67.0,71.0443150955931,-4.044315095593106
54172,67.0,71.0443150955931,-4.044315095593106
14973,3.027,7.07711333190781,-4.050113381498875
8073,3.77,7.821395810940874,-4.051395830014361
51020,17.545,21.598060232030413,-4.053060155736468
14219,24.75,28.804461659647412,-4.054461659647412
5033,7.21,11.264906586152822,-4.0549065480058495
9941,16.64,20.70043334178047,-4.060433952132033
23067,6.1,10.163375748264333,-4.063375843631764
14744,12.5,16.56694627468606,-4.06694627468606
24463,29.0,33.068301484688234,-4.068301484688234
4336,0.4,4.469772306554121,-4.069772300593656
4336,0.4,4.469772306554121,-4.069772300593656
4336,0.4,4.469772306554121,-4.069772300593656
11270,7.6,11.670955286483407,-4.070955381850839
28590,99.5,103.57175092341164,-4.071750923411642
53000,77.34,81.41279764632372,-4.0728013084331
279840,694.55,698.6256467920473,-4.0756589990785415
42755,67.425,71.50197785423241,-4.076974802474595
5680,3.3333,7.411615926602808,-4.07831581292483
5680,3.3333,7.411615926602808,-4.07831581292483
17050,3.4,7.478381880674676,-4.078381785307244
20584,65.06,69.140539141848,-4.080541583254245
18342,8.0,12.0933025056902,-4.0933025056902
50020,26.8333,30.92727077113561,-4.09397113429479
13100,14.51,18.608836661917763,-4.0988364330359275
20864,2.6,6.704201026367895,-4.1042011217353265
40706,18.0,22.10448978708124,-4.1044897870812385
40706,18.0,22.10448978708124,-4.1044897870812385
40706,18.0,22.10448978708124,-4.1044897870812385
40706,18.0,22.10448978708124,-4.1044897870812385
130794,106.925,111.03177508704026,-4.106772035282447
8925,15.8,19.907175776129005,-4.107175585394142
5630,7.0833,11.196253706585187,-4.112953592907209
1473,0.81,4.924128863494182,-4.114128861109997
23432,48.545,52.65943805968158,-4.114439890736264
28084,35.325,39.441034602624484,-4.116033839685031
20291,9.5,13.617885556631236,-4.1178855566312365
166489,109.367,113.48848531554127,-4.12148855040455
8079,6.72,10.842593343773954,-4.122593553582304
373416,113.0,117.12672910456456,-4.126729104564561
59476,36.008,40.13679066234817,-4.128791242182153
18697,2.867,6.996840298563264,-4.129840195566437
7079,4.67,8.803298265499503,-4.133298189205558
92994,39.198,43.33380164814044,-4.135799786568171
27685,2.948,7.083905276802239,-4.135905322578606
15250,65.1162,69.25336727592274,-4.137163967817273
9838,80.7675,84.91373325796245,-4.146231426907761
1396,2.87,7.017108611653998,-4.147108726094916
40611,27.9,32.049296199288236,-4.149296580757962
30300,3.3,7.449639896848932,-4.149639944532648
30531,25.7,29.854562326432266,-4.154561563492813
164206,629.656,633.8106849402451,-4.154679080870096
12152,3.625,7.784094299998703,-4.159094299998703
31283,65.27,69.4308234206956,-4.160826777629197
17190,4.7,8.862108681057567,-4.16210887179243
23067,6.0,10.163375748264333,-4.1633757482643325
32766,34.1833,38.34689649346052,-4.163596475149973
87976,147.0,151.16459916034785,-4.164599160347848
26187,94.6,98.76715630555593,-4.167157831434835
15649,24.5324,28.701082346238177,-4.168682215012591
111424,86.922,91.09185346291108,-4.169856392598575
84346,76.52,80.68991739838278,-4.169920755316369
15879,14.8333,19.004714146124897,-4.171414509284077
115788,247.473,251.64614657717954,-4.1731393750310986
19429,6.9,11.075588572988739,-4.175588477621307
19429,6.9,11.075588572988739,-4.175588477621307
557217,58.53,62.70971209493002,-4.179713315633144
27685,2.902,7.083905276802239,-4.181905326393303
21368,6.01,10.192747487574746,-4.18274725869291
10000,1.6,5.787494157409733,-4.187494133567875
79700,105.66,109.85284544164244,-4.192841779533069
47007,37.0,41.20119199898918,-4.201191998989181
78438,78.55,82.75468417196358,-4.204681120205763
12152,3.5775,7.784094299998703,-4.206594195094528
17220,38.9167,43.124059381666974,-4.2073609258564275
15715,0.0,4.208549980487367,-4.208549980487367
66532,37.1,41.313494841216816,-4.213496367095722
8051,6.0,10.215411283123336,-4.215411283123336
7732,10.85,15.0691541903668,-4.219153808897074
11934,9.05,13.270097618252485,-4.220097427517622
56569,25.256,29.47818356152074,-4.2221830427219125
36904,40.53,44.75681340557054,-4.226814626273665
23432,48.4325,52.65943805968158,-4.226939127796811
42942,153.938,158.16776754912098,-4.229764009081919
61756,69.0,73.23098679483137,-4.230986794831367
34875,10.2,14.432802696542378,-4.232802887277241
41933,36.0,40.23331681580517,-4.233316815805168
23903,32.93,37.16730312616275,-4.237302820986969
27685,2.845,7.083905276802239,-4.238905248192009
179167,70.35,74.59056572612883,-4.240567252007736
8925,15.66,19.907175776129005,-4.247175928716896
91629,61.0,65.24804076016954,-4.248040760169545
51176,33.31,37.55825024664037,-4.248248873349354
30300,3.2,7.449639896848932,-4.2496398491652165
17262,39.29,43.544754865063304,-4.25475394953596
102994,2.47,6.725791998807715,-4.255791970197485
38598,61.0,65.25679238145119,-4.256792381451191
10174,16.1667,20.42422967790555,-4.257529314746371
71100,11.38,15.643239961353343,-4.263239846912425
31233,20.0,24.265573110267272,-4.2655731102672725
31233,20.0,24.265573110267272,-4.2655731102672725
31233,20.0,24.265573110267272,-4.2655731102672725
18697,2.73,6.996840298563264,-4.266840279489777
72958,44.02,48.289918767259365,-4.269918309495694
60621,56.0,60.271564641784515,-4.271564641784515
78268,56.16,60.43174425444359,-4.271744407031484
122592,264.34,268.61191640810665,-4.2719200702160265
31635,4.2,8.474713175547556,-4.27471336628242
37775,26.0,30.275287860848188,-4.275287860848188
37775,26.0,30.275287860848188,-4.275287860848188
37775,26.0,30.275287860848188,-4.275287860848188
36307,11.22,15.495849392557458,-4.27584912552865
17050,3.2,7.478381880674676,-4.27838183299096
7133,27.13,31.410553472373927,-4.280554311607325
20804,13.68,17.963342835001335,-4.283342529825553
19041,5.5,9.783589393042947,-4.283589393042947
30000,14.11,18.401750384897426,-4.29175072822018
27685,2.79,7.083905276802239,-4.293905314949211
23815,9.6548,13.949801778739879,-4.295001363700816
8073,3.5225,7.821395810940874,-4.298895772793902
102994,2.42,6.725791998807715,-4.3057919225137695
8073,3.515,7.821395810940874,-4.3063957060366995
194441,688.049,692.3594942510504,-4.310483020581614
28363,5.1,9.410502620812421,-4.310502716179853
24979,62.0,66.31226104853744,-4.312261048537437
9226,11.71,16.03464703400734,-4.324646995860366
23918,39.56,43.88713769119034,-4.327136317899324
5682,0.0,4.329220607325177,-4.329220607325177
137040,117.45,121.77975418745667,-4.329757239214487
25609,48.7671,53.09767337235978,-4.330572084517982
55240,24.0,28.330590435648272,-4.330590435648272
55240,24.0,28.330590435648272,-4.330590435648272
18471,16.6,20.932552497188123,-4.332552115718396
33530,11.1475,15.48006783387146,-4.332567795724488
41329,31.64,35.97689182707369,-4.336892437425256
79782,50.898,55.236915331602816,-4.338916521788363
89315,23.51,27.85605975612943,-4.3460595272475935
28191,3.9,8.248654018671253,-4.3486539233038215
11329,6.78,11.129841220967467,-4.349841011159118
35354,53.1562,57.51138903515408,-4.355188626218535
10873,11.38,15.73855929112631,-4.358559176685391
93608,49.65,54.00984954428346,-4.359848018404556
27685,2.724,7.083905276802239,-4.359905299690422
23067,5.8,10.163375748264333,-4.363375557529469
16500,79.23,83.5948751998898,-4.364871842956205
64749,38.0,42.372002228249336,-4.372002228249336
27646,11.52,15.892940934549317,-4.3729404767856455
73044,87.094,91.46740339265335,-4.373401622633821
31635,4.1,8.474713175547556,-4.374713270914988
16092,15.7,20.07593859121716,-4.375938781952023
25463,34.175,38.554577827050835,-4.379578589990288
28826,5.1,9.479857796871315,-4.379857892238746
42129,20.8667,25.24678838682009,-4.380089168070089
15420,17.8,22.184755093180282,-4.384755856119735
3267,25.64,30.0276103070647,-4.387610917416261
10873,11.35,15.73855929112631,-4.388558909656583
61439,20.95,25.338672833840796,-4.388672070901343
69400,87.12,91.51270432346128,-4.392701576879247
10873,11.34,15.73855929112631,-4.398559138538419
52034,49.5,53.89970547704957,-4.399705477049572
8073,3.42,7.821395810940874,-4.401395734646929
171084,426.713,431.1147095639468,-4.401696868634303
113000,95.6694,100.07416983469788,-4.404766758526009
35465,38.37,42.77485475676939,-4.404855824884628
12152,3.3775,7.784094299998703,-4.406594242778244
109000,82.52,86.93123716638574,-4.411240523319336
12945,6.23,10.645731462290515,-4.4157314432170285
186572,67.0,71.41608906385036,-4.4160890638503645
186572,67.0,71.41608906385036,-4.4160890638503645
186572,67.0,71.41608906385036,-4.4160890638503645
1396,2.6,7.017108611653998,-4.41710870702143
17132,10.8,15.217421979690537,-4.417421788955673
39807,24.225,28.646733807880572,-4.421733426410846
99946,79.623,84.0466326015368,-4.423631502903987
147205,112.0,116.42536445396028,-4.4253644539602845
18474,4.0,8.427080509688045,-4.427080509688045
50020,26.5,30.92727077113561,-4.4272707711356105
102994,2.29,6.725791998807715,-4.4357920369546875
20372,7.0,11.44082890127547,-4.44082890127547
94658,52.0,56.442613553712725,-4.442613553712725
26033,18.0,22.443141631421263,-4.443141631421263
75929,465.167,469.61170027226115,-4.444708084761146
26926,14.486,18.93111771226888,-4.445117651233723
20917,18.0,22.44688448462924,-4.446884484629241
60000,91.6667,96.11445481885559,-4.447752548347779
88856,26.3,30.748518009184007,-4.44851877212346
30300,3.0,7.449639896848932,-4.449639896848932
40697,20.0,24.450107735374672,-4.450107735374672
40697,20.0,24.450107735374672,-4.450107735374672
20986,15.0,19.452100858827336,-4.452100858827336
96929,31.0,35.453775503813034,-4.453775503813034
144086,52.52,56.97404150683351,-4.454041049069836
23815,9.495,13.949801778739879,-4.454801893180797
116249,462.0,466.4584176534003,-4.458417653400318
36406,26.66,31.119898488800242,-4.459898641388133
66585,6.0,10.459923829203898,-4.459923829203898
66585,6.0,10.459923829203898,-4.459923829203898
17190,4.4,8.862108681057567,-4.462108585690135
36562,93.08,97.54477160197824,-4.464769770923553
11274,18.86,23.325137335591627,-4.465136725240065
31635,4.0,8.474713175547556,-4.474713175547556
17050,3.0,7.478381880674676,-4.478381880674676
28826,5.0,9.479857796871315,-4.479857796871315
9062,8.67,13.151898070732997,-4.481897994439052
54405,13.0,17.483359879608244,-4.483359879608244
54405,13.0,17.483359879608244,-4.483359879608244
54405,13.0,17.483359879608244,-4.483359879608244
54405,13.0,17.483359879608244,-4.483359879608244
54405,13.0,17.483359879608244,-4.483359879608244
19041,5.3,9.783589393042947,-4.483589202308083
1858,7.83,12.314679675683,-4.484679751976945
130577,229.0,233.49150605663831,-4.491506056638315
21469,35.4527,39.94433602651463,-4.491634457911111
14744,12.075,16.56694627468606,-4.491946465420924
15000,23.73,28.223181404049452,-4.493181861813124
45348,31.5,35.993275975793495,-4.493275975793495
49388,16.5,20.995934890761713,-4.495934890761713
11442,10.74,15.243184887108114,-4.50318511598995
93420,46.0,50.50728214850463,-4.507282148504629
14842,22.07,26.578414926634537,-4.508415231810318
58562,136.233,140.74267598829437,-4.509674279309991
37803,15.3049,19.814994406317467,-4.510094236944909
28363,4.9,9.410502620812421,-4.5105025254449895
30949,23.76,28.272343008128818,-4.512342779246982
13220,16.2,20.715090028190367,-4.515089265250914
29149,6.4,10.91743338116423,-4.517433285796798
40451,68.0,72.52081961435991,-4.520819614359908
45548,53.62,58.14312338810224,-4.523124456217474
15574,11.33,15.853389653259601,-4.523389729553546
15489,46.5,51.02872443251431,-4.528724432514309
13100,14.08,18.608836661917763,-4.528836738211709
58703,72.238,76.76906599693291,-4.531067034530565
14125,18.24,22.775488655544972,-4.535488884426808
10385,6.824,11.363780896302181,-4.539781014557796
58703,72.228,76.76906599693291,-4.541069170761034
15420,17.64,22.184755093180282,-4.544755703531845
8168,16.4583,21.00396897663677,-4.54566933979595
15250,64.7067,69.25336727592274,-4.546664089887585
14219,24.2566,28.804461659647412,-4.547862233377881
24643,59.43,63.979317808113954,-4.549317502938173
33401,0.0,4.551443701283565,-4.551443701283565
33401,0.0,4.551443701283565,-4.551443701283565
33401,0.0,4.551443701283565,-4.551443701283565
33401,0.0,4.551443701283565,-4.551443701283565
33401,0.0,4.551443701283565,-4.551443701283565
33401,0.0,4.551443701283565,-4.551443701283565
33401,0.0,4.551443701283565,-4.551443701283565
33401,0.0,4.551443701283565,-4.551443701283565
33401,0.0,4.551443701283565,-4.551443701283565
33401,0.0,4.551443701283565,-4.551443701283565
33401,0.0,4.551443701283565,-4.551443701283565
33401,0.0,4.551443701283565,-4.551443701283565
33401,0.0,4.551443701283565,-4.551443701283565
33401,0.0,4.551443701283565,-4.551443701283565
33695,123.85,128.40724356207852,-4.557245087957426
9111,6.575,11.132689972662172,-4.5576901633970355
17190,4.3,8.862108681057567,-4.562108490322704
26325,14.5,19.062774038055142,-4.562774038055142
15786,7.89,12.453619575814807,-4.5636197093292115
19619,3.4,7.971507880292552,-4.57150778492512
12506,7.24,11.814164213119254,-4.57416444200109
94399,76.52,81.09548138969086,-4.575484746624454
23533,8.225,12.80118417694109,-4.576183795471364
7732,10.49,15.0691541903668,-4.579154419248637
179167,70.01,74.59056572612883,-4.580563589898361
10103,14.6,19.18115389355727,-4.581153512087543
9392,15.87,20.452303864883426,-4.582303979324344
35033,68.58,73.16281797532928,-4.582816144274588
20804,13.38,17.963342835001335,-4.583342720560417
40461,28.1,32.68642688363595,-4.586426502166226
24618,38.96,43.54802433598073,-4.588025251508071
1536,3.3333,7.92284503604208,-4.589544922364102
1536,3.3333,7.92284503604208,-4.589544922364102
102994,2.13,6.725791998807715,-4.595791884366797
72958,43.6925,48.289918767259365,-4.597417699144131
9816,16.25,20.847910027086815,-4.597910027086815
10135,11.4,16.00054427412153,-4.600544655591257
42028,22.701,27.303172086076124,-4.602171872453077
15306,12.5,17.103558978535954,-4.603558978535954
40706,17.5,22.10448978708124,-4.6044897870812385
6431,13.39,17.996440658666852,-4.6064403153440985
28363,4.8,9.410502620812421,-4.610502430077558
23903,32.556,37.16730312616275,-4.611303370303375
27685,2.472,7.083905276802239,-4.611905393150505
76537,91.355,95.97464713582077,-4.6196437788871805
44564,82.0,86.620599200529,-4.620599200529
78550,16.82,21.444047625618218,-4.624047930793999
15420,17.56,22.184755093180282,-4.624755627237899
15574,11.22,15.853389653259601,-4.633389386230792
54061,71.07,75.70343828630207,-4.633438591477855
18340,19.35,23.98444624963654,-4.634445868166814
205472,364.17,368.8126989194217,-4.642685491687303
20644,35.06,39.70322013848217,-4.643218765191158
77055,82.7113,87.3578962899231,-4.646592578985604
28191,3.6,8.248654018671253,-4.648654114038685
52034,49.25,53.89970547704957,-4.649705477049572
32841,18.85,23.50081991584786,-4.650819534378133
29916,53.96,58.61776458479062,-4.657765500317964
5447,0.0,4.658557203707558,-4.658557203707558
33530,10.82,15.48006783387146,-4.660068139047242
5769,8.4,13.06112732257264,-4.661127704042366
23067,5.5,10.163375748264333,-4.6633757482643325
1858,7.65,12.314679675683,-4.664679580315568
11900,32.8,37.4657365711648,-4.66573733410425
10151,13.45,18.116224386993043,-4.666224577727906
62238,51.77,56.43786576971901,-4.667865311955339
111304,99.94,104.60904396287314,-4.6690415214668946
16052,28.0,32.67135122639709,-4.671351226397093
31635,3.8,8.474713175547556,-4.674713223231272
31635,3.8,8.474713175547556,-4.674713223231272
19429,6.4,11.075588572988739,-4.675588477621307
16092,15.4,20.07593859121716,-4.675938972686886
11143,19.2,23.877902974087156,-4.677902211147703
23392,22.72,27.398699271212255,-4.678699957857763
14219,24.125,28.804461659647412,-4.679461659647412
6203,4.4,9.08222621281136,-4.682226117443928
19041,5.1,9.783589393042947,-4.683589488410378
92994,38.648,43.33380164814044,-4.6858028383259835
12316,13.0,17.686612558168754,-4.686612558168754
1396,2.33,7.017108611653998,-4.687108687947943
37107,132.349,137.03620508662948,-4.687206063191979
19315,29.35,34.038511165160656,-4.68851078369093
105167,693.695,698.3886292797871,-4.6936219555683465
50846,28.0,32.694485144086485,-4.694485144086485
15649,24.0048,28.701082346238177,-4.696281549729388
47007,36.5,41.20119199898918,-4.701191998989181
4000,0.85,5.5542002108644235,-4.704200187022566
130794,106.325,111.03177508704026,-4.706778138798072
58733,44.125,48.83283654061337,-4.707836540613371
9788,9.59,14.310098695307707,-4.720098542719816
23815,9.2297,13.949801778739879,-4.720101690238902
112283,36.66,41.38081812860892,-4.720818281196813
37800,58.59,63.31257688081704,-4.72257672822915
11442,10.52,15.243184887108114,-4.7231844293444425
6431,13.27,17.996440658666852,-4.7264402009031805
35354,52.7813,57.51138903515408,-4.730089444089629
37107,132.306,137.03620508662948,-4.730205330770104
53651,107.7,112.43428590103225,-4.734288952790067
30171,21.5925,26.331996075902747,-4.73949538925724
23533,8.06,12.80118417694109,-4.741183757324391
6010,33.1,37.844072382036856,-4.744073907915762
103718,52.0,56.74533600341981,-4.745336003419808
103718,52.0,56.74533600341981,-4.745336003419808
102994,1.98,6.725791998807715,-4.7457919797342285
9726,1.76,6.5086050235065445,-4.748605033043288
4773,15.35,20.101508729557995,-4.751508348088269
8837,67.0,71.75459461592263,-4.7545946159226276
37803,15.0569,19.814994406317467,-4.758094381903405
36387,51.61,56.377284493942646,-4.767283883591084
18342,7.325,12.0933025056902,-4.768302696425064
116186,277.248,282.02003694459665,-4.772051104752904
59476,35.364,40.13679066234817,-4.772792249262231
31635,3.7,8.474713175547556,-4.774713127863841
31635,3.7,8.474713175547556,-4.774713127863841
74420,61.75,66.52485936242486,-4.774859362424863
16092,15.3,20.07593859121716,-4.775938400482296
387,11.4315,16.20780975712672,-4.776309322251233
28826,4.7,9.479857796871315,-4.779857987606178
56637,105.5,110.28639682585973,-4.786396825859725
23012,4.425,9.212655960348595,-4.787655769613732
72709,30.842,35.63741018810328,-4.795411134148203
26948,47.0,51.79781984899732,-4.797819848997321
9703,3.88,8.68088332404451,-4.800883209603592
24345,84.73,89.53394780118853,-4.803944444254938
24345,84.73,89.53394780118853,-4.803944444254938
64818,73.5667,78.37583279247283,-4.809128996086116
15120,10.0,14.809838501619142,-4.809838501619142
15120,10.0,14.809838501619142,-4.809838501619142
78550,16.63,21.444047625618218,-4.814048464851616
60582,96.7049,101.52096315039131,-4.816060501465529
13512,9.2833,14.10217560088639,-4.818875201106117
43400,18.2,23.021419967731944,-4.821419204792491
33246,16.6667,21.48922706643315,-4.822526703273969
22524,21.0,25.82641212471668,-4.826412124716679
22524,21.0,25.82641212471668,-4.826412124716679
10559,15.516,20.34537377089695,-4.829373976890601
193294,957.89,962.7211891113225,-4.831174462884974
47398,62.325,67.15849968605485,-4.8334989231154
59476,35.302,40.13679066234817,-4.834792523920434
10301,7.625,12.460539513039551,-4.835539513039551
39541,19.34,24.176901575028438,-4.8369014224405475
3267,25.19,30.0276103070647,-4.837609773007081
155100,175.5,180.34137910352257,-4.84137910352257
96336,12.325,17.166916002024095,-4.8419161927589585
8079,6.0,10.842593343773954,-4.842593343773954
282946,258.53,263.3754930126251,-4.845494233328225
10151,13.27,18.116224386993043,-4.846223929229371
53234,96.75,101.59823949114269,-4.848239491142692
199037,233.075,237.9264228507778,-4.851425902535624
31614,9.5,14.355366460165289,-4.855366460165289
18551,7.0,11.85744006256594,-4.85744006256594
18551,7.0,11.85744006256594,-4.85744006256594
18551,7.0,11.85744006256594,-4.85744006256594
58196,79.6188,84.47783244042338,-4.8590351381772905
17190,4.0,8.862108681057567,-4.862108681057567
66404,89.92,94.78397760438385,-4.863979435438537
31829,27.5,32.364589419982856,-4.864589419982856
45017,135.97,140.83824001532818,-4.868238794625057
31635,3.6,8.474713175547556,-4.874713270914988
19429,6.2,11.075588572988739,-4.875588763723602
376507,198.34,203.21563190985316,-4.875635571962533
74584,56.449,61.327028696652015,-4.878027384396155
18414,41.6667,46.547193360977445,-4.880494905166898
19041,4.9,9.783589393042947,-4.883589297675515
37803,14.931,19.814994406317467,-4.883994650458092
6431,13.11,17.996440658666852,-4.886441001989606
15649,23.8133,28.701082346238177,-4.887783167161029
75929,464.717,469.61170027226115,-4.894689774214271
1396,2.12,7.017108611653998,-4.897108726094916
389641,122.0,126.89749329657388,-4.897493296573884
30160,38.5,43.398355647414725,-4.898355647414725
6203,4.18,9.08222621281136,-4.902226384472737
66121,129.0,133.9063732487111,-4.906373248711105
305268,113.077,117.98425630868269,-4.907252829678782
21168,25.65,30.55925140608615,-4.909251787555878
28363,4.5,9.410502620812421,-4.910502620812421
75929,464.7,469.61170027226115,-4.911688065229896
29149,6.0,10.91743338116423,-4.91743338116423
33530,10.5625,15.48006783387146,-4.917567833871461
25000,21.37,26.2894903178711,-4.919489478637701
52534,3.7547,8.681226430201681,-4.926526484751852
6203,4.15,9.08222621281136,-4.932226117443928
11302,9.5,14.435927289822423,-4.935927289822423
40461,27.75,32.68642688363595,-4.936426883635953
272278,456.42,461.36207272183134,-4.942059294096964
33713,28.51,33.45316372213457,-4.943163493252733
10873,10.79,15.73855929112631,-4.948559329273282
28191,3.3,8.248654018671253,-4.948654066354969
31053,48.375,53.32551994486311,-4.95051994486311
23815,8.9965,13.949801778739879,-4.95330176348109
20804,13.01,17.963342835001335,-4.953342606119499
33148,73.075,78.03766971688533,-4.962672768643145
23067,5.2,10.163375748264333,-4.963375938999196
42129,20.2833,25.24678838682009,-4.963487987039816
387638,57.7446,62.709790158800075,-4.9651917701282
22101,68.75,73.71617728775752,-4.966177287757517
24251,12.3,17.26671278792485,-4.966712597189986
53651,107.467,112.43428590103225,-4.96728303237991
26507,54.25,59.21928039186098,-4.969280391860977
7636,18.62,23.589878385380086,-4.969877546146687
13728,15.16,20.13115403676618,-4.9711541893540705
137806,126.704,131.67683858516548,-4.97283620479439
31635,3.5,8.474713175547556,-4.974713175547556
4000,0.5775,5.5542002108644235,-4.976700225169538
56467,33.375,38.35536462510165,-4.98036462510165
15420,17.2,22.184755093180282,-4.984754330240829
26926,13.944,18.93111771226888,-4.987117468128254
17132,10.23,15.217421979690537,-4.987422437454208
15269,19.443,24.433380997928335,-4.990380204471304
19876,9.55,14.542466091451235,-4.992465900716372
11442,10.25,15.243184887108114,-4.993184887108114
80325,43.6833,48.67734147540079,-4.9940414570902405
49388,16.0,20.995934890761713,-4.995934890761713
31075,10.9,15.899199788306808,-4.999200169776534
42755,66.5,71.50197785423241,-5.001977854232408
1858,7.31,12.314679675683,-5.004679732903458
35354,52.5,57.51138903515408,-5.011389035154082
66532,36.3,41.313494841216816,-5.013495604156269
12000,22.42,27.434390732131156,-5.014390655837211
23481,24.0006,29.01609868988602,-5.015497875066686
23481,24.0,29.01609868988602,-5.016098689886022
23481,24.0,29.01609868988602,-5.016098689886022
23481,24.0,29.01609868988602,-5.016098689886022
23481,24.0,29.01609868988602,-5.016098689886022
23481,24.0,29.01609868988602,-5.016098689886022
23481,24.0,29.01609868988602,-5.016098689886022
23481,24.0,29.01609868988602,-5.016098689886022
29149,5.9,10.91743338116423,-5.017433285796798
23481,23.996,29.01609868988602,-5.020098399969029
39541,19.15,24.176901575028438,-5.026901956498165
52534,3.6489,8.681226430201681,-5.032326398158224
50327,43.0,48.03663620557968,-5.036636205579683
43910,45.02,50.05703918251732,-5.03703872475365
12754,19.38,24.418374203055837,-5.0383750422892355
17077,36.0,41.03909480832238,-5.039094808322382
4000,0.515,5.5542002108644235,-5.039200225169538
11935,7.79,12.830011509381842,-5.040011547528815
5380,1.5833,6.623953369010812,-5.040653374542123
12761,40.01,45.050694106897524,-5.040695785364321
54172,66.0,71.0443150955931,-5.044315095593106
28191,3.2,8.248654018671253,-5.048653970987537
28191,3.2,8.248654018671253,-5.048653970987537
45240,86.4745,91.53120554385463,-5.056702980378063
30401,8.0,13.060812548531397,-5.060812548531397
30401,8.0,13.060812548531397,-5.060812548531397
12506,6.75,11.814164213119254,-5.064164213119254
24251,12.2,17.26671278792485,-5.066712978659712
24463,28.0,33.068301484688234,-5.068301484688234
24463,28.0,33.068301484688234,-5.068301484688234
11935,7.76,12.830011509381842,-5.070011280500006
32841,18.43,23.50081991584786,-5.070819610672078
202829,155.06,160.13233995148073,-5.072342392886981
31635,3.4,8.474713175547556,-5.074713080180125
17132,10.14,15.217421979690537,-5.077421636367783
155682,120.88,125.95948568358907,-5.0794884301710965
28826,4.4,9.479857796871315,-5.079857701503883
4000,0.4725,5.5542002108644235,-5.081700214440702
15950,19.93,25.01212443587843,-5.082124130702649
39649,50.0,55.08275783177581,-5.082757831775808
39649,50.0,55.08275783177581,-5.082757831775808
11302,9.35,14.435927289822423,-5.085926908352697
6431,12.91,17.996440658666852,-5.086440811254743
40000,61.04,66.12854632382484,-5.088545408297492
126077,84.0,89.0927707238692,-5.092770723869194
58196,79.3735,84.47783244042338,-5.1043354311460405
40706,17.0,22.10448978708124,-5.1044897870812385
40706,17.0,22.10448978708124,-5.1044897870812385
40706,17.0,22.10448978708124,-5.1044897870812385
40706,17.0,22.10448978708124,-5.1044897870812385
40835,10.7,15.810589915386839,-5.110590106121702
40835,10.7,15.810589915386839,-5.110590106121702
23815,8.8388,13.949801778739879,-5.111001348442027
10733,15.66,20.779457008483618,-5.119457161071509
16098,15.47,20.596398209423327,-5.126397942394519
21892,25.63,30.75960088138099,-5.129601720614389
9309,32.16,37.289655207317,-5.129655359904888
11935,7.7,12.830011509381842,-5.130011700116706
173479,70.5001,75.63062652128431,-5.130527339155407
18471,15.8,20.932552497188123,-5.13255230645326
24345,84.4,89.53394780118853,-5.133946275309626
4000,0.4175,5.5542002108644235,-5.13670022159326
23012,4.075,9.212655960348595,-5.137656151083458
10873,10.6,15.73855929112631,-5.138558909656583
152312,461.578,466.7172848802885,-5.139281950601003
4000,0.41,5.5542002108644235,-5.144200214440702
11910,16.3,21.445607696691635,-5.145608459631088
3853,61.4,66.54581061520122,-5.145809089322313
98125,173.85,179.00676345667947,-5.15675735316384
17190,3.7,8.862108681057567,-5.162108633373851
23067,5.0,10.163375748264333,-5.1633757482643325
10800,15.0,20.170196781999223,-5.170196781999223
4000,0.3825,5.5542002108644235,-5.171700218016981
19429,5.9,11.075588572988739,-5.175588477621307
18432,25.94,31.118931138238125,-5.178930604180508
28826,4.3,9.479857796871315,-5.179857606136451
144000,60.97,66.1521936565581,-5.182192435854972
144086,51.79,56.97404150683351,-5.1840405913061645
4000,0.37,5.5542002108644235,-5.184200206096052
60582,96.3363,101.52096315039131,-5.18465943945381
112283,36.19,41.38081812860892,-5.190819501899938
10334,8.63,13.823979355530275,-5.193979241089357
14519,20.26,25.455705174679938,-5.195704945798102
12945,5.44,10.645731462290515,-5.205731405070056
3267,24.82,30.0276103070647,-5.2076106122404795
23815,8.737,13.949801778739879,-5.212801313346812
78550,16.23,21.444047625618218,-5.21404808338189
29149,5.7,10.91743338116423,-5.217433571899093
19619,2.75,7.971507880292552,-5.221507880292552
21866,16.925,22.151210485259472,-5.226211248198926
1843,10.19,15.416914021785947,-5.226914441402647
4000,0.325,5.5542002108644235,-5.2292002227853525
229973,382.0,387.22993546013765,-5.2299354601376535
43143,18.923,24.155083649438474,-5.232083313745115
108392,86.0,91.23442179468206,-5.2344217946820635
15414,4.445,9.683713756048533,-5.238713584387156
43000,31.25,36.48892836439465,-5.238928364394653
33246,16.25,21.48922706643315,-5.239227066433148
32256,58.976,64.2155734332177,-5.239571693715746
14219,23.563,28.804461659647412,-5.241461934305615
86786,67.0,72.24528804602814,-5.245288046028136
12945,5.4,10.645731462290515,-5.245731366923083
49388,15.75,20.995934890761713,-5.245934890761713
49078,30.8,36.04691772508652,-5.246918488025976
91629,60.0,65.24804076016954,-5.248040760169545
6203,3.83,9.08222621281136,-5.252226289105305
80205,37.504,42.75740428944886,-5.2534026720172164
23533,7.5475,12.80118417694109,-5.253684043426686
23918,38.63,43.88713769119034,-5.257136623075105
10174,15.1667,20.42422967790555,-5.257529314746371
4000,0.2925,5.5542002108644235,-5.26170022159326
23067,4.9,10.163375748264333,-5.263375652896901
31233,19.0,24.265573110267272,-5.2655731102672725
31233,19.0,24.265573110267272,-5.2655731102672725
31233,19.0,24.265573110267272,-5.2655731102672725
31233,19.0,24.265573110267272,-5.2655731102672725
4000,0.2875,5.5542002108644235,-5.266700216824888
5013,6.28,11.552095354197538,-5.272095144389189
37107,131.764,137.03620508662948,-5.272197518270104
31635,3.2,8.474713175547556,-5.274713127863841
77632,122.0,127.27497983577194,-5.274979835771944
37775,25.0,30.275287860848188,-5.275287860848188
37775,25.0,30.275287860848188,-5.275287860848188
19429,5.8,11.075588572988739,-5.275588382253876
29916,53.34,58.61776458479062,-5.27776443220273
72709,30.359,35.63741018810328,-5.2784109357839455
57100,37.49,42.771477017837995,-5.281475339371198
95717,77.19,82.47235119654046,-5.282348755134208
58703,71.486,76.76906599693291,-5.283065935897753
19041,4.5,9.783589393042947,-5.283589393042947
237518,1028.44,1033.7266117966929,-5.2866703904428505
72958,43.0,48.289918767259365,-5.2899187672593655
72958,43.0,48.289918767259365,-5.2899187672593655
72958,43.0,48.289918767259365,-5.2899187672593655
113580,117.75,123.04470541110781,-5.294705411107813
166395,299.0,304.2959679643859,-5.295967964385909
15306,11.8,17.103558978535954,-5.303558787801091
34875,9.125,14.432802696542378,-5.307802696542378
58196,79.1694,84.47783244042338,-5.308429364251509
7292,12.5,17.815661201514253,-5.315661201514253
7292,12.5,17.815661201514253,-5.315661201514253
7292,12.5,17.815661201514253,-5.315661201514253
7292,12.5,17.815661201514253,-5.315661201514253
59476,34.818,40.13679066234817,-5.3187898688911375
4482,24.0,29.3200721566835,-5.320072156683501
5839,23.7083,29.032411207219496,-5.324111570378676
83108,48.6,53.925738396402224,-5.32573992228113
14185,10.433,15.761367864161777,-5.328368253260898
11329,5.8,11.129841220967467,-5.329841030232604
55240,23.0,28.330590435648272,-5.330590435648272
144000,60.82,66.1521936565581,-5.3321939617338785
27646,10.5605,15.892940934549317,-5.332440789590821
33530,10.1475,15.48006783387146,-5.332567795724488
51622,98.74,104.07337745429024,-5.333379590520707
9226,10.7,16.03464703400734,-5.334647224742202
15420,16.84,22.184755093180282,-5.3447549405923915
8000,14.57,19.91876652518705,-5.34876683036283
52559,31.0,36.349294900499125,-5.349294900499125
108971,145.8,151.15234512631167,-5.35234207455386
30949,22.92,28.272343008128818,-5.3523429318348725
71100,10.29,15.643239961353343,-5.353239999500316
4000,0.2,5.5542002108644235,-5.354200207884191
40706,16.75,22.10448978708124,-5.3544897870812385
40706,16.75,22.10448978708124,-5.3544897870812385
35354,52.1562,57.51138903515408,-5.355188626218535
39807,23.291,28.646733807880572,-5.355733441669635
25139,19.21,24.574304279715843,-5.364305195243187
62800,120.05,125.41469576714209,-5.36469271538428
21600,25.81,31.179455074209844,-5.369455608267462
9941,15.33,20.70043334178047,-5.370433418074416
78268,55.06,60.43174425444359,-5.371742881152578
138977,176.559,181.93299727110568,-5.373991533800989
41329,30.6,35.97689182707369,-5.376891445603967
17132,9.84,15.217421979690537,-5.377421827102646
10733,15.4,20.779457008483618,-5.379457389953345
28826,4.1,9.479857796871315,-5.379857892238746
9941,15.32,20.70043334178047,-5.380433646956252
4000,0.17,5.5542002108644235,-5.384200209076284
4000,0.1675,5.5542002108644235,-5.386700206692098
16744,7.92,13.311075909083941,-5.391075832789996
14744,11.175,16.56694627468606,-5.391946083951197
36562,92.15,97.54477160197824,-5.394770076099334
4000,0.1575,5.5542002108644235,-5.396700212056516
157113,6.58,11.977464329187958,-5.397464405481903
10873,10.34,15.73855929112631,-5.398559138538419
3648,1.625,7.02401322970164,-5.39901322970164
52034,48.5001,53.89970547704957,-5.399606294920666
4000,0.1525,5.5542002108644235,-5.401700207288145
23815,8.546,13.949801778739879,-5.40380225176234
4000,0.1475,5.5542002108644235,-5.406700217420934
82200,42.67,48.07762212813821,-5.407623959192897
37917,46.1562,51.566530785654486,-5.410330376718939
10577,15.21,20.620677720729617,-5.410677682582644
89456,134.0,139.4143177820109,-5.414317782010897
89456,134.0,139.4143177820109,-5.414317782010897
34825,17.25,22.66509433928444,-5.41509433928444
23432,47.2425,52.65943805968158,-5.4169377545057955
29149,5.5,10.91743338116423,-5.41743338116423
19876,9.125,14.542466091451235,-5.417466091451235
75650,45.42,50.84006241374371,-5.420064244798397
1536,2.5,7.92284503604208,-5.42284503604208
23112,15.25,20.675739195427685,-5.425739195427685
12506,6.38,11.814164213119254,-5.434164098678336
1396,1.58,7.017108611653998,-5.437108568738654
47191,25.0,30.43740339910606,-5.43740339910606
47191,25.0,30.43740339910606,-5.43740339910606
14744,11.125,16.56694627468606,-5.44194627468606
26033,17.0,22.443141631421263,-5.443141631421263
65663,75.725,81.17271682915242,-5.447718355031327
15269,18.985,24.433380997928335,-5.448380387576773
18202,2.728,8.176828465804174,-5.448828540190771
20986,14.0,19.452100858827336,-5.452100858827336
18202,2.724,8.176828465804174,-5.452828488692358
34563,6.3,11.754010704382967,-5.454010513648104
31614,8.9,14.355366460165289,-5.455366841635016
87187,58.29,63.74561741024058,-5.455616494713233
59476,34.675,40.13679066234817,-5.461791425287622
23067,4.7,10.163375748264333,-5.463375938999196
28084,33.975,39.441034602624484,-5.46603612850339
71248,190.1,195.568207269302,-5.4682011657863825
31635,3.0,8.474713175547556,-5.474713175547556
19429,5.6,11.075588572988739,-5.4755886683561705
16092,14.6,20.07593859121716,-5.475938209747433
10151,12.64,18.116224386993043,-5.476224043670289
52534,3.2019,8.681226430201681,-5.479326424861105
28826,4.0,9.479857796871315,-5.479857796871315
35253,106.333,111.81619961357337,-5.483199430467906
54405,12.0,17.483359879608244,-5.483359879608244
54405,12.0,17.483359879608244,-5.483359879608244
54405,12.0,17.483359879608244,-5.483359879608244
23605,7.2,12.685050390542859,-5.485050581277722
13512,8.6167,14.10217560088639,-5.485475428462074
24992,24.0,29.487568285009715,-5.487568285009715
39807,23.157,28.646733807880572,-5.489734219867877
15414,4.186,9.683713756048533,-5.49771388574824
21600,25.68,31.179455074209844,-5.499454769034063
86091,320.75,326.25192767266293,-5.50192767266293
15269,18.927,24.433380997928335,-5.506380952151968
10873,10.23,15.73855929112631,-5.508559748889981
177708,158.0,163.50905549379706,-5.509055493797064
32256,58.706,64.2155734332177,-5.509572151479418
75650,45.33,50.84006241374371,-5.510060582689022
56569,23.967,29.47818356152074,-5.5111845075656625
30000,12.89,18.401750384897426,-5.511750041574672
9666,10.31,15.822944010770948,-5.512943591154249
15786,6.94,12.453619575814807,-5.513619518594348
31053,47.8,53.32551994486311,-5.525520707802563
23432,47.13,52.65943805968158,-5.529436991566342
18202,2.647,8.176828465804174,-5.529828391417578
15913,31.05,36.58207433605272,-5.532075098992173
56637,104.75,110.28639682585973,-5.536396825859725
45086,22.0,27.544218091023907,-5.544218091023907
15414,4.138,9.683713756048533,-5.545713744604441
93313,51.7333,57.281569807338386,-5.548270551967292
38500,115.47,121.02185886998761,-5.551857649284486
72709,30.085,35.63741018810328,-5.552411103630625
4000,0.0,5.5542002108644235,-5.5542002108644235
4000,0.0,5.5542002108644235,-5.5542002108644235
4000,0.0,5.5542002108644235,-5.5542002108644235
4000,0.0,5.5542002108644235,-5.5542002108644235
4000,0.0,5.5542002108644235,-5.5542002108644235
2347,10.05,15.605713256051875,-5.555713065317011
30401,7.5,13.060812548531397,-5.560812548531397
30401,7.5,13.060812548531397,-5.560812548531397
563782,601.0,606.5622168709724,-5.5622168709724065
36387,50.81,56.377284493942646,-5.567283120651631
11143,18.31,23.877902974087156,-5.567903508144774
36406,25.55,31.119898488800242,-5.569899251739695
11270,6.1,11.670955286483407,-5.570955381850839
15574,10.28,15.853389653259601,-5.57338992028841
33167,27.575,33.15101830332779,-5.576017540388335
49078,30.47,36.04691772508652,-5.576918411732031
32766,32.7667,38.34689649346052,-5.580195748831613
195437,287.972,293.5527209995151,-5.580736136233838
21168,24.975,30.55925140608615,-5.5842510246164245
37803,14.2303,19.814994406317467,-5.584694456671471
63900,73.65,79.23777226772354,-5.587770741844636
42028,21.711,27.303172086076124,-5.592171643571241
56569,23.884,29.47818356152074,-5.594182783322498
9816,15.25,20.847910027086815,-5.597910027086815
5376,8.6003,14.199046997164576,-5.598747161959498
18202,2.577,8.176828465804174,-5.599828563078955
5013,5.95,11.552095354197538,-5.602095544932402
23871,17.0,22.602140105561915,-5.602140105561915
6203,3.48,9.08222621281136,-5.602226193737874
214252,43.0,48.602601422703465,-5.602601422703465
9309,31.68,37.289655207317,-5.609654902141216
9788,8.7,14.310098695307707,-5.61009888604257
23153,7.1,12.71664711544531,-5.616647210812742
39541,18.56,24.176901575028438,-5.616902109086055
59900,53.5,59.117070439659265,-5.6170704396592654
55087,31.0,36.63025211994327,-5.630252119943272
14913,31.51,37.14035362744481,-5.630353398562974
53130,93.1695,98.80295451665741,-5.633452258356627
41302,12.025,17.661012010685784,-5.636012392155511
6431,12.36,17.996440658666852,-5.636441001989606
43681,138.02,143.66093006200165,-5.6409257895407166
18342,6.45,12.0933025056902,-5.643302696425064
9838,79.27,84.91373325796245,-5.643736614896042
16768,22.58,28.22556328722578,-5.645563363519724
30160,37.75,43.398355647414725,-5.648355647414725
30160,37.75,43.398355647414725,-5.648355647414725
15950,19.36,25.01212443587843,-5.652123825526868
20804,12.31,17.963342835001335,-5.6533424153846354
15414,4.024,9.683713756048533,-5.659713588201853
15913,30.92,36.58207433605272,-5.662074259758775
15950,19.35,25.01212443587843,-5.662124054408704
72958,42.6275,48.289918767259365,-5.662420140550381
15879,13.3333,19.004714146124897,-5.671414509284077
15879,13.3333,19.004714146124897,-5.671414509284077
15879,13.3333,19.004714146124897,-5.671414509284077
31635,2.8,8.474713175547556,-5.674713223231272
19429,5.4,11.075588572988739,-5.675588477621307
28826,3.8,9.479857796871315,-5.6798578445550305
37800,57.62,63.31257688081704,-5.692577948932275
131710,190.83,196.5228638995413,-5.692862068486619
233937,298.0,303.6943419529466,-5.6943419529466155
3907,2.075,7.773741204075227,-5.698741156391511
15306,11.4,17.103558978535954,-5.703559360005681
98900,135.59,141.2952021662272,-5.705205828336574
21168,24.85,30.55925140608615,-5.7092510246164245
387638,56.9938,62.709790158800075,-5.715989041856716
73200,112.3,118.01822999378687,-5.718226942029062
58703,71.05,76.76906599693291,-5.7190629451750965
10135,10.28,16.00054427412153,-5.720544541150339
15786,6.73,12.453619575814807,-5.723619556741321
24345,83.81,89.53394780118853,-5.723950242594782
62279,66.1153,71.84595430030758,-5.730651260756801
4583,10.72,16.451960637272258,-5.731960370243449
3000,5.5,11.235324994638358,-5.735324994638358
1566,0.0,5.743046954061586,-5.743046954061586
1566,0.0,5.743046954061586,-5.743046954061586
1536,2.1667,7.92284503604208,-5.756145149720059
1536,2.1667,7.92284503604208,-5.756145149720059
1536,2.1667,7.92284503604208,-5.756145149720059
77055,81.5995,87.3578962899231,-5.758393726446542
32256,58.457,64.2155734332177,-5.758572700795824
9788,8.55,14.310098695307707,-5.760098504572843
51020,15.8375,21.598060232030413,-5.7605606135001395
80325,42.9167,48.67734147540079,-5.7606430195902405
19619,2.2,7.971507880292552,-5.771507832608836
29778,15.03,20.80768162597745,-5.77768189300626
98829,103.17,108.94827957708048,-5.778281408135172
71936,59.155,64.93459992623426,-5.779601146937381
28826,3.7,9.479857796871315,-5.779857749187599
28826,3.7,9.479857796871315,-5.779857749187599
26372,62.805,68.58564499375102,-5.7806446885752365
99700,116.48,122.26493246147383,-5.78492910454024
23605,6.9,12.685050390542859,-5.785050295175427
56569,23.692,29.47818356152074,-5.786184126095936
16802,159.5,165.29263217265924,-5.792632172659239
12773,5.79,11.583591724280815,-5.793591762427788
75000,74.0,79.79379303597848,-5.7937930359784815
18340,18.19,23.98444624963654,-5.794445715578924
13224,15.03,20.831168170893967,-5.801168437922776
8079,5.04,10.842593343773954,-5.802593381920927
18340,18.18,23.98444624963654,-5.80444594446076
230259,198.84,204.64542960102528,-5.80543326313466
14125,16.97,22.775488655544972,-5.80548934219048
23903,31.36,37.16730312616275,-5.8073025158111875
9726,0.7,6.5086050235065445,-5.808605035427473
84346,74.88,80.68991739838278,-5.809920144964806
7133,25.59,31.410553472373927,-5.820553319786036
15649,22.8763,28.701082346238177,-5.824781534470599
33167,27.325,33.15101830332779,-5.826017540388335
49078,30.22,36.04691772508652,-5.826918411732031
91149,547.4,553.2333649124221,-5.833340498359576
9303,20.8333,26.667052539014318,-5.833752902173497
48881,28.75,34.59207434655215,-5.8420743465521525
64818,72.5333,78.37583279247283,-5.842530485343929
138977,176.084,181.93299727110568,-5.848997637316614
153299,158.897,164.7466338017977,-5.849630627969589
9666,9.97,15.822944010770948,-5.85294374374214
18551,6.0,11.85744006256594,-5.85744006256594
44182,61.0,66.86000540657523,-5.860005406575226
70837,184.78,190.64544667279523,-5.865447893498356
3627,0.9167,6.783467840880743,-5.866767835349432
4934,25.0,30.873566240225042,-5.873566240225042
17709,25.19,31.064765207702916,-5.8747646736452985
94175,357.425,363.3058689234733,-5.8808811305045765
30531,23.9667,29.854562326432266,-5.887862726212539
19876,8.65,14.542466091451235,-5.892466472920962
39541,18.28,24.176901575028438,-5.89690088838293
49078,30.15,36.04691772508652,-5.8969181065562495
23903,31.27,37.16730312616275,-5.897302668399078
52034,47.9999,53.89970547704957,-5.8998046591784785
9838,79.01,84.91373325796245,-5.90373112173198
15649,22.7955,28.701082346238177,-5.905582544602435
12945,4.74,10.645731462290515,-5.905731691172351
69400,85.6,91.51270432346128,-5.912705849340185
106523,289.406,295.31966741302153,-5.913661553646534
31316,16.75,22.667616655478536,-5.917616655478536
9062,7.23,13.151898070732997,-5.921898051659511
1536,2.0,7.92284503604208,-5.92284503604208
60096,53.0,58.925563981466794,-5.925563981466794
8925,13.98,19.907175776129005,-5.927176233892677
71100,9.71,15.643239961353343,-5.93323992320637
20804,12.02,17.963342835001335,-5.943342377237663
34758,17.0,22.946292666346395,-5.946292666346395
34758,17.0,22.946292666346395,-5.946292666346395
7732,9.12,15.0691541903668,-5.949154304807719
21600,25.23,31.179455074209844,-5.949455531973516
136522,127.0,132.94986803481342,-5.94986803481342
21600,25.22,31.179455074209844,-5.959455760855352
23067,4.2,10.163375748264333,-5.963375938999196
225014,163.0,168.96841801675487,-5.9684180167548675
101400,101.11,107.08104859584117,-5.971047985489605
33530,9.5075,15.48006783387146,-5.972568139047242
16092,14.1,20.07593859121716,-5.975938209747433
9838,78.9375,84.91373325796245,-5.976233257962448
50493,24.115,30.09239810014734,-5.977398329029175
28826,3.5,9.479857796871315,-5.979857796871315
23605,6.7,12.685050390542859,-5.985050581277722
71994,41.5475,47.53316412692653,-5.9856635165749665
102957,86.3,92.28592317149574,-5.985920119737926
14219,22.812,28.804461659647412,-5.992461384989209
124289,43.9,49.89351455405133,-5.993513028172423
52534,2.6869,8.681226430201681,-5.99432652976528
46230,28.0,33.994873421229734,-5.994873421229734
17220,37.125,43.124059381666974,-5.999059381666974
15913,30.58,36.58207433605272,-6.002074412346666
10800,14.1667,20.170196781999223,-6.003496418840044
139113,78.5,84.50359798919082,-6.003597989190823
43143,18.1507,24.155083649438474,-6.004384033959958
33695,122.4,128.40724356207852,-6.007242036199614
60582,95.5129,101.52096315039131,-6.008061844238966
75650,44.83,50.84006241374371,-6.010060582689022
78268,54.42,60.43174425444359,-6.011746085498281
41241,27.0,33.01440978901789,-6.01440978901789
41241,27.0,33.01440978901789,-6.01440978901789
133100,126.753,132.7679573791534,-6.014959027102606
29149,4.9,10.91743338116423,-6.017433285796798
29778,14.79,20.80768162597745,-6.017681664124424
8730,3.5,9.523992650585356,-6.023992650585356
88300,170.73,176.75424031376585,-6.024244586226786
18432,25.09,31.118931138238125,-6.028930985650234
51020,15.5675,21.598060232030413,-6.030560117589495
50327,42.0,48.03663620557968,-6.036636205579683
17077,35.0,41.03909480832238,-6.039094808322382
8079,4.8,10.842593343773954,-6.042593153039091
54172,65.0,71.0443150955931,-6.044315095593106
49553,98.9,104.94885987553057,-6.048858349651667
9941,14.65,20.70043334178047,-6.0504337232501975
120694,391.68,397.73046325465265,-6.050470578871398
179167,68.54,74.59056572612883,-6.050564810601486
10577,14.57,20.620677720729617,-6.050678025905398
12908,26.15,32.20129789974108,-6.051298281210805
78438,76.7,82.75468417196358,-6.054687223721388
8726,4.7,10.75529017489369,-6.055290365628553
387638,56.6525,62.709790158800075,-6.057290006212185
44784,19.0,25.05864789080191,-6.058647890801911
9788,8.25,14.310098695307707,-6.0600986953077065
39464,5.824,11.888145435589983,-6.064145553845599
1760,11.71,17.77692946346299,-6.066929425316019
24463,27.0,33.068301484688234,-6.068301484688234
16744,7.24,13.311075909083941,-6.071076137965777
1858,6.24,12.314679675683,-6.074679904564835
33167,27.075,33.15101830332779,-6.076017540388335
49384,48.82,54.89910428621494,-6.079104591390724
23903,31.088,37.16730312616275,-6.07930378229068
11329,5.05,11.129841220967467,-6.079841030232604
27071,15.75,21.831712383191665,-6.081712383191665
6203,3.0,9.08222621281136,-6.08222621281136
14744,10.475,16.56694627468606,-6.091945893216334
33530,9.3875,15.48006783387146,-6.092568024606324
126077,83.0,89.0927707238692,-6.092770723869194
40706,16.0,22.10448978708124,-6.1044897870812385
17262,37.44,43.544754865063304,-6.1047562383543195
28363,3.3,9.410502620812421,-6.110502668496137
9813,12.88,18.994625230529206,-6.114625116088288
9226,9.92,16.03464703400734,-6.1146469577133935
14125,16.66,22.775488655544972,-6.115488808132863
1843,9.3,15.416914021785947,-6.116913831051084
49078,29.93,36.04691772508652,-6.116917419910742
30171,20.2125,26.331996075902747,-6.119496457372474
15414,3.561,9.683713756048533,-6.122713647329661
8730,3.4,9.523992650585356,-6.123992555217924
32256,58.09,64.2155734332177,-6.125573280629808
56569,23.352,29.47818356152074,-6.1261842786838265
42755,65.375,71.50197785423241,-6.126977854232408
30495,43.1,49.227378209349425,-6.127379735228331
65907,82.18,88.30872612779567,-6.128725822619884
21892,24.63,30.75960088138099,-6.129601720614389
21892,24.63,30.75960088138099,-6.129601720614389
39648,26.0,32.130720848534395,-6.130720848534395
39648,26.0,32.130720848534395,-6.130720848534395
41236,14.125,20.257875019862333,-6.1328750198623325
17709,24.93,31.064765207702916,-6.1347649025271345
3545,16.17,22.312161046531102,-6.142160970237157
15786,6.31,12.453619575814807,-6.143619633035266
62279,65.7019,71.84595430030758,-6.1440576328271135
11442,9.09,15.243184887108114,-6.153184734520224
23918,37.73,43.88713769119034,-6.157138148954012
23067,4.0,10.163375748264333,-6.1633757482643325
34825,16.5,22.66509433928444,-6.16509433928444
48519,14.5,20.66802849884742,-6.16802849884742
10873,9.57,15.73855929112631,-6.1685595963020905
72958,42.1175,48.289918767259365,-6.172418462083584
72958,42.1175,48.289918767259365,-6.172418462083584
14185,9.585,15.761367864161777,-6.176367826014804
75650,44.66,50.84006241374371,-6.1800625663316
85164,55.948,62.12982568518678,-6.181823823614515
23605,6.5,12.685050390542859,-6.185050390542859
29778,14.62,20.80768162597745,-6.18768174041837
59476,33.947,40.13679066234817,-6.1897920661567625
16802,159.1,165.29263217265924,-6.192626069143614
12000,21.24,27.434390732131156,-6.194390961012992
89315,21.66,27.85605975612943,-6.19605990871732
15000,22.02,28.223181404049452,-6.20318094628578
116854,65.8,72.00819351848972,-6.2081904667319066
11470,10.051,16.263185581202844,-6.212185939784387
23702,24.8575,31.071029722891875,-6.21352964659793
18340,17.77,23.98444624963654,-6.214445791872869
43400,16.8,23.021419967731944,-6.221420730671397
12773,5.36,11.583591724280815,-6.223591590766411
66900,82.66,88.88360894660983,-6.223605284500451
17709,24.84,31.064765207702916,-6.224765055115025
58196,78.2516,84.47783244042338,-6.226230267571822
229973,381.0,387.22993546013765,-6.2299354601376535
51020,15.3675,21.598060232030413,-6.230559926854632
61756,67.0,73.23098679483137,-6.230986794831367
108392,85.0,91.23442179468206,-6.2344217946820635
65999,46.725,52.96047951490119,-6.235481040780094
8004,0.0,6.239740487001984,-6.239740487001984
93764,34.8,41.03982342026941,-6.23982418320886
66187,28.9,35.145718577631136,-6.245718959100863
23918,37.64,43.88713769119034,-6.247138301541902
74599,125.4,131.64765654544456,-6.247655019565656
21472,55.65,61.897768973311585,-6.247767447432679
91629,59.0,65.24804076016954,-6.248040760169545
30171,20.0825,26.331996075902747,-6.2494956181390755
56569,23.227,29.47818356152074,-6.2511842786838265
8168,14.75,21.00396897663677,-6.25396897663677
25139,18.32,24.574304279715843,-6.254304584891624
78438,76.5,82.75468417196358,-6.254684171963575
1536,1.6667,7.92284503604208,-6.256145030510769
38598,59.0,65.25679238145119,-6.256792381451191
38598,59.0,65.25679238145119,-6.256792381451191
40531,46.34,52.5972738210826,-6.257273668494712
68701,42.225,48.484194702905036,-6.259196228783942
52302,8.7,14.964148787276185,-6.264148978011049
31233,18.0,24.265573110267272,-6.2655731102672725
31233,18.0,24.265573110267272,-6.2655731102672725
31233,18.0,24.265573110267272,-6.2655731102672725
31233,18.0,24.265573110267272,-6.2655731102672725
42028,21.034,27.303172086076124,-6.269171689347608
34455,236.0,242.2703701992794,-6.270370199279398
16744,7.04,13.311075909083941,-6.271075947230914
12908,25.93,32.20129789974108,-6.271297594565297
60621,54.0,60.271564641784515,-6.271564641784515
37083,30.03,36.306878097871945,-6.276877411226437
5839,22.75,29.032411207219496,-6.282411207219496
8079,4.56,10.842593343773954,-6.282593400994413
14125,16.49,22.775488655544972,-6.285488884426808
13224,14.54,20.831168170893967,-6.29116820904094
51483,22.0,28.29415681686065,-6.294156816860649
39538,20.625,26.920299389904763,-6.295299389904763
49078,29.75,36.04691772508652,-6.296917725086523
29778,14.51,20.80768162597745,-6.297681397095616
346056,48.0,54.30425170417892,-6.304251704178917
62800,119.11,125.41469576714209,-6.30469515679053
2347,9.3,15.605713256051875,-6.305713065317011
16744,6.99,13.311075909083941,-6.321076137965777
23903,30.838,37.16730312616275,-6.32930378229068
206054,523.0,529.3317513697473,-6.3317513697472805
106440,141.58,147.91245423464196,-6.3324524035872685
18471,14.6,20.932552497188123,-6.332552115718396
6400,27.65,33.986208185075256,-6.3362085665449825
52559,30.0,36.349294900499125,-6.349294900499125
4589,14.44,20.789902927443496,-6.349903347060195
60606,166.833,173.18415925996723,-6.3511667062562935
18000,45.51,51.86341238506539,-6.353414063532185
21582,8.285,14.638583031003636,-6.353583183591526
34563,5.4,11.754010704382967,-6.3540106090155355
102429,38.9,45.26281079805393,-6.362809272175021
23067,3.8,10.163375748264333,-6.363375795948048
23067,3.8,10.163375748264333,-6.363375795948048
84346,74.325,80.68991739838278,-6.364920450140588
14125,16.41,22.775488655544972,-6.365488808132863
44352,27.9833,34.35038839955675,-6.367089144185655
8051,3.84,10.215411283123336,-6.375411368954024
8051,3.84,10.215411283123336,-6.375411368954024
19429,4.7,11.075588572988739,-6.375588763723602
18202,1.793,8.176828465804174,-6.383828482970312
23605,6.3,12.685050390542859,-6.385050199807996
23605,6.3,12.685050390542859,-6.385050199807996
75650,44.45,50.84006241374371,-6.390061650804256
43143,17.7645,24.155083649438474,-6.390583985131833
7675,8.45,14.842830740340098,-6.392830931074961
134748,268.453,274.85263650688063,-6.3996335771931285
36406,24.72,31.119898488800242,-6.39989917544575
37800,56.91,63.31257688081704,-6.402577033404931
19315,27.63,34.038511165160656,-6.408512004394055
43000,30.08,36.48892836439465,-6.408928440688598
7636,17.18,23.589878385380086,-6.4098780802043045
16351,8.5,14.91415960726085,-6.414159607260849
34825,16.25,22.66509433928444,-6.41509433928444
150393,259.972,266.3872817571869,-6.415296893905634
5376,7.7812,14.199046997164576,-6.417847065066187
9813,12.57,18.994625230529206,-6.424625535704987
147205,110.0,116.42536445396028,-6.4253644539602845
50020,24.5,30.92727077113561,-6.4272707711356105
157113,5.55,11.977464329187958,-6.427464138453095
13100,12.18,18.608836661917763,-6.428836356741982
71994,41.1015,47.53316412692653,-6.431662662082779
21657,45.049,51.485678818256744,-6.436679031879791
7732,8.62,15.0691541903668,-6.449154304807719
40697,18.0,24.450107735374672,-6.450107735374672
152471,95.9,102.35184354356376,-6.451842017684854
94175,356.854,363.3058689234733,-6.4518650172233265
15574,9.4,15.853389653259601,-6.453390034729328
34563,5.3,11.754010704382967,-6.454010513648104
8726,4.3,10.75529017489369,-6.455289984158826
199628,296.0,302.45769409681424,-6.457694096814237
66585,4.0,10.459923829203898,-6.459923829203898
116249,459.996,466.4584176534003,-6.462415456134693
23067,3.7,10.163375748264333,-6.463375700580617
15120,8.3333,14.809838501619142,-6.4765388647783215
92994,36.857,43.33380164814044,-6.476803204536921
29775,180.15,186.63343886940194,-6.483444972917567
8726,4.27,10.75529017489369,-6.485290193967176
2347,9.12,15.605713256051875,-6.4857133704927925
10103,12.69,19.18115389355727,-6.491154313173968
130577,227.0,233.49150605663831,-6.491506056638315
15950,18.52,25.01212443587843,-6.492123978114758
45348,29.5,35.993275975793495,-6.493275975793495
23432,46.165,52.65943805968158,-6.494437144154233
282152,188.0,194.49510441076836,-6.495104410768363
41297,52.75,59.24677340909979,-6.496773409099788
42755,65.0,71.50197785423241,-6.501977854232408
22000,54.66,61.16436187749794,-6.504362030085829
93420,44.0,50.50728214850463,-6.507282148504629
93420,44.0,50.50728214850463,-6.507282148504629
11651,24.43,30.93834779891024,-6.508347493734458
273234,893.125,899.6352102204693,-6.5102102204692756
13469,24.0,30.512954925353924,-6.512954925353924
66532,34.8,41.313494841216816,-6.513495604156269
23918,37.37,43.88713769119034,-6.517138759305574
29149,4.4,10.91743338116423,-6.517433285796798
49108,30.34,36.85753784242459,-6.517537689836701
11329,4.61,11.129841220967467,-6.519841087453063
83108,47.4,53.925738396402224,-6.525736870523318
21866,15.625,22.151210485259472,-6.5262104852594724
93500,55.1167,61.64521420642434,-6.528514987674342
13224,14.3,20.831168170893967,-6.531167980159104
74584,54.789,61.327028696652015,-6.538027231808265
57100,36.23,42.771477017837995,-6.541477475601667
35354,50.9688,57.51138903515408,-6.542589444089629
15000,21.68,28.223181404049452,-6.543181098873671
12773,5.04,11.583591724280815,-6.543591762427788
40531,46.05,52.5972738210826,-6.547274584022055
20110,28.32,34.873700489292,-6.55370079446778
64818,71.8167,78.37583279247283,-6.559128996086116
90411,120.382,126.9424267445607,-6.560422960381018
33148,71.475,78.03766971688533,-6.562671242764239
54207,35.0,41.56400090084381,-6.5640009008438085
24251,10.7,17.26671278792485,-6.566712978659712
34455,235.7,242.2703701992794,-6.570373251037211
30171,19.76,26.331996075902747,-6.571995847020911
59498,42.0,48.57663055786556,-6.576630557865563
23605,6.1,12.685050390542859,-6.5850504859102905
23605,6.1,12.685050390542859,-6.5850504859102905
12945,4.06,10.645731462290515,-6.585731519510974
39541,17.59,24.176901575028438,-6.5869014224405475
49108,30.27,36.85753784242459,-6.587537384660919
16351,8.325,14.91415960726085,-6.589159797995713
10174,13.8333,20.42422967790555,-6.5909300410647305
10103,12.59,19.18115389355727,-6.591153740969379
32256,57.619,64.2155734332177,-6.596573952016527
23871,16.0,22.602140105561915,-6.602140105561915
23871,16.0,22.602140105561915,-6.602140105561915
214252,42.0,48.602601422703465,-6.602601422703465
71806,33.9575,40.56042857818917,-6.602928120425496
14519,18.85,25.455705174679938,-6.6057047932102115
16000,38.06,44.6661144648601,-6.606113091569085
109071,39.5,46.106728262534595,-6.606728262534595
50552,207.185,213.79266891273667,-6.607671354142923
29775,180.025,186.63343886940194,-6.608444972917567
40085,43.9135,50.522949634775095,-6.609447895273142
44182,60.25,66.86000540657523,-6.610005406575226
3000,4.625,11.235324994638358,-6.610324994638358
40835,9.2,15.810589915386839,-6.610590106121702
62200,63.15,69.76159670313844,-6.611595177259531
33530,8.8625,15.48006783387146,-6.6175676431365975
44564,80.0,86.620599200529,-6.620599200529
118966,116.14,122.76227916901412,-6.622279779365684
8730,2.9,9.523992650585356,-6.623992555217924
68146,177.472,184.10223428377452,-6.630234161704209
12945,4.01,10.645731462290515,-6.635731233408679
64560,163.65,170.2860568948832,-6.636062998398813
23903,30.53,37.16730312616275,-6.637302439517242
87200,184.0,190.6397543469163,-6.639754346916305
4589,14.15,20.789902927443496,-6.6399033089132224
9941,14.06,20.70043334178047,-6.640432922163772
20644,33.06,39.70322013848217,-6.643218765191158
237518,1027.08,1033.7266117966929,-6.6466557420053505
58041,40.41,47.05703520932854,-6.64703536191643
30160,36.75,43.398355647414725,-6.648355647414725
9788,7.66,14.310098695307707,-6.650098847895597
83919,56.0,62.65477586357784,-6.654775863577839
98125,172.35,179.00676345667947,-6.65675735316384
50567,38.525,45.19129391624614,-6.666292390367232
49384,48.23,54.89910428621494,-6.669104743978615
14219,22.125,28.804461659647412,-6.679461659647412
4589,14.11,20.789902927443496,-6.67990327076625
15269,17.753,24.433380997928335,-6.680380738528921
33713,26.77,33.45316372213457,-6.683163264370897
98212,270.096,276.788577492043,-6.692569191261725
50846,26.0,32.694485144086485,-6.694485144086485
50846,26.0,32.694485144086485,-6.694485144086485
41329,29.28,35.97689182707369,-6.6968911404281855
8925,13.2,19.907175776129005,-6.707175966863868
15574,9.14,15.853389653259601,-6.713389309936847
30613,11.2,17.91475535467321,-6.7147555454080745
157933,249.225,255.94139935814349,-6.71639325462786
30495,42.5,49.227378209349425,-6.727378209349425
84346,73.96,80.68991739838278,-6.729918313910119
193294,955.99,962.7211891113225,-6.731198876947474
109588,439.541,446.27715079315226,-6.736165685730384
16351,8.175,14.91415960726085,-6.739159416525986
387638,55.9699,62.709790158800075,-6.739891934923122
10135,9.26,16.00054427412153,-6.7405440452396945
16744,6.57,13.311075909083941,-6.741075737422564
30543,79.24,85.98134994425105,-6.741352080481519
6400,27.24,33.986208185075256,-6.746208413957092
90900,158.45,165.19638811422217,-6.746391165979986
66661,132.974,139.72083062382745,-6.746831600389953
49108,30.11,36.85753784242459,-6.747537232073029
34563,5.0,11.754010704382967,-6.754010704382967
34563,5.0,11.754010704382967,-6.754010704382967
8837,65.0,71.75459461592263,-6.7545946159226276
8637,46.18,52.93587688508586,-6.75587657991008
93420,43.75,50.50728214850463,-6.757282148504629
58733,42.075,48.83283654061337,-6.757835777673918
80325,41.9167,48.67734147540079,-6.7606430195902405
8079,4.08,10.842593343773954,-6.762593420067899
33713,26.69,33.45316372213457,-6.763163188076952
34819,14.0,20.768623528426907,-6.768623528426907
31053,46.55,53.32551994486311,-6.775520707802563
168791,68.275,75.05522706316026,-6.780225537281353
64024,42.5603,49.345865967876115,-6.785567048198381
30000,11.61,18.401750384897426,-6.79175072822018
39143,30.0,36.79638489404596,-6.796384894045957
31053,46.525,53.32551994486311,-6.800518418984204
305268,111.181,117.98425630868269,-6.8032565528233135
104355,154.95,161.7541327402342,-6.8041357919920245
21168,23.75,30.55925140608615,-6.809251406086151
15120,8.0,14.809838501619142,-6.809838501619142
35990,179.633,186.44576044651237,-6.812764841043617
157113,5.16,11.977464329187958,-6.817464481775849
11143,17.06,23.877902974087156,-6.817903508144774
30495,42.4,49.227378209349425,-6.8273766834705185
15649,21.8734,28.701082346238177,-6.827682611741107
157545,175.185,182.01542427431616,-6.83042671572241
84615,63.55,70.38060445697676,-6.830605219916208
24875,19.54,26.373050955355765,-6.8330500398284215
11442,8.41,15.243184887108114,-6.833185039696005
10559,13.509,20.34537377089695,-6.836373946373023
125701,317.63,324.4719536659452,-6.841948783132693
16000,37.82,44.6661144648601,-6.846114770035882
63900,72.39,79.23777226772354,-6.847772878075105
53234,94.75,101.59823949114269,-6.848239491142692
56467,31.5,38.35536462510165,-6.85536462510165
8051,3.36,10.215411283123336,-6.855411388027511
6400,27.13,33.986208185075256,-6.856209024308654
77263,90.4167,97.27959058260959,-6.862888312101774
51020,14.735,21.598060232030413,-6.863060575353167
12773,4.72,11.583591724280815,-6.863591934089165
31316,15.8,22.667616655478536,-6.867616464743673
34171,31.48,38.35095066376559,-6.870951121529259
19823,115.125,122.00064198061145,-6.875641980611448
8637,46.06,52.93587688508586,-6.875875511794845
26372,61.7075,68.58564499375102,-6.878144535987346
101555,70.0,76.8793916439436,-6.879391643943606
77500,76.03,82.92114105555942,-6.891142276262542
15913,29.69,36.58207433605272,-6.892073801995103
78550,14.55,21.444047625618218,-6.894047434883355
8726,3.86,10.75529017489369,-6.895290279797864
52534,1.7839,8.681226430201681,-6.897326407694967
29778,13.91,20.80768162597745,-6.897681778565342
30160,36.5,43.398355647414725,-6.898355647414725
15306,10.2,17.103558978535954,-6.903559169270817
11900,30.55,37.4657365711648,-6.91573733410425
30171,19.415,26.331996075902747,-6.916995160375404
16744,6.39,13.311075909083941,-6.9210760425983455
26948,44.87,51.79781984899732,-6.927820917112555
177281,369.661,376.5889862839994,-6.927975541811918
61204,110.6,117.53228329946366,-6.932284825342563
47398,60.225,67.15849968605485,-6.933501211933759
13512,7.1667,14.10217560088639,-6.935475714564369
78550,14.5,21.444047625618218,-6.944047625618218
10873,8.79,15.73855929112631,-6.948559329273282
140345,175.86,182.81018742598226,-6.950186815630701
34563,4.8,11.754010704382967,-6.954010513648104
306140,36.06,43.021347810047516,-6.9613464367565
7675,7.88,14.842830740340098,-6.96283062589918
94988,59.083,66.04714714819919,-6.964146965093718
18432,24.15,31.118931138238125,-6.968931519707851
39538,19.95,26.920299389904763,-6.9702986269653096
16092,13.1,20.07593859121716,-6.975938209747433
46204,90.13,97.10717844999947,-6.977181196581498
62238,49.46,56.43786576971901,-6.9778666852463545
8000,12.94,19.91876652518705,-6.978766944803748
474680,821.96,828.9407222355082,-6.980700262851997
37107,130.054,137.03620508662948,-6.982204232137292
20444,22.56,29.543182547380642,-6.983183081438259
23605,5.7,12.685050390542859,-6.985050581277722
5013,4.56,11.552095354197538,-6.992095411417997
31316,15.675,22.667616655478536,-6.992616464743673
47500,54.33,61.32285640720736,-6.9928545761526735
45348,29.0,35.993275975793495,-6.993275975793495
46230,27.0,33.994873421229734,-6.994873421229734
58196,77.4791,84.47783244042338,-6.998729352044478
8079,3.84,10.842593343773954,-7.002593429604643
8079,3.84,10.842593343773954,-7.002593429604643
41241,26.0,33.01440978901789,-7.01440978901789
41241,26.0,33.01440978901789,-7.01440978901789
41241,26.0,33.01440978901789,-7.01440978901789
6400,26.97,33.986208185075256,-7.016208871720764
16098,13.58,20.596398209423327,-7.016398285717273
32256,57.199,64.2155734332177,-7.01657212096184
29149,3.9,10.91743338116423,-7.017433285796798
3267,23.01,30.0276103070647,-7.017610078182862
184098,620.123,627.1424160075418,-7.019430167698033
179449,365.74,372.75962880079385,-7.019638566418848
33215,48.75,55.78161488924037,-7.031614889240373
27648,19.102,26.13478073202051,-7.032781449183595
44218,36.48,43.516435268554595,-7.036435726318267
113580,116.0,123.04470541110781,-7.044705411107813
138602,91.0,98.04670134447302,-7.046701344473021
74599,124.6,131.64765654544456,-7.047658071323468
102191,165.135,172.19084799519547,-7.055853488359531
24643,56.92,63.979317808113954,-7.059319639168642
23549,10.8,17.864353116853138,-7.064352926118275
72958,41.225,48.289918767259365,-7.064920293138272
23903,30.095,37.16730312616275,-7.072303812808258
87107,74.09,81.16352436501019,-7.073528027119565
26372,61.505,68.58564499375102,-7.080643925635783
12773,4.5,11.583591724280815,-7.083591724280815
8168,13.9167,21.00396897663677,-7.08726861347759
51688,75.75,82.83793987884553,-7.087939878845532
7636,16.5,23.589878385380086,-7.089878385380086
126077,82.0,89.0927707238692,-7.092770723869194
52534,1.5736,8.681226430201681,-7.10762637641445
77700,64.51,71.61951473544303,-7.1095125992125645
44182,59.75,66.86000540657523,-7.110005406575226
40461,25.575,32.68642688363595,-7.1114261206965
16098,13.48,20.596398209423327,-7.116398667186999
44218,36.4,43.516435268554595,-7.116433742675689
9941,13.58,20.70043334178047,-7.120433418074416
8730,2.4,9.523992650585356,-7.123992555217924
39648,25.0,32.130720848534395,-7.130720848534395
3545,15.18,22.312161046531102,-7.132160741355321
128536,168.0,175.13262337944073,-7.13262337944073
128536,168.0,175.13262337944073,-7.13262337944073
52534,1.5475,8.681226430201681,-7.133726415896566
62238,49.3,56.43786576971901,-7.137866532658464
61439,18.2,25.338672833840796,-7.138672070901343
21892,23.62,30.75960088138099,-7.139600042147592
261091,237.255,244.39647565772987,-7.141470774917366
66187,28.0,35.145718577631136,-7.145718577631136
8925,12.76,19.907175776129005,-7.147175547247169
30160,36.25,43.398355647414725,-7.148355647414725
43007,44.2413,51.39110744937759,-7.149808773840483
101400,99.93,107.08104859584117,-7.151048290665386
60086,78.93,86.08153731823951,-7.151537013063731
13512,6.95,14.10217560088639,-7.152175791621254
58703,69.613,76.76906599693291,-7.156067034530565
116854,64.85,72.00819351848972,-7.158195044368625
58041,39.89,47.05703520932854,-7.167035819680102
58307,46.95,54.11843626329468,-7.16843550035523
4773,12.925,20.101508729557995,-7.176508538823132
33695,121.225,128.40724356207852,-7.182245087957426
143093,152.38,159.5636615206117,-7.183656637799203
144086,49.79,56.97404150683351,-7.1840405913061645
83800,122.4,129.58576344164652,-7.185761915767614
65907,81.12,88.30872612779567,-7.188723381213634
8637,45.74,52.93587688508586,-7.195875206619064
51020,14.4,21.598060232030413,-7.1980606135001395
65907,81.11,88.30872612779567,-7.198725517444103
2347,8.4,15.605713256051875,-7.205713637521601
11143,16.67,23.877902974087156,-7.207902897793211
177281,369.381,376.5889862839994,-7.207974321108793
65907,81.1,88.30872612779567,-7.208727653674572
15269,17.222,24.433380997928335,-7.211380875858023
122592,261.4,268.61191640810665,-7.2119225116222765
49100,49.21,56.42364631691706,-7.213647232444401
64560,163.07,170.2860568948832,-7.216049570664438
50552,206.576,213.79266891273667,-7.21666488441636
12754,17.2,24.418374203055837,-7.218373440116384
52534,1.4506,8.681226430201681,-7.230626402163656
57811,48.0,55.23225460989034,-7.23225460989034
57811,48.0,55.23225460989034,-7.23225460989034
18471,13.7,20.932552497188123,-7.232552687922986
22400,27.98,35.2146387862968,-7.2346392440604745
8079,3.6,10.842593343773954,-7.242593439141386
8079,3.6,10.842593343773954,-7.242593439141386
86786,65.0,72.24528804602814,-7.245288046028136
14125,15.53,22.775488655544972,-7.245488922573781
70042,202.3,209.54633916512242,-7.246336113364606
91629,58.0,65.24804076016954,-7.248040760169545
33530,8.23,15.48006783387146,-7.250068291635133
87131,111.25,118.50223802419774,-7.252238024197737
84346,73.4375,80.68991739838278,-7.252417398382775
37800,56.06,63.31257688081704,-7.252575507526025
51622,96.82,104.07337745429024,-7.253377759466019
34563,4.5,11.754010704382967,-7.254010704382967
77632,120.0,127.27497983577194,-7.274979835771944
37775,23.0,30.275287860848188,-7.275287860848188
32527,15.42,22.698255887297467,-7.278255811003522
52534,1.3986,8.681226430201681,-7.282626447940023
33713,26.17,33.45316372213457,-7.283163645840624
10334,6.54,13.823979355530275,-7.283979393677248
58703,69.485,76.76906599693291,-7.2840653865813465
40835,8.525,15.810589915386839,-7.285590296856565
30143,285.45,292.7399584355604,-7.289946228529175
14744,9.275,16.56694627468606,-7.291946656155787
51483,21.0,28.29415681686065,-7.294156816860649
1858,5.02,12.314679675683,-7.294679694756486
6139,11.25,18.546339444333615,-7.296339444333615
49108,29.56,36.85753784242459,-7.297538376482208
28760,30.375,37.67608026278639,-7.301080262786392
109071,38.8,46.106728262534595,-7.3067290254740485
21600,23.87,31.179455074209844,-7.309454234976446
56137,35.0,42.3111057578752,-7.311105757875197
24875,19.06,26.373050955355765,-7.3130514894133825
10151,10.8,18.116224386993043,-7.3162241962581795
34072,36.0,43.31795448611616,-7.317954486116157
36562,90.21,97.54477160197824,-7.334772517505584
30300,0.1143,7.449639896848932,-7.335339899161593
8051,2.88,10.215411283123336,-7.335411168682418
275793,606.0,613.3374926623571,-7.3374926623571355
57334,48.0,55.33863273027409,-7.338632730274092
16744,5.97,13.311075909083941,-7.341076118892291
150393,259.044,266.3872817571869,-7.343275409530634
21539,120.6,127.95131600271785,-7.351317528596752
194441,685.002,692.3594942510504,-7.357480090894114
30000,11.04,18.401750384897426,-7.361750423044398
24251,9.9,17.26671278792485,-7.3667131693945755
200442,638.0,645.3766118020225,-7.376611802022467
23605,5.3,12.685050390542859,-7.385050199807996
40835,8.425,15.810589915386839,-7.385589724651975
24875,18.98,26.373050955355765,-7.393051413119437
33215,48.387,55.78161488924037,-7.394613851642717
39538,19.525,26.920299389904763,-7.395299771374489
43000,29.09,36.48892836439465,-7.398928211806762
6010,30.44,37.844072382036856,-7.404071847979239
180625,167.15,174.55966251261353,-7.409668616129153
164206,626.399,633.8106849402451,-7.411698123838846
33713,26.04,33.45316372213457,-7.413162806607225
66532,33.9,41.313494841216816,-7.4134933153379095
34825,15.25,22.66509433928444,-7.41509433928444
34825,15.25,22.66509433928444,-7.41509433928444
43400,15.6,23.021419967731944,-7.421419586262218
14125,15.35,22.775488655544972,-7.425488274075246
16000,37.24,44.6661144648601,-7.426112786393304
10151,10.69,18.116224386993043,-7.426224806609742
50020,23.5,30.92727077113561,-7.4272707711356105
78438,75.325,82.75468417196358,-7.429687223721388
13091,32.536,39.96700182082713,-7.431002522731426
68693,280.9,288.3336933551416,-7.433699458657202
8726,3.32,10.75529017489369,-7.4352902416508915
47191,23.0,30.43740339910606,-7.43740339910606
26033,15.0,22.443141631421263,-7.443141631421263
93500,54.2,61.64521420642434,-7.445213443484889
66187,27.7,35.145718577631136,-7.445717814691683
66187,27.7,35.145718577631136,-7.445717814691683
40697,17.0,24.450107735374672,-7.450107735374672
31614,6.9,14.355366460165289,-7.455366364797857
80205,35.299,42.75740428944886,-7.458404503071904
78550,13.98,21.444047625618218,-7.46404808338189
81881,116.5,123.96557221326145,-7.465572213261453
124197,59.0,66.46660534492845,-7.466605344928453
24251,9.8,17.26671278792485,-7.466712597189986
58703,69.299,76.76906599693291,-7.47006239585869
9838,77.4425,84.91373325796245,-7.47123600454448
37083,28.83,36.306878097871945,-7.47687817416589
93608,46.525,54.00984954428346,-7.484848018404556
43007,43.9057,51.39110744937759,-7.485406765783843
102957,84.8,92.28592317149574,-7.485920119737926
24992,22.0,29.487568285009715,-7.487568285009715
21582,7.15,14.638583031003636,-7.488582935636204
45348,28.5,35.993275975793495,-7.493275975793495
11910,13.95,21.445607696691635,-7.495607887426498
42755,64.0,71.50197785423241,-7.501977854232408
6010,30.34,37.844072382036856,-7.5040722294489655
56569,21.972,29.47818356152074,-7.506183439450428
24643,56.47,63.979317808113954,-7.509316587410829
41302,10.15,17.661012010685784,-7.511012392155511
57274,38.46,45.97178662242205,-7.511787537949395
23153,5.2,12.71664711544531,-7.5166473061801735
17132,7.7,15.217421979690537,-7.5174221704254
11329,3.61,11.129841220967467,-7.519841325871642
15489,43.5,51.02872443251431,-7.528724432514309
35936,33.5,41.028803311034586,-7.528803311034586
13512,6.5667,14.10217560088639,-7.535475619196937
21582,7.1,14.638583031003636,-7.538583126371067
267536,627.449,634.9900606018931,-7.541085992518106
59476,32.594,40.13679066234817,-7.5427888923286375
9813,11.45,18.994625230529206,-7.544625421264069
21539,120.4,127.95131600271785,-7.5513144768389395
49078,28.49,36.04691772508652,-7.556917953968359
50493,22.535,30.09239810014734,-7.557398252735229
49108,29.3,36.85753784242459,-7.557538605364044
12761,37.49,45.050694106897524,-7.560692428430727
64723,50.4,57.96190658833145,-7.561905062452546
54207,34.0,41.56400090084381,-7.5640009008438085
54207,34.0,41.56400090084381,-7.5640009008438085
24875,18.79,26.373050955355765,-7.5830500398284215
14125,15.19,22.775488655544972,-7.5854890751616715
49384,47.31,54.89910428621494,-7.589102912923927
93313,49.6833,57.281569807338386,-7.598269789027839
28750,12.82,20.419397606739302,-7.599397911915084
4773,12.5,20.101508729557995,-7.601508729557995
56629,77.0,84.602373841273,-7.602373841273007
214252,41.0,48.602601422703465,-7.602601422703465
62242,102.0,109.60821651990702,-7.6082165199070175
15269,16.824,24.433380997928335,-7.609381593021109
3000,3.625,11.235324994638358,-7.610324994638358
23153,5.1,12.71664711544531,-7.616647210812742
29149,3.3,10.91743338116423,-7.617433428847946
43681,136.04,143.66093006200165,-7.6209367758688416
43400,15.4,23.021419967731944,-7.621420349201671
43400,15.4,23.021419967731944,-7.621420349201671
37800,55.69,63.31257688081704,-7.622578254108056
9666,8.2,15.822944010770948,-7.6229442015058115
8730,1.9,9.523992650585356,-7.623992674427214
8730,1.9,9.523992650585356,-7.623992674427214
8637,45.31,52.93587688508586,-7.625875511794845
112536,156.6,164.22713646287875,-7.627130359363122
44352,26.7167,34.35038839955675,-7.633688799337023
58307,46.4833,54.11843626329468,-7.635137007923589
41329,28.34,35.97689182707369,-7.636891674485803
78550,13.8,21.444047625618218,-7.644047434883355
39538,19.275,26.920299389904763,-7.645299771374489
3853,58.9,66.54581061520122,-7.645809089322313
52034,46.25,53.89970547704957,-7.649705477049572
113000,92.4222,100.07416983469788,-7.65196677073304
10151,10.46,18.116224386993043,-7.65622434884607
47398,59.5,67.15849968605485,-7.658499686054853
143228,864.0,871.6615900076947,-7.661590007694713
33148,70.375,78.03766971688533,-7.662669716885333
54061,68.04,75.70343828630207,-7.66343737077473
9813,11.33,18.994625230529206,-7.664625306823151
31316,15.0,22.667616655478536,-7.667616655478536
79782,47.569,55.236915331602816,-7.667915087462191
27640,22.3679,30.04829477910019,-7.680393930711517
10334,6.14,13.823979355530275,-7.683979489044679
8925,12.22,19.907175776129005,-7.6871755091001965
23918,36.19,43.88713769119034,-7.697139064481355
18000,44.16,51.86341238506539,-7.7034125376532785
405083,85.4,93.1034644247677,-7.703462898888787
10334,6.12,13.823979355530275,-7.703979469971193
10334,6.12,13.823979355530275,-7.703979469971193
9813,11.29,18.994625230529206,-7.704625268676178
23918,36.18,43.88713769119034,-7.7071373860145584
21472,54.19,61.897768973311585,-7.707770346602601
28750,12.71,20.419397606739302,-7.70939756859233
66600,57.7,65.40980640194115,-7.709805639001701
75650,43.13,50.84006241374371,-7.710061345628475
40461,24.975,32.68642688363595,-7.711426502166226
74682,193.38,201.0963092056237,-7.716304322811197
23153,5.0,12.71664711544531,-7.71664711544531
41329,28.26,35.97689182707369,-7.716891598191857
31316,14.95,22.667616655478536,-7.717616846213399
67839,48.584,56.30946905290408,-7.725469419115015
23903,29.44,37.16730312616275,-7.727302592105133
91149,545.5,553.2333649124221,-7.733364912422076
87187,56.01,63.74561741024058,-7.735619088707374
6431,10.25,17.996440658666852,-7.746440658666852
1843,7.67,15.416914021785947,-7.746913945492002
17220,35.375,43.124059381666974,-7.749059381666974
50493,22.3375,30.09239810014734,-7.754898481617065
105000,225.26,233.0179597824745,-7.757965275638554
34819,13.0,20.768623528426907,-7.768623528426907
29778,13.03,20.80768162597745,-7.77768189300626
12773,3.8,11.583591724280815,-7.783591771964531
14125,14.99,22.775488655544972,-7.785488884426808
56637,102.5,110.28639682585973,-7.786396825859725
115676,148.715,156.5017153738466,-7.786719035955969
57274,38.18,45.97178662242205,-7.79178631724627
20291,5.825,13.617885556631236,-7.7928857473661
56467,30.562,38.35536462510165,-7.793364350443447
39143,29.0,36.79638489404596,-7.796384894045957
72958,40.4875,48.289918767259365,-7.802419530198819
283,0.0,7.805156831995399,-7.805156831995399
283,0.0,7.805156831995399,-7.805156831995399
283,0.0,7.805156831995399,-7.805156831995399
283,0.0,7.805156831995399,-7.805156831995399
283,0.0,7.805156831995399,-7.805156831995399
283,0.0,7.805156831995399,-7.805156831995399
283,0.0,7.805156831995399,-7.805156831995399
68701,40.6775,48.484194702905036,-7.806693024438239
23903,29.36,37.16730312616275,-7.8073025158111875
26325,11.25,19.062774038055142,-7.812774038055142
51020,13.785,21.598060232030413,-7.8130603846183035
21600,23.36,31.179455074209844,-7.819454463858282
8730,1.7,9.523992650585356,-7.82399260290164
8726,2.93,10.75529017489369,-7.825290108136487
22524,18.0,25.82641212471668,-7.826412124716679
22524,18.0,25.82641212471668,-7.826412124716679
75650,43.01,50.84006241374371,-7.830064092210506
27071,14.0,21.831712383191665,-7.831712383191665
128044,109.317,117.1487416644861,-7.831740321712658
40492,9.05,16.882705463049422,-7.832705272314559
24875,18.54,26.373050955355765,-7.8330500398284215
126045,44.6,52.449307087897715,-7.849308613776621
30531,22.0,29.854562326432266,-7.854562326432266
30531,22.0,29.854562326432266,-7.854562326432266
78438,74.9,82.75468417196358,-7.854682646084669
39788,12.75,20.60702695546327,-7.857026955463269
62242,101.75,109.60821651990702,-7.8582165199070175
86167,37.0,44.85891121731448,-7.858911217314478
35241,40.4,48.26008187050891,-7.860080344630006
39541,16.31,24.176901575028438,-7.866902109086055
53651,104.567,112.43428590103225,-7.867284558258817
29778,12.94,20.80768162597745,-7.867682045594151
51176,29.69,37.55825024664037,-7.868249712582752
65907,80.44,88.30872612779567,-7.868723686389416
9838,77.0425,84.91373325796245,-7.871229901028855
65663,73.3,81.17271682915242,-7.872713777394608
7675,6.97,14.842830740340098,-7.8728309501484475
13224,12.95,20.831168170893967,-7.881168361628831
71100,7.76,15.643239961353343,-7.883239732471507
20804,10.08,17.963342835001335,-7.88334291129528
68030,64.516,72.39935889790297,-7.88336005757094
14185,7.875,15.761367864161777,-7.886367864161777
57100,34.88,42.771477017837995,-7.891475949722761
27452,12.0,19.906778956253365,-7.9067789562533655
9941,12.79,20.70043334178047,-7.9104333799274436
42129,17.3333,25.24678838682009,-7.913488749979269
142901,221.675,229.5892728283069,-7.914269776549077
34825,14.75,22.66509433928444,-7.91509433928444
14125,14.86,22.775488655544972,-7.915488998867726
4768,7.3,15.216622657709545,-7.916622466974681
23153,4.8,12.71664711544531,-7.916646924710447
49108,28.94,36.85753784242459,-7.917537308366974
29778,12.87,20.80768162597745,-7.93768174041837
14125,14.83,22.775488655544972,-7.945488731838918
34758,15.0,22.946292666346395,-7.946292666346395
79900,92.9436,100.89239257329773,-7.948789057672727
129707,73.0,80.95997769504783,-7.959977695047826
62279,63.8849,71.84595430030758,-7.961055160903285
11270,3.7,11.670955286483407,-7.970955238799691
92500,130.029,138.00683095765532,-7.977823999647512
83400,60.46,68.44088068827044,-7.980881603797783
41933,32.25,40.23331681580517,-7.983316815805168
14125,14.79,22.775488655544972,-7.985488693691945
14219,20.812,28.804461659647412,-7.992461384989209
111360,121.325,129.3188353434009,-7.993838395158718
14185,7.765,15.761367864161777,-7.996367997676181
166489,105.489,113.48848531554127,-7.999486902455331
36406,23.12,31.119898488800242,-7.999897649566844
159384,335.0,343.0014627080198,-8.001462708019801
161969,179.0,187.00168758470028,-8.001687584700278
30531,21.85,29.854562326432266,-8.00456194496254
152312,458.708,466.7172848802885,-8.009277067788503
41302,9.65,17.661012010685784,-8.01101239215551
78550,13.43,21.444047625618218,-8.014047320442437
41241,25.0,33.01440978901789,-8.01440978901789
31316,14.65,22.667616655478536,-8.017617036948263
39538,18.9,26.920299389904763,-8.02029977137449
43400,15.0,23.021419967731944,-8.021419967731944
14219,20.778,28.804461659647412,-8.026461781717725
59476,32.11,40.13679066234817,-8.026790051996606
56637,102.25,110.28639682585973,-8.036396825859725
50327,40.0,48.03663620557968,-8.036636205579683
17077,33.0,41.03909480832238,-8.039094808322382
54172,63.0,71.0443150955931,-8.044315095593106
28750,12.37,20.419397606739302,-8.04939772118022
23903,29.117,37.16730312616275,-8.050302546328766
17927,20.89,28.943953453402244,-8.053954063753807
6010,29.79,37.844072382036856,-8.054071466509512
5376,6.143,14.199046997164576,-8.056046871279566
24867,53.6,61.657707717972905,-8.05770924385181
44784,17.0,25.05864789080191,-8.058647890801911
32766,30.2833,38.34689649346052,-8.063596093680246
144086,48.91,56.97404150683351,-8.064041659421399
24251,9.2,17.26671278792485,-8.066712978659712
33530,7.4125,15.48006783387146,-8.067567929238892
51176,29.49,37.55825024664037,-8.068250475522206
3000,3.1667,11.235324994638358,-8.068625108316336
31053,45.25,53.32551994486311,-8.07551994486311
40835,7.725,15.810589915386839,-8.08559001075427
14744,8.475,16.56694627468606,-8.091945893216334
126077,81.0,89.0927707238692,-8.092770723869194
193960,154.0,162.09759348154546,-8.09759348154546
51176,29.46,37.55825024664037,-8.098251162167713
37096,22.574,30.672807248367594,-8.098807843460367
44352,26.25,34.35038839955675,-8.10038839955675
20110,26.77,34.873700489292,-8.103700031528327
27640,21.9429,30.04829477910019,-8.105395075120697
118231,124.812,132.91861146658698,-8.106615006626043
42028,19.195,27.303172086076124,-8.108172391251905
62242,101.5,109.60821651990702,-8.108216519907018
16351,6.8,14.91415960726085,-8.114159416525986
4768,7.1,15.216622657709545,-8.116622753076976
23153,4.6,12.71664711544531,-8.116647210812742
23153,4.6,12.71664711544531,-8.116647210812742
53651,104.317,112.43428590103225,-8.117284558258817
14125,14.65,22.775488655544972,-8.125489037014699
31053,45.2,53.32551994486311,-8.125519181923657
373416,109.0,117.12672910456456,-8.12672910456456
9941,12.57,20.70043334178047,-8.130433646956252
39648,24.0,32.130720848534395,-8.130720848534395
15489,42.8961,51.02872443251431,-8.132625341938137
116854,63.875,72.00819351848972,-8.133193518489719
180625,166.425,174.55966251261353,-8.134659460855715
40835,7.675,15.810589915386839,-8.135589724651975
35241,40.12,48.26008187050891,-8.140082938624147
37096,22.528,30.672807248367594,-8.144807370437906
66187,27.0,35.145718577631136,-8.145718577631136
17879,55.8,63.95125618590682,-8.151256948846274
33246,13.3333,21.48922706643315,-8.155927429592328
27814,298.25,306.41005068900006,-8.160050689000059
72102,96.81,104.97293986818634,-8.162942309592594
20804,9.8,17.963342835001335,-8.163342644266471
160038,83.5,91.67178586365603,-8.171785863656027
99541,86.05,94.22317074570154,-8.173167693943725
157723,141.04,149.21804151294924,-8.17804822681643
39807,20.461,28.646733807880572,-8.18573336537569
36904,36.57,44.75681340557054,-8.186813710746321
36744,121.42,129.61788150425338,-8.197883335308063
49553,96.75,104.94885987553057,-8.198859875530573
327256,921.11,929.3100436754685,-8.200058323905978
179167,66.38,74.59056572612883,-8.210568472710861
83772,18.529,26.74168677724888,-8.212687448635599
78550,13.23,21.444047625618218,-8.21404808338189
237704,180.257,188.4720388998697,-8.21503511569
23153,4.5,12.71664711544531,-8.21664711544531
12773,3.36,11.583591724280815,-8.22359182918499
8730,1.3,9.523992650585356,-8.223992698269072
8730,1.3,9.523992650585356,-8.223992698269072
12761,36.82,45.050694106897524,-8.230694412073305
61756,65.0,73.23098679483137,-8.230986794831367
61756,65.0,73.23098679483137,-8.230986794831367
57811,47.0,55.23225460989034,-8.23225460989034
41933,32.0,40.23331681580517,-8.233316815805168
72709,27.404,35.63741018810328,-8.23341085949
68701,40.245,48.484194702905036,-8.23919577102027
144086,48.73,56.97404150683351,-8.24404196459718
16576,39.6,47.84645721998391,-8.246458745862817
91629,57.0,65.24804076016954,-8.248040760169545
30000,10.15,18.401750384897426,-8.251750766367152
50493,21.84,30.09239810014734,-8.252397947559448
2347,7.35,15.605713256051875,-8.255713351419306
38598,57.0,65.25679238145119,-8.256792381451191
83660,111.1,119.35749862291706,-8.25750014879597
29775,178.375,186.63343886940194,-8.258438869401942
10733,12.52,20.779457008483618,-8.259456550719946
52748,39.445,47.706419178192554,-8.261419483368336
48881,26.325,34.59207434655215,-8.2670735836127
30531,21.5833,29.854562326432266,-8.271262689591445
24875,18.1,26.373050955355765,-8.273050573886039
77632,119.0,127.27497983577194,-8.274979835771944
37775,22.0,30.275287860848188,-8.275287860848188
27640,21.7692,30.04829477910019,-8.279095407762298
122592,260.33,268.61191640810665,-8.281929835841026
19041,1.5,9.783589393042947,-8.283589393042947
41302,9.375,17.661012010685784,-8.286012010685784
110000,87.69,95.97805314507585,-8.288050703669597
20291,5.325,13.617885556631236,-8.2928857473661
74443,172.441,180.73524468056496,-8.294250417869648
23702,22.7765,31.071029722891875,-8.294529020987579
32766,30.05,38.34689649346052,-8.296897256399973
72332,211.036,219.3387453443446,-8.302749860946165
15420,13.88,22.184755093180282,-8.304754978739364
56137,34.0,42.3111057578752,-8.311105757875197
24979,58.0,66.31226104853744,-8.312261048537437
28432,40.425,48.739234765419816,-8.31423552835927
28084,31.125,39.441034602624484,-8.316034602624484
23153,4.4,12.71664711544531,-8.316647020077879
30171,18.01,26.331996075902747,-8.321995847020911
46204,88.785,97.10717844999947,-8.322174787890091
148032,103.0,111.32394582057324,-8.323945820573243
6400,25.66,33.986208185075256,-8.326208337663147
90903,114.51,122.8553734934379,-8.345371357207426
33012,46.5,54.84626325842555,-8.346263258425552
72709,27.288,35.63741018810328,-8.349410081291758
31053,44.975,53.32551994486311,-8.350521470742017
51020,13.2425,21.598060232030413,-8.355559926854632
40492,8.525,16.882705463049422,-8.357705844519149
42214,23.35,31.71200368630765,-8.362003304837923
450000,1227.36,1235.7242122358653,-8.364226884302752
150393,258.022,266.3872817571869,-8.365278583358759
19000,19.99,28.360372671680704,-8.37037290056254
39807,20.272,28.646733807880572,-8.374734448749713
57165,55.95,64.32601255345907,-8.376011790519613
40531,44.22,52.5972738210826,-8.377272600379477
72193,106.1,114.48018878073024,-8.380190306609151
27000,64.2972,72.67887999204895,-8.381676928084104
180625,166.175,174.55966251261353,-8.384659460855715
35241,39.87,48.26008187050891,-8.390082938624147
30160,35.0,43.398355647414725,-8.398355647414725
20804,9.56,17.963342835001335,-8.403342415384635
138316,327.8,336.2114132903778,-8.411425497409027
23153,4.3,12.71664711544531,-8.416646924710447
148829,191.73,200.15346486354,-8.423469136000932
9703,0.25,8.68088332404451,-8.43088332404451
3000,2.7917,11.235324994638358,-8.443625108316336
167055,99.8,108.24857773041703,-8.448574678659213
28750,11.97,20.419397606739302,-8.449397339710494
4773,11.65,20.101508729557995,-8.451509111027722
96929,27.0,35.453775503813034,-8.453775503813034
11270,3.2,11.670955286483407,-8.470955238799691
207000,466.34,474.81716252666666,-8.477166188776039
83660,110.88,119.35749862291706,-8.477501369499095
87977,45.55,54.03117717693609,-8.481177939875543
62205,93.22,101.70138266734581,-8.481381446642686
35253,103.333,111.81619961357337,-8.483199430467906
41933,31.75,40.23331681580517,-8.483316815805168
24992,21.0,29.487568285009715,-8.487568285009715
35829,40.483,48.9707919912352,-8.487790282250828
22334,83.12,91.61699688537199,-8.496994138789958
21600,22.68,31.179455074209844,-8.499454769034063
21866,13.65,22.151210485259472,-8.501210866729199
809530,164.17,172.67594423419908,-8.505946065253767
21892,22.25,30.75960088138099,-8.50960088138099
93500,53.1333,61.64521420642434,-8.511913425174342
47954,40.5,49.02727559162675,-8.527275591626747
144900,207.3,215.83014309855787,-8.530140046800057
84615,61.85,70.38060445697676,-8.530605982855661
59476,31.603,40.13679066234817,-8.533790021479028
12754,15.88,24.418374203055837,-8.538374088614919
72709,27.097,35.63741018810328,-8.540410066032969
36562,89.0,97.54477160197824,-8.54477160197824
122922,308.15,316.7091629641167,-8.559169067632297
54207,33.0,41.56400090084381,-8.564000900843808
24251,8.7,17.26671278792485,-8.566712978659712
24251,8.7,17.26671278792485,-8.566712978659712
137522,116.0,124.566979656218,-8.566979656217995
39558,29.9467,38.51438208472304,-8.567682942266984
157545,173.447,182.01542427431616,-8.568418048730223
62279,63.2675,71.84595430030758,-8.578452469252895
116872,153.28,161.86242711476467,-8.582428335467796
23392,18.81,27.398699271212255,-8.588699805269872
93897,332.813,341.40743705984255,-8.59444877859255
53855,3.27,11.866410322933811,-8.596410342007298
99541,85.625,94.22317074570154,-8.598170745701537
214252,40.0,48.602601422703465,-8.602601422703465
214252,40.0,48.602601422703465,-8.602601422703465
214252,40.0,48.602601422703465,-8.602601422703465
42942,149.562,158.16776754912098,-8.605771089160044
30949,19.66,28.272343008128818,-8.612343160716708
49108,28.24,36.85753784242459,-8.617538071306427
104355,153.133,161.7541327402342,-8.621137134765462
33530,6.8575,15.48006783387146,-8.622567757577515
11910,12.81,21.445607696691635,-8.635607277074936
18432,22.48,31.118931138238125,-8.638931596001797
93764,32.4,41.03982342026941,-8.6398218943905
35465,34.13,42.77485475676939,-8.644853688654159
33215,47.13,55.78161488924037,-8.651613821125139
133072,101.583,110.23620267791098,-8.653202494805512
27814,297.75,306.41005068900006,-8.660050689000059
195437,284.891,293.5527209995151,-8.661729788577588
71100,6.98,15.643239961353343,-8.663239942279857
52302,6.3,14.964148787276185,-8.664148596541322
52302,6.3,14.964148787276185,-8.664148596541322
553210,387.73,396.39464826051767,-8.664637274189545
34825,14.0,22.66509433928444,-8.66509433928444
36562,88.86,97.54477160197824,-8.684770991626678
23605,4.0,12.685050390542859,-8.685050390542859
31346,38.05,46.73765490910653,-8.687655672045985
50846,24.0,32.694485144086485,-8.694485144086485
11910,12.75,21.445607696691635,-8.695607696691635
11143,15.18,23.877902974087156,-8.697902668911375
96124,175.43,184.13046255271308,-8.700469876931834
60100,182.9,191.61497745035555,-8.714983553871178
50567,36.475,45.19129391624614,-8.716295442125045
30000,9.68,18.401750384897426,-8.721750079721645
42028,18.576,27.303172086076124,-8.727171872453077
37803,11.085,19.814994406317467,-8.729994368170495
56467,29.625,38.35536462510165,-8.73036462510165
62242,100.875,109.60821651990702,-8.733216519907018
41933,31.5,40.23331681580517,-8.733316815805168
47398,58.425,67.15849968605485,-8.733500448994306
93608,45.275,54.00984954428346,-8.734848018404556
42129,16.5,25.24678838682009,-8.74678838682009
12773,2.83,11.583591724280815,-8.75359180057476
101262,132.01,140.76445811348955,-8.754463606653616
8837,63.0,71.75459461592263,-8.754594615922628
31614,5.6,14.355366460165289,-8.75536655553272
80325,39.9167,48.67734147540079,-8.76064301959024
26507,50.4583,59.21928039186098,-8.760978847671524
29778,12.04,20.80768162597745,-8.767681664124424
34819,12.0,20.768623528426907,-8.768623528426907
35465,34.0,42.77485475676939,-8.774854756769393
35465,34.0,42.77485475676939,-8.774854756769393
20444,20.764,29.543182547380642,-8.779182608415798
65999,44.175,52.96047951490119,-8.785480277840641
36221,12.4,21.18585997247453,-8.785860353944255
75000,71.0,79.79379303597848,-8.793793035978481
50577,41.95,50.74940251520265,-8.799401752263194
57165,55.52,64.32601255345907,-8.806012095695394
24875,17.56,26.373050955355765,-8.813051489413382
22000,52.35,61.16436187749794,-8.814363403376845
43400,14.2,23.021419967731944,-8.821420158466807
19446,52.75,61.575486210799156,-8.825486210799156
31346,37.91,46.73765490910653,-8.827655061694422
23392,18.57,27.398699271212255,-8.828699576388036
48881,25.75,34.59207434655215,-8.842074346552153
20444,20.701,29.543182547380642,-8.842182333757595
32256,55.354,64.2155734332177,-8.861573341664965
24251,8.4,17.26671278792485,-8.866713169394576
24875,17.5,26.373050955355765,-8.873050955355765
10334,4.95,13.823979355530275,-8.873979546265138
40611,23.175,32.049296199288236,-8.874296962227689
25463,29.679,38.554577827050835,-8.875576972558648
12754,15.54,24.418374203055837,-8.87837424120281
101555,68.0,76.8793916439436,-8.879391643943606
101555,68.0,76.8793916439436,-8.879391643943606
101555,68.0,76.8793916439436,-8.879391643943606
78438,73.875,82.75468417196358,-8.879684171963575
32766,29.4667,38.34689649346052,-8.880196893240793
193294,953.84,962.7211891113225,-8.881162255853724
20804,9.08,17.963342835001335,-8.88334291129528
47007,32.3167,41.20119199898918,-8.884492017299728
98212,267.904,276.788577492043,-8.884585792824225
234476,322.813,331.70978337316245,-8.896795091912452
112536,155.33,164.22713646287875,-8.89713463182406
27452,11.0,19.906778956253365,-8.906778956253365
27452,11.0,19.906778956253365,-8.906778956253365
27452,11.0,19.906778956253365,-8.906778956253365
27452,11.0,19.906778956253365,-8.906778956253365
28991,10.513,19.421277134745118,-8.908277600138184
27814,297.5,306.41005068900006,-8.910050689000059
37096,21.762,30.672807248367594,-8.91080811811857
33148,69.125,78.03766971688533,-8.912669716885333
31283,60.51,69.4308234206956,-8.9208250991624
49553,96.025,104.94885987553057,-8.923858349651667
66404,85.86,94.78397760438385,-8.923976994032287
19315,25.11,34.038511165160656,-8.928510554809094
87977,45.1,54.03117717693609,-8.931178702814996
30543,77.05,85.98134994425105,-8.931346892493238
130794,102.1,111.03177508704026,-8.931776612919165
7675,5.91,14.842830740340098,-8.932830892927988
105500,89.0,97.93455912021871,-8.934559120218708
34758,14.0,22.946292666346395,-8.946292666346395
45224,64.37,73.32295407489268,-8.952951328310647
117054,86.729,95.68483085440359,-8.955834577548117
74584,52.37,61.327028696652015,-8.957029764767249
167055,99.28,108.24857773041703,-8.96857895112015
99325,154.1,163.07313549076477,-8.973129387249145
166814,74.75,83.7316363770681,-8.9816363770681
41329,26.99,35.97689182707369,-8.98689205595553
83660,110.37,119.35749862291706,-8.987495876335032
553210,387.4,396.39464826051767,-8.994654364033295
161969,178.0,187.00168758470028,-9.001687584700278
37917,42.5625,51.566530785654486,-9.004030785654486
72800,66.84,75.8490683537759,-9.00907201588528
8051,1.2,10.215411283123336,-9.01541123543962
40085,41.5,50.522949634775095,-9.022949634775095
74420,57.5,66.52485936242486,-9.024859362424863
202937,388.0,397.02891710963456,-9.028917109634563
34875,5.4,14.432802696542378,-9.032802601174946
14125,13.74,22.775488655544972,-9.035488884426808
7636,14.55,23.589878385380086,-9.039878194645222
9838,75.8675,84.91373325796245,-9.046232952786667
53130,89.7567,98.80295451665741,-9.04625590825897
18414,37.5,46.547193360977445,-9.047193360977445
4589,11.74,20.789902927443496,-9.049903156325332
84365,77.861,86.9117012043595,-9.050701143324346
481999,118.0,127.05085509300926,-9.050855093009261
96929,26.4,35.453775503813034,-9.05377588528276
133100,123.713,132.7679573791534,-9.05495994262995
52302,5.9,14.964148787276185,-9.064148691908754
58041,37.99,47.05703520932854,-9.067033530861742
545351,626.605,635.6722651476589,-9.06728467890889
28750,11.35,20.419397606739302,-9.069397225269576
16092,11.0,20.07593859121716,-9.07593859121716
39649,46.0,55.08275783177581,-9.082757831775808
34875,5.35,14.432802696542378,-9.08280279190981
19041,0.7,9.783589393042947,-9.083589404963876
33215,46.692,55.78161488924037,-9.089613546466936
16802,156.2,165.29263217265924,-9.092635224417052
154706,987.5,996.5970599576602,-9.097059957660235
50000,54.79,63.88725651604469,-9.097255600517343
44182,57.75,66.86000540657523,-9.110005406575226
26926,9.816,18.93111771226888,-9.115117727527668
42028,18.187,27.303172086076124,-9.11617181141792
85164,53.012,62.12982568518678,-9.117824647589124
86323,68.62,77.74988560464969,-9.12988285806766
128536,166.0,175.13262337944073,-9.13262337944073
87107,72.03,81.16352436501019,-9.133525585713315
28991,10.287,19.421277134745118,-9.134277432291505
49108,27.72,36.85753784242459,-9.137538529070099
35241,39.11,48.26008187050891,-9.15008126015735
49108,27.7,36.85753784242459,-9.157537079485138
40492,7.725,16.882705463049422,-9.157705558416854
8079,1.68,10.842593343773954,-9.162593396226042
87976,142.0,151.16459916034785,-9.164599160347848
40531,43.43,52.5972738210826,-9.167273515906821
32527,13.53,22.698255887297467,-9.168256154326276
11270,2.5,11.670955286483407,-9.170955286483407
39558,29.333,38.51438208472304,-9.18138190161757
15250,60.0653,69.25336727592274,-9.188067288129773
70040,72.895,82.08388411923272,-9.188887476166315
150393,257.188,266.3872817571869,-9.199293475936884
65000,87.23,96.43054910446315,-9.20054574752956
27000,63.4781,72.67887999204895,-9.200780169050901
68146,174.896,184.10223428377452,-9.206238190024521
116854,62.8,72.00819351848972,-9.208194281429172
50623,62.875,72.08712626230438,-9.21212626230438
66532,32.1,41.313494841216816,-9.213496367095722
11274,14.11,23.325137335591627,-9.215137678914381
22101,64.5,73.71617728775752,-9.216177287757517
23153,3.5,12.71664711544531,-9.21664711544531
33012,45.625,54.84626325842555,-9.221263258425552
39558,29.2875,38.51438208472304,-9.226881703253312
86120,148.75,157.98160241091173,-9.231602410911734
98125,169.775,179.00676345667947,-9.23176956019509
57811,46.0,55.23225460989034,-9.23225460989034
34875,5.2,14.432802696542378,-9.232802887277241
81580,230.5,239.73292916022604,-9.232929160226035
41933,31.0,40.23331681580517,-9.233316815805168
5630,1.9583,11.196253706585187,-9.237953712116498
115288,126.275,135.51306676948488,-9.238065243605973
142901,220.35,229.5892728283069,-9.239266724791264
93764,31.8,41.03982342026941,-9.23982418320886
151637,660.55,669.7913889476829,-9.24140115471414
74682,191.85,201.0963092056237,-9.246303102108072
187174,343.163,352.41482775024036,-9.251833365474738
24875,17.12,26.373050955355765,-9.253050116122367
83800,120.33,129.58576344164652,-9.255761610591833
177281,367.327,376.5889862839994,-9.261990434390043
52302,5.7,14.964148787276185,-9.264148978011049
21903,67.54,76.80909051279772,-9.26908959727038
77632,118.0,127.27497983577194,-9.274979835771944
31053,44.05,53.32551994486311,-9.275520707802563
16092,10.8,20.07593859121716,-9.275938400482296
130794,101.75,111.03177508704026,-9.281775087040259
15950,15.73,25.01212443587843,-9.282124893642102
35829,39.685,48.9707919912352,-9.285790617944187
78002,60.0,69.28606645041513,-9.286066450415134
56637,101.0,110.28639682585973,-9.286396825859725
4589,11.5,20.789902927443496,-9.289902927443496
56467,29.063,38.35536462510165,-9.292364899759853
51483,19.0,28.29415681686065,-9.29415681686065
553210,387.1,396.39464826051767,-9.294642157002045
6400,24.69,33.986208185075256,-9.296207651017639
23918,34.59,43.88713769119034,-9.297137538602449
144086,47.67,56.97404150683351,-9.304043337888196
346056,45.0,54.30425170417892,-9.304251704178917
346056,45.0,54.30425170417892,-9.304251704178917
4589,11.48,20.789902927443496,-9.309903385207168
3545,13.0,22.312161046531102,-9.312161046531102
24979,57.0,66.31226104853744,-9.312261048537437
34072,34.0,43.31795448611616,-9.317954486116157
68701,39.1625,48.484194702905036,-9.321696228783942
24875,17.05,26.373050955355765,-9.323051718295218
28760,28.35,37.67608026278639,-9.326079881316666
4583,7.12,16.451960637272258,-9.331960751713176
57334,46.0,55.33863273027409,-9.338632730274092
28084,30.1,39.441034602624484,-9.341034221154757
232139,591.098,600.4430314095656,-9.345008948628106
11900,28.12,37.4657365711648,-9.345735731931399
133100,123.408,132.7679573791534,-9.35996024780573
52748,38.342,47.706419178192554,-9.364420124237476
44352,24.9833,34.35038839955675,-9.367089144185655
11270,2.3,11.670955286483407,-9.370955334167123
64749,33.0,42.372002228249336,-9.372002228249336
112536,154.85,164.22713646287875,-9.377130359363122
3267,20.65,30.0276103070647,-9.377610688534425
83772,17.359,26.74168677724888,-9.382687524929544
78550,12.06,21.444047625618218,-9.384047206001519
140488,149.175,158.57395552225643,-9.398952470498614
89456,130.0,139.4143177820109,-9.414317782010897
34825,13.25,22.66509433928444,-9.41509433928444
186572,62.0,71.41608906385036,-9.416089063850364
48881,25.175,34.59207434655215,-9.417075109491606
9813,9.57,18.994625230529206,-9.424625535704987
23112,11.25,20.675739195427685,-9.425739195427685
44789,43.5,52.93830439446674,-9.43830439446674
14744,7.125,16.56694627468606,-9.44194627468606
14585,6.78,16.231023736613114,-9.451023526804764
66404,85.33,94.78397760438385,-9.453975773329162
14125,13.32,22.775488655544972,-9.455488960720754
199628,293.0,302.45769409681424,-9.457694096814237
86455,57.41,66.86948153035881,-9.459481682946702
51999,48.97,58.42967347012043,-9.459672249417302
42942,148.688,158.16776754912098,-9.479764009081919
33695,118.925,128.40724356207852,-9.482240510320707
7292,8.3333,17.815661201514253,-9.482361564673432
41933,30.75,40.23331681580517,-9.483316815805168
41933,30.75,40.23331681580517,-9.483316815805168
36221,11.7,21.18585997247453,-9.485860163209392
24992,20.0,29.487568285009715,-9.487568285009715
24992,20.0,29.487568285009715,-9.487568285009715
24992,20.0,29.487568285009715,-9.487568285009715
14219,19.312,28.804461659647412,-9.492461384989209
45348,26.5,35.993275975793495,-9.493275975793495
65663,71.675,81.17271682915242,-9.497713777394608
40492,7.375,16.882705463049422,-9.507705463049422
177708,154.0,163.50905549379706,-9.509055493797064
13469,21.0,30.512954925353924,-9.512954925353924
23903,27.647,37.16730312616275,-9.52030376703189
43007,41.8703,51.39110744937759,-9.520807156408843
111635,123.35,132.87572876588484,-9.52573029176375
85164,52.6,62.12982568518678,-9.529827211065687
2347,6.07,15.605713256051875,-9.535713084390498
3025,0.0,9.541287834701878,-9.541287834701878
3025,0.0,9.541287834701878,-9.541287834701878
93500,52.1,61.64521420642434,-9.545215732303248
122592,259.06,268.61191640810665,-9.551918849512901
24875,16.82,26.373050955355765,-9.553051260531547
54207,32.0,41.56400090084381,-9.564000900843808
54207,32.0,41.56400090084381,-9.564000900843808
33713,23.88,33.45316372213457,-9.573164561367967
29063,26.5,36.07531868926343,-9.575318689263433
9309,27.71,37.289655207317,-9.57965612284434
91253,79.0,88.58099801479662,-9.58099801479662
144086,47.39,56.97404150683351,-9.58404211718507
36221,11.6,21.18585997247453,-9.585859591004802
134748,265.266,274.85263650688063,-9.586645295943129
73200,108.43,118.01822999378687,-9.588229688611094
56497,176.375,185.96325235934196,-9.588252359341965
53234,92.0,101.59823949114269,-9.598239491142692
77469,200.72,210.3204192567057,-9.600418036002566
214252,39.0,48.602601422703465,-9.602601422703465
214252,39.0,48.602601422703465,-9.602601422703465
9666,6.22,15.822944010770948,-9.602944220579298
23702,21.4666,31.071029722891875,-9.604429304801055
130794,101.425,111.03177508704026,-9.606772035282447
113000,90.4639,100.07416983469788,-9.610272129619759
83772,17.13,26.74168677724888,-9.611687616482278
66532,31.7,41.313494841216816,-9.613494078277363
5839,19.4167,29.032411207219496,-9.615710844060317
96612,72.0,81.61712504039397,-9.617125040393972
44564,77.0,86.620599200529,-9.620599200529
344798,912.0,921.620763865022,-9.620763865022013
64818,68.75,78.37583279247283,-9.625832792472835
55087,27.0,36.63025211994327,-9.630252119943272
15000,18.59,28.223181404049452,-9.633181251461561
16098,10.96,20.596398209423327,-9.636398171276355
40311,82.6,92.24145408899639,-9.641455614875298
39538,17.275,26.920299389904763,-9.64529977137449
27926,59.7923,69.43858683946416,-9.64628566148565
19000,18.71,28.360372671680704,-9.650373587208048
83919,53.0,62.65477586357784,-9.65477586357784
83919,53.0,62.65477586357784,-9.65477586357784
34825,13.0,22.66509433928444,-9.66509433928444
49078,26.38,36.04691772508652,-9.666918564319921
8168,11.3333,21.00396897663677,-9.67066933979595
16052,23.0,32.67135122639709,-9.671351226397093
93608,44.325,54.00984954428346,-9.684848781344009
44789,43.25,52.93830439446674,-9.68830439446674
22000,51.47,61.16436187749794,-9.694360656794814
50846,23.0,32.694485144086485,-9.694485144086485
102774,77.5,87.20070512729781,-9.700705127297809
30531,20.15,29.854562326432266,-9.704562707901992
17262,33.84,43.544754865063304,-9.704754712475413
134748,265.141,274.85263650688063,-9.711645295943129
11910,11.73,21.445607696691635,-9.715608154455307
30531,20.1333,29.854562326432266,-9.721261545182266
79949,156.353,166.07517786095895,-9.72218103478707
31053,43.6,53.32551994486311,-9.725521470742017
110919,82.5947,92.33023834882397,-9.735534674507562
83660,109.62,119.35749862291706,-9.737495876335032
14219,19.062,28.804461659647412,-9.742461384989209
94658,46.7,56.442613553712725,-9.742612790773272
93500,51.9,61.64521420642434,-9.745212680545436
17220,33.375,43.124059381666974,-9.749059381666974
35990,176.683,186.44576044651237,-9.762761789285804
15269,14.659,24.433380997928335,-9.77438060119982
35465,33.0,42.77485475676939,-9.774854756769393
301307,234.0,243.78480482531464,-9.784804825314637
15269,14.645,24.433380997928335,-9.788380540164663
75000,70.0,79.79379303597848,-9.793793035978481
75000,70.0,79.79379303597848,-9.793793035978481
113589,49.4,59.19418965342551,-9.794188127546605
39143,27.0,36.79638489404596,-9.796384894045957
74599,121.85,131.64765654544456,-9.797658071323468
115788,241.846,251.64614657717954,-9.800153535187349
15120,5.0,14.809838501619142,-9.809838501619142
66532,31.5,41.313494841216816,-9.813494841216816
66900,79.07,88.88360894660983,-9.813609251785607
46204,87.29,97.10717844999947,-9.817177534472123
57100,32.94,42.771477017837995,-9.83147839112901
122746,159.6,169.4339466678289,-9.83394056431328
122746,159.6,169.4339466678289,-9.83394056431328
6400,24.15,33.986208185075256,-9.836208566544983
58908,49.35,59.19584950328502,-9.845851029163924
53234,91.75,101.59823949114269,-9.848239491142692
4589,10.93,20.789902927443496,-9.859902622267715
23918,34.02,43.88713769119034,-9.867137233426668
14519,15.58,25.455705174679938,-9.875705250973883
20444,19.664,29.543182547380642,-9.879182989885525
101555,67.0,76.8793916439436,-9.879391643943606
101555,67.0,76.8793916439436,-9.879391643943606
58307,44.2167,54.11843626329468,-9.901734755726324
13220,10.8,20.715090028190367,-9.915089837455504
65843,23.8625,33.78243106238984,-9.919931825329293
14125,12.85,22.775488655544972,-9.925488274075246
26948,41.87,51.79781984899732,-9.927820917112555
18471,11.0,20.932552497188123,-9.932552497188123
57100,32.83,42.771477017837995,-9.941475186783308
16768,18.28,28.22556328722578,-9.94556260058027
11910,11.5,21.445607696691635,-9.945607696691635
32766,28.4,38.34689649346052,-9.946896874930246
11143,13.93,23.877902974087156,-9.947902668911375
4773,10.15,20.101508729557995,-9.951509111027722
90400,395.7,405.68319902028577,-9.98318681325452
6139,8.56,18.546339444333615,-9.986339024716916
45348,26.0,35.993275975793495,-9.993275975793495
113589,49.2,59.19418965342551,-9.994188890486058
105500,87.94,97.93455912021871,-9.994556678812458
233863,278.2,288.1978690022786,-9.997856795247344
31075,5.9,15.899199788306808,-9.999199692939376
15269,14.432,24.433380997928335,-10.00138083771105
159384,333.0,343.0014627080198,-10.001462708019801
84615,60.375,70.38060445697676,-10.005604456976755
82939,76.0,86.00570624019188,-10.005706240191884
93420,40.5,50.50728214850463,-10.007282148504629
21892,20.75,30.75960088138099,-10.00960088138099
37803,9.8027,19.814994406317467,-10.012294363592858
41241,23.0,33.01440978901789,-10.01440978901789
27000,62.659,72.67887999204895,-10.019879595320432
27000,62.659,72.67887999204895,-10.019879595320432
9816,10.82,20.847910027086815,-10.027910332262596
56569,19.449,29.47818356152074,-10.029184156613514
101400,97.05,107.08104859584117,-10.031045544083355
19446,51.5417,61.575486210799156,-10.033787754988609
78550,11.41,21.444047625618218,-10.034047778206109
345837,172.53,182.5676391433908,-10.037640364093932
23112,10.63,20.675739195427685,-10.045739080986767
46204,87.055,97.10717844999947,-10.052178144823685
54061,65.65,75.70343828630207,-10.053436760423168
23112,10.62,20.675739195427685,-10.055739309868603
12754,14.36,24.418374203055837,-10.058374546378591
44784,15.0,25.05864789080191,-10.058647890801911
44784,15.0,25.05864789080191,-10.058647890801911
28406,23.465,33.52639129151231,-10.06139113892442
95100,92.03,102.09205448865687,-10.062055709359996
78550,11.38,21.444047625618218,-10.0640475111773
47500,51.25,61.32285640720736,-10.072856407207361
48642,20.7,30.7757222115214,-10.075721448581948
16411,48.64,58.722898878588495,-10.082899488940058
22400,25.13,35.2146387862968,-10.084639625530201
66013,61.7729,71.85826474655329,-10.085365118867742
11910,11.36,21.445607696691635,-10.085608040014389
71994,37.4421,47.53316412692653,-10.091063602024185
154706,986.5,996.5970599576602,-10.097059957660235
128126,515.825,525.9228669774627,-10.097854770431468
2260,0.0,10.09967349401458,-10.09967349401458
2260,0.0,10.09967349401458,-10.09967349401458
2260,0.0,10.09967349401458,-10.09967349401458
2260,0.0,10.09967349401458,-10.09967349401458
45548,48.04,58.14312338810224,-10.103122472574896
30613,7.8,17.91475535467321,-10.114755163938348
12754,14.29,24.418374203055837,-10.12837424120281
32206,20.1287,30.258118992700023,-10.129418736352367
336650,1241.91,1252.0401643932785,-10.130130213590974
39648,22.0,32.130720848534395,-10.130720848534395
25996,84.25,94.38230891660187,-10.132308916601872
69754,40.0,50.13595029807898,-10.135950298078981
30171,16.195,26.331996075902747,-10.136996381078529
21892,20.62,30.75960088138099,-10.139600042147592
105500,87.79,97.93455912021871,-10.144558204691364
111635,122.73,132.87572876588484,-10.14572540895125
22334,81.46,91.61699688537199,-10.156997800899333
116854,61.85,72.00819351848972,-10.158195044368625
27814,296.25,306.41005068900006,-10.160050689000059
89315,17.69,27.85605975612943,-10.166059222071812
271492,64.357,74.53280512952514,-10.175802871224363
40085,40.344,50.522949634775095,-10.178947864755564
33695,118.225,128.40724356207852,-10.182245087957426
47578,15.264,25.449398313155275,-10.18539837419043
74682,190.91,201.0963092056237,-10.186305543514322
113589,49.0,59.19418965342551,-10.19418965342551
20804,7.76,17.963342835001335,-10.203342606119499
87107,70.96,81.16352436501019,-10.203525280537534
1843,5.21,15.416914021785947,-10.206913983638975
45017,130.63,140.83824001532818,-10.208235132515682
46981,117.925,128.13481049414315,-10.20980744238534
28862,63.1,73.31426962211711,-10.214271147996016
98624,62.6,72.81449385727441,-10.21449538315332
67377,49.205,59.42687178726045,-10.221869956205765
57811,45.0,55.23225460989034,-10.23225460989034
57811,45.0,55.23225460989034,-10.23225460989034
41933,30.0,40.23331681580517,-10.233316815805168
37803,9.5766,19.814994406317467,-10.2383943315494
33246,11.25,21.48922706643315,-10.239227066433148
16805,170.447,180.68919269832466,-10.242186472738723
173479,65.38,75.63062652128431,-10.250629267866344
9045,4.9895,15.259015798018302,-10.269515752241935
233863,277.925,288.1978690022786,-10.272881209309844
50577,40.475,50.74940251520265,-10.274404041081553
36562,87.27,97.54477160197824,-10.274774958911834
56637,100.0,110.28639682585973,-10.286396825859725
51483,18.0,28.29415681686065,-10.29415681686065
51483,18.0,28.29415681686065,-10.29415681686065
27640,19.7525,30.04829477910019,-10.295794245042572
13224,10.53,20.831168170893967,-10.301168437922776
16805,170.388,180.68919269832466,-10.30119221004341
83800,119.28,129.58576344164652,-10.305764662349645
66013,61.5466,71.85826474655329,-10.311664404756414
24979,56.0,66.31226104853744,-10.312261048537437
8637,42.62,52.93587688508586,-10.315877953201095
4768,4.9,15.216622657709545,-10.316622562342113
28991,9.102,19.421277134745118,-10.319276898233888
148032,101.0,111.32394582057324,-10.323945820573243
70837,180.32,190.64544667279523,-10.32543934857648
137046,33.3,43.6419614849979,-10.341962247937353
44352,24.0,34.35038839955675,-10.35038839955675
27814,296.056,306.41005068900006,-10.354050933140684
27814,296.056,306.41005068900006,-10.354050933140684
27814,296.056,306.41005068900006,-10.354050933140684
27814,296.056,306.41005068900006,-10.354050933140684
27814,296.056,306.41005068900006,-10.354050933140684
137065,129.82,140.1744496529808,-10.354442328762048
60582,91.1602,101.52096315039131,-10.360761124024123
3877,12.98,23.342552253938575,-10.362552711702246
37096,20.301,30.672807248367594,-10.37180665327482
64749,32.0,42.372002228249336,-10.372002228249336
33167,22.775,33.15101830332779,-10.376018684797515
44218,33.1375,43.516435268554595,-10.378934505615142
84615,60.0,70.38060445697676,-10.380604456976755
25996,84.0,94.38230891660187,-10.382308916601872
25996,84.0,94.38230891660187,-10.382308916601872
53077,20.618,31.008180533962054,-10.390180503444476
35990,176.05,186.44576044651237,-10.395757394754554
77263,86.8833,97.27959058260959,-10.396289801359586
57165,53.92,64.32601255345907,-10.406014384513753
18000,41.45,51.86341238506539,-10.413411622125935
65907,77.89,88.30872612779567,-10.418726738147228
15960,30.55,40.96884071320915,-10.4188414761486
57100,32.35,42.771477017837995,-10.421478543716901
83660,108.93,119.35749862291706,-10.427498317741282
18471,10.5,20.932552497188123,-10.432552497188123
25139,14.14,24.574304279715843,-10.43430393639309
47191,20.0,30.43740339910606,-10.43740339910606
137046,33.2,43.6419614849979,-10.441960722058447
66187,24.7,35.145718577631136,-10.445717814691683
37083,25.85,36.306878097871945,-10.456877716402218
28750,9.96,20.419397606739302,-10.45939756859233
24875,15.91,26.373050955355765,-10.463051107943656
54061,65.24,75.70343828630207,-10.463440422532543
37107,126.569,137.03620508662948,-10.467204842488854
19315,23.57,34.038511165160656,-10.468511470336438
33012,44.375,54.84626325842555,-10.471263258425552
48994,56.68,67.15886980636122,-10.478869501185443
18432,20.64,31.118931138238125,-10.478931748589687
16200,43.6,54.082044027775446,-10.482045553654352
18340,13.5,23.98444624963654,-10.484446249636541
24992,19.0,29.487568285009715,-10.487568285009715
17262,33.05,43.544754865063304,-10.494755628002757
41297,48.75,59.24677340909979,-10.496773409099788
42755,61.0,71.50197785423241,-10.501977854232408
37917,41.0625,51.566530785654486,-10.504030785654486
57394,72.588,83.09365588914075,-10.505658452617311
177708,153.0,163.50905549379706,-10.509055493797064
86465,145.5,156.01211916823806,-10.512119168238058
21903,66.28,76.80909051279772,-10.529091733500849
78438,72.225,82.75468417196358,-10.529685697842481
53077,20.476,31.008180533962054,-10.532180701808734
121440,115.64,126.17316841314133,-10.533169023492889
66187,24.6,35.145718577631136,-10.54571819616141
23918,33.34,43.88713769119034,-10.547137538602449
87977,43.475,54.03117717693609,-10.556178702814996
23903,26.608,37.16730312616275,-10.559303324527008
179167,64.02,74.59056572612883,-10.570569083062423
53077,20.431,31.008180533962054,-10.57718077810268
12000,16.85,27.434390732131156,-10.58439035066143
52141,71.3511,81.9438004329225,-10.592703325988907
69400,80.92,91.51270432346128,-10.592706154515966
18340,13.39,23.98444624963654,-10.594445906313787
23392,16.8,27.398699271212255,-10.598700034151708
4773,9.5,20.101508729557995,-10.601508729557995
23871,12.0,22.602140105561915,-10.602140105561915
23871,12.0,22.602140105561915,-10.602140105561915
214252,38.0,48.602601422703465,-10.602601422703465
9813,8.38,18.994625230529206,-10.614625116088288
57394,72.461,83.09365588914075,-10.632657353984499
56851,133.917,144.5619113183663,-10.644903872077236
83919,52.0,62.65477586357784,-10.65477586357784
84615,59.725,70.38060445697676,-10.655605982855661
131710,185.86,196.5228638995413,-10.662863289189744
9666,5.16,15.822944010770948,-10.662944163358839
14744,5.9,16.56694627468606,-10.666946179318629
5554,4.65,15.338502339912475,-10.688502244545043
28084,28.75,39.441034602624484,-10.691034602624484
47578,14.756,25.449398313155275,-10.693398748030763
65913,120.833,131.52865649910893,-10.695656316003465
50623,61.375,72.08712626230438,-10.71212626230438
66532,30.6,41.313494841216816,-10.71349445974709
66532,30.6,41.313494841216816,-10.71349445974709
72709,24.923,35.63741018810328,-10.714409852409922
50493,19.3775,30.09239810014734,-10.714897566089721
61204,106.8,117.53228329946366,-10.732280247705845
3877,12.61,23.342552253938575,-10.732552597261328
41933,29.5,40.23331681580517,-10.733316815805168
9813,8.26,18.994625230529206,-10.73462500164737
207115,464.578,475.3141157367733,-10.736112807085817
23918,33.15,43.88713769119034,-10.737136165311433
41297,48.5,59.24677340909979,-10.746773409099788
41297,48.5,59.24677340909979,-10.746773409099788
43681,132.91,143.66093006200165,-10.750926399892279
20644,28.95,39.70322013848217,-10.75321937554272
33148,67.275,78.03766971688533,-10.762668191006426
2347,4.84,15.605713256051875,-10.765713103463984
83660,108.58,119.35749862291706,-10.777496791862376
3877,12.56,23.342552253938575,-10.782551834321875
301307,233.0,243.78480482531464,-10.784804825314637
230747,95.0,105.7891132541025,-10.789113254102503
12908,21.41,32.20129789974108,-10.791298052328969
21866,11.35,22.151210485259472,-10.801210103789746
98212,265.972,276.788577492043,-10.816592628761725
84346,69.87,80.68991739838278,-10.819914651800744
35241,37.44,48.26008187050891,-10.820083243799928
74584,50.502,61.327028696652015,-10.825029795284827
163959,130.96,141.79413811125335,-10.834131397386159
78550,10.6,21.444047625618218,-10.844047244148491
93313,46.4333,57.281569807338386,-10.848269789027839
21168,19.7,30.55925140608615,-10.859250643146698
91363,298.449,309.3088858511139,-10.859880724160803
78550,10.58,21.444047625618218,-10.864047701912163
12908,21.33,32.20129789974108,-10.871297976035024
121062,56.6,67.47481075878693,-10.874812284665836
28991,8.543,19.421277134745118,-10.878276913492677
36221,10.3,21.18585997247453,-10.885859781739665
58196,73.5877,84.47783244042338,-10.890132550286665
42129,14.35,25.24678838682009,-10.896788005350363
32527,11.8,22.698255887297467,-10.898255696562604
19446,50.6667,61.575486210799156,-10.908787754988609
204029,402.8,413.7131442719543,-10.91315647898557
66532,30.4,41.313494841216816,-10.913495222686542
10334,2.91,13.823979355530275,-10.913979269699587
27640,19.1333,30.04829477910019,-10.914993997850189
25139,13.65,24.574304279715843,-10.92430466118557
60096,48.0,58.925563981466794,-10.925563981466794
10578,47.05,57.97764472375438,-10.927645486693834
87977,43.1,54.03117717693609,-10.931178702814996
35033,62.23,73.16281797532928,-10.932818433092947
11910,10.51,21.445607696691635,-10.935607467809799
74443,169.797,180.73524468056496,-10.93824761025246
36562,86.6,97.54477160197824,-10.944773127857147
21539,117.0,127.95131600271785,-10.951316002717846
92500,127.047,138.00683095765532,-10.959833887342825
80205,31.79,42.75740428944886,-10.967403373921513
225014,158.0,168.96841801675487,-10.968418016754867
48642,19.8,30.7757222115214,-10.975722974460854
27640,19.0721,30.04829477910019,-10.976195093431244
22500,28.3,39.27627765327477,-10.976278416214221
25139,13.58,24.574304279715843,-10.994304356009788
159384,332.0,343.0014627080198,-11.001462708019801
9813,7.97,18.994625230529206,-11.024625440337555
35465,31.75,42.77485475676939,-11.024854756769393
15489,40.0,51.02872443251431,-11.02872443251431
180000,108.82,119.86262140486672,-11.042621710042496
54172,60.0,71.0443150955931,-11.044315095593106
62205,90.65,101.70138266734581,-11.051381141466905
129707,69.9,80.95997769504783,-11.05997616916892
19315,22.97,34.038511165160656,-11.068511851806164
28590,92.5,103.57175092341164,-11.071750923411642
15269,13.358,24.433380997928335,-11.075381196292593
4589,9.71,20.789902927443496,-11.079902889296523
168791,63.975,75.05522706316026,-11.080228589039166
37096,19.588,30.672807248367594,-11.084807904495523
51688,71.75,82.83793987884553,-11.087939878845532
82302,120.865,131.95367423850675,-11.088676374737219
41861,28.8,39.88969071725503,-11.089691480194482
126077,78.0,89.0927707238692,-11.092770723869194
126077,78.0,89.0927707238692,-11.092770723869194
16768,17.13,28.22556328722578,-11.095564126459177
121585,201.438,212.53967083963707,-11.101667299598006
116854,60.9,72.00819351848972,-11.108191992610813
16576,36.73,47.84645721998391,-11.116457677747583
23903,26.046,37.16730312616275,-11.121303599185211
7675,3.72,14.842830740340098,-11.122830711729868
373416,106.0,117.12672910456456,-11.12672910456456
50493,18.9625,30.09239810014734,-11.129898481617065
69754,39.0,50.13595029807898,-11.135950298078981
69754,39.0,50.13595029807898,-11.135950298078981
83400,57.3,68.44088068827044,-11.140881451209893
72102,93.83,104.97293986818634,-11.142938037131657
10334,2.68,13.823979355530275,-11.143979288773073
99700,111.12,122.26493246147383,-11.144929714891802
113000,88.9278,100.07416983469788,-11.146366795147102
82200,36.93,48.07762212813821,-11.147621822962428
62238,45.29,56.43786576971901,-11.147864854191667
30160,32.25,43.398355647414725,-11.148355647414725
133594,82.9,94.05099893609146,-11.150997410212554
21866,11.0,22.151210485259472,-11.151210485259472
63771,52.64,63.791281292321955,-11.151281902673517
9045,4.0954,15.259015798018302,-11.163615941450919
59900,47.95,59.117070439659265,-11.167069676719812
48519,9.5,20.66802849884742,-11.16802849884742
94399,69.9225,81.09548138969086,-11.172980779339298
111530,142.6,153.77331856306316,-11.173312459547532
62893,18.3,29.47818948660198,-11.178190249541434
65843,22.5925,33.78243106238984,-11.189930375744332
30543,74.79,85.98134994425105,-11.191349028723707
9838,73.72,84.91373325796245,-11.193732037259323
11910,10.25,21.445607696691635,-11.195607696691635
5839,17.8333,29.032411207219496,-11.199111570378676
71936,53.732,64.93459992623426,-11.20260148263074
20110,23.67,34.873700489292,-11.203700412998053
4768,4.0,15.216622657709545,-11.216622657709545
109588,435.053,446.27715079315226,-11.224141759949134
21866,10.925,22.151210485259472,-11.22621029452461
30495,38.0,49.227378209349425,-11.227378209349425
16682,92.2917,103.52036271973347,-11.228660449225657
56467,27.125,38.35536462510165,-11.23036462510165
222434,132.316,143.55125915533304,-11.23526489263773
36307,4.26,15.495849392557458,-11.235849163675622
39464,0.647,11.888145435589983,-11.241145420808031
86786,61.0,72.24528804602814,-11.245288046028136
3853,55.3,66.54581061520122,-11.245811378140672
41297,48.0,59.24677340909979,-11.246773409099788
91629,54.0,65.24804076016954,-11.248040760169545
4583,5.2,16.451960637272258,-11.251960828007121
110919,81.0752,92.33023834882397,-11.255035406929437
84615,59.125,70.38060445697676,-11.255604456976755
129716,479.5,490.75596544221,-11.255965442210027
39464,0.629,11.888145435589983,-11.259145427483752
23392,16.13,27.398699271212255,-11.268700110445653
48300,54.1667,65.43707293693117,-11.270374481120626
77632,116.0,127.27497983577194,-11.274979835771944
21866,10.875,22.151210485259472,-11.276210485259472
80205,31.477,42.75740428944886,-11.280405006611943
39464,0.603,11.888145435589983,-11.285145450371935
275610,123.095,134.3808477991984,-11.285846578495267
56637,99.0,110.28639682585973,-11.286396825859725
24618,32.26,43.54802433598073,-11.288026014447524
5554,4.05,15.338502339912475,-11.288502149177612
75228,121.0,132.29578839442866,-11.295788394428655
39464,0.592,11.888145435589983,-11.296145427960589
31075,4.6,15.899199788306808,-11.29919988367424
31075,4.6,15.899199788306808,-11.29919988367424
39464,0.586,11.888145435589983,-11.302145410317614
346056,43.0,54.30425170417892,-11.304251704178917
39464,0.57,11.888145435589983,-11.31814544274254
58157,27.7575,39.07753128055004,-11.320031585725822
103924,122.0,133.3234116640171,-11.323411664017101
79900,89.5659,100.89239257329773,-11.32648986333679
39464,0.558,11.888145435589983,-11.330145407456591
275793,602.0,613.3374926623571,-11.337492662357135
5554,4.0,15.338502339912475,-11.338502339912475
57334,44.0,55.33863273027409,-11.338632730274092
151637,658.45,669.7913889476829,-11.34137674065164
92099,66.811,78.16642602619405,-11.355429016916702
40142,184.583,195.9503806263049,-11.367388072593968
5554,3.97,15.338502339912475,-11.368502311302246
64749,31.0,42.372002228249336,-11.372002228249336
64749,31.0,42.372002228249336,-11.372002228249336
64749,31.0,42.372002228249336,-11.372002228249336
64749,31.0,42.372002228249336,-11.372002228249336
107730,155.0,166.37389607572766,-11.373896075727657
200442,634.0,645.3766118020225,-11.376611802022467
33695,117.025,128.40724356207852,-11.382242036199614
106440,136.52,147.91245423464196,-11.392449962181018
36562,86.15,97.54477160197824,-11.394770076099334
51688,71.4429,82.83793987884553,-11.395038267517407
185200,182.25,193.64519216799664,-11.39519216799664
16000,33.27,44.6661144648601,-11.396114007096429
68030,61.0,72.39935889790297,-11.399358897902971
68030,61.0,72.39935889790297,-11.399358897902971
15913,25.18,36.58207433605272,-11.402074030876939
110380,221.375,232.77897561013052,-11.403975610130516
30531,18.45,29.854562326432266,-11.404561563492813
74922,49.125,60.530556161654374,-11.405556161654374
47398,55.75,67.15849968605485,-11.408499686054853
46204,85.6975,97.10717844999947,-11.409676313768998
20540,19.2359,30.64733030524539,-11.41142942633914
89456,128.0,139.4143177820109,-11.414317782010897
89456,128.0,139.4143177820109,-11.414317782010897
12754,13.0,24.418374203055837,-11.418374203055837
65843,22.35,33.78243106238984,-11.432430680920113
47191,19.0,30.43740339910606,-11.43740339910606
47191,19.0,30.43740339910606,-11.43740339910606
97838,465.0,476.4430724593413,-11.443072459341295
97838,465.0,476.4430724593413,-11.443072459341295
20986,8.0,19.452100858827336,-11.452100858827336
96929,24.0,35.453775503813034,-11.453775503813034
202435,349.41,360.8704678979174,-11.460464235808047
39464,0.427,11.888145435589983,-11.461145449418261
35829,37.509,48.9707919912352,-11.461793120385593
39464,0.415,11.888145435589983,-11.473145443934634
39464,0.414,11.888145435589983,-11.47414543106003
15120,3.3333,14.809838501619142,-11.476538387941163
15120,3.3333,14.809838501619142,-11.476538387941163
62893,18.0,29.47818948660198,-11.47818948660198
62242,98.125,109.60821651990702,-11.483216519907018
41933,28.75,40.23331681580517,-11.483316815805168
102957,80.8,92.28592317149574,-11.485920119737926
24992,18.0,29.487568285009715,-11.487568285009715
105500,86.43,97.93455912021871,-11.504558815042927
74443,169.228,180.73524468056496,-11.507247854393086
47578,13.94,25.449398313155275,-11.509398732771974
35829,37.459,48.9707919912352,-11.51179235744614
62279,60.3316,71.84595430030758,-11.514354111098598
68030,60.875,72.39935889790297,-11.524358897902971
74420,55.0,66.52485936242486,-11.524859362424863
28991,7.895,19.421277134745118,-11.526277153818604
3267,18.5,30.0276103070647,-11.527610307064698
15489,39.5,51.02872443251431,-11.52872443251431
59900,47.58,59.117070439659265,-11.537068608604578
66187,23.6,35.145718577631136,-11.54571819616141
66661,128.174,139.72083062382745,-11.546834652147766
71248,184.02,195.568207269302,-11.54820299684107
15913,25.02,36.58207433605272,-11.562073878289048
54207,30.0,41.56400090084381,-11.564000900843808
87107,69.58,81.16352436501019,-11.583522533955502
50493,18.505,30.09239810014734,-11.587398939380737
50567,33.6,45.19129391624614,-11.591295442125045
20540,19.0537,30.64733030524539,-11.593630811837187
16768,16.63,28.22556328722578,-11.595564126459177
23871,11.0,22.602140105561915,-11.602140105561915
214252,37.0,48.602601422703465,-11.602601422703465
11910,9.84,21.445607696691635,-11.605607544103744
45548,46.53,58.14312338810224,-11.613124608805364
20644,28.09,39.70322013848217,-11.613219985894283
18340,12.37,23.98444624963654,-11.614446364077459
44564,75.0,86.620599200529,-11.620599200529
44564,75.0,86.620599200529,-11.620599200529
75929,457.983,469.61170027226115,-11.628698563276771
25139,12.94,24.574304279715843,-11.634304699332542
137046,32.0,43.6419614849979,-11.6419614849979
30160,31.75,43.398355647414725,-11.648355647414725
139683,833.531,845.1931430367855,-11.6621371774105
139683,833.531,845.1931430367855,-11.6621371774105
48519,9.0,20.66802849884742,-11.66802849884742
16052,21.0,32.67135122639709,-11.671351226397093
18000,40.19,51.86341238506539,-11.673413758356403
75929,457.933,469.61170027226115,-11.678686356245521
16200,42.4,54.082044027775446,-11.68204250189654
62205,90.01,101.70138266734581,-11.691380531115342
3877,11.65,23.342552253938575,-11.692552635408301
100328,98.211,109.90484107167478,-11.693842536518531
49492,13.1,24.794361941564418,-11.694361560094691
5554,3.63,15.338502339912475,-11.708502225471557
809530,160.96,172.67594423419908,-11.715937520331892
36904,33.04,44.75681340557054,-11.716812490043196
5554,3.62,15.338502339912475,-11.718502454353393
40085,38.804,50.522949634775095,-11.718948780282908
11900,25.74,37.4657365711648,-11.725736800046633
30495,37.5,49.227378209349425,-11.727378209349425
5554,3.61,15.338502339912475,-11.72850244481665
65843,22.0525,33.78243106238984,-11.729931291271676
22000,49.43,61.16436187749794,-11.734361572322157
103718,45.0,56.74533600341981,-11.745336003419808
21866,10.4,22.151210485259472,-11.751210866729199
86465,144.25,156.01211916823806,-11.762119168238058
10733,9.01,20.779457008483618,-11.769456779601782
66661,127.95,139.72083062382745,-11.770833675585266
141461,475.464,487.2384668581306,-11.774477600318107
35465,31.0,42.77485475676939,-11.774854756769393
47578,13.671,25.449398313155275,-11.778398786177736
25000,14.51,26.2894903178711,-11.779490088989263
51778,23.0,34.780823601984224,-11.780823601984224
219608,527.92,539.7020694380294,-11.782086527873162
90411,115.152,126.9424267445607,-11.790426317314612
44352,22.55,34.35038839955675,-11.800389162496202
153999,176.0,187.80271157268805,-11.802711572688054
30613,6.1,17.91475535467321,-11.814755450040643
36562,85.73,97.54477160197824,-11.814768245044647
30531,18.0333,29.854562326432266,-11.821261926651992
70040,70.253,82.08388411923272,-11.83088576718194
77263,85.4333,97.27959058260959,-11.846294378996305
25000,14.44,26.2894903178711,-11.849490737487798
18551,0.0,11.85744006256594,-11.85744006256594
179167,62.73,74.59056572612883,-11.860566183892502
33215,43.92,55.78161488924037,-11.86161672029506
86959,18.84,30.711554953942787,-11.871554801354897
101555,65.0,76.8793916439436,-11.879391643943606
130794,99.15,111.03177508704026,-11.881773561161353
25996,82.5,94.38230891660187,-11.882308916601872
15960,29.08,40.96884071320915,-11.888840789503092
10932,39.6329,51.52376941730643,-11.890869179269323
30160,31.5,43.398355647414725,-11.898355647414725
89858,48.599,60.5010461969114,-11.902047173473903
16411,46.82,58.722898878588495,-11.902899183764276
109071,34.2,46.106728262534595,-11.906727499595142
82200,36.17,48.07762212813821,-11.907623959192897
5554,3.43,15.338502339912475,-11.908502273155273
40461,20.775,32.68642688363595,-11.91142726510568
58157,27.1575,39.07753128055004,-11.920031967195548
25139,12.65,24.574304279715843,-11.92430466118557
23392,15.47,27.398699271212255,-11.928699004183446
16768,16.29,28.22556328722578,-11.935562371698435
15960,29.03,40.96884071320915,-11.93884002656364
68146,172.16,184.10223428377452,-11.942230621665146
46007,72.56,84.50351098457345,-11.943513425979702
66187,23.2,35.145718577631136,-11.945717814691683
57100,30.82,42.771477017837995,-11.951477323013776
57100,30.82,42.771477017837995,-11.951477323013776
18414,34.5833,46.547193360977445,-11.963891816787992
16768,16.26,28.22556328722578,-11.965563058343943
25000,14.32,26.2894903178711,-11.96949062304688
74599,119.675,131.64765654544456,-11.97265349368675
84365,74.934,86.9117012043595,-11.977703096449346
98125,167.025,179.00676345667947,-11.98176956019509
9045,3.2763,15.259015798018302,-11.982715844557609
41933,28.25,40.23331681580517,-11.983316815805168
41933,28.25,40.23331681580517,-11.983316815805168
6139,6.56,18.546339444333615,-11.986339501554074
15000,16.23,28.223181404049452,-11.993181861813124
49492,12.8,24.794361941564418,-11.994361750829555
24345,77.53,89.53394780118853,-12.003949021891657
36904,32.75,44.75681340557054,-12.00681340557054
144086,44.96,56.97404150683351,-12.014042422360852
35465,30.75,42.77485475676939,-12.024854756769393
47954,37.0,49.02727559162675,-12.027275591626747
202937,385.0,397.02891710963456,-12.028917109634563
202937,385.0,397.02891710963456,-12.028917109634563
25463,26.523,38.554577827050835,-12.031577109887749
50327,36.0,48.03663620557968,-12.036636205579683
89858,48.463,60.5010461969114,-12.0380449456907
64818,66.3333,78.37583279247283,-12.042535062980647
46007,72.46,84.50351098457345,-12.043511900100796
11900,25.42,37.4657365711648,-12.045736494870852
44784,13.0,25.05864789080191,-12.058647890801911
113988,115.175,127.23480903796708,-12.05980598620927
119509,73.0,85.0602844463126,-12.060284446312593
89315,15.79,27.85605975612943,-12.066059794276402
58157,27.0075,39.07753128055004,-12.070031585725822
17709,18.99,31.064765207702916,-12.074765436584752
9941,8.62,20.70043334178047,-12.080433456221389
39649,43.0,55.08275783177581,-12.082757831775808
51920,78.61,90.69577192860044,-12.085771318248874
22101,61.6299,73.71617728775752,-12.08627540177119
33012,42.75,54.84626325842555,-12.096263258425552
33713,21.35,33.45316372213457,-12.103163340664842
87977,41.925,54.03117717693609,-12.106177939875543
58562,128.633,140.74267598829437,-12.109680382825616
104355,149.633,161.7541327402342,-12.121137134765462
69754,38.0,50.13595029807898,-12.135950298078981
144086,44.83,56.97404150683351,-12.14403967577882
105000,220.86,233.0179597824745,-12.15795917212293
58703,64.607,76.76906599693291,-12.162063738632128
148829,187.99,200.15346486354,-12.163459370375932
82911,56.8833,69.05832503926837,-12.175024258018368
24875,14.18,26.373050955355765,-12.193050650179984
49492,12.6,24.794361941564418,-12.194361560094691
105500,85.73,97.93455912021871,-12.204555763285114
30613,5.7,17.91475535467321,-12.214755545408075
19315,21.82,34.038511165160656,-12.218511470336438
17262,31.32,43.544754865063304,-12.224755170239085
83108,41.7,53.925738396402224,-12.22573763346277
79700,97.62,109.85284544164244,-12.232842695060413
63348,341.65,353.8889700163009,-12.238976119816527
93764,28.8,41.03982342026941,-12.23982418320886
87131,106.258,118.50223802419774,-12.244234789334456
22000,48.92,61.16436187749794,-12.244363708552626
91629,53.0,65.24804076016954,-12.248040760169545
91629,53.0,65.24804076016954,-12.248040760169545
96929,23.2,35.453775503813034,-12.253774740873581
17927,16.69,28.943953453402244,-12.253952919344627
93608,41.75,54.00984954428346,-12.259849544283462
65843,21.5225,33.78243106238984,-12.259931977917184
129707,68.7,80.95997769504783,-12.259980746805638
49078,23.78,36.04691772508652,-12.266917038441015
9045,2.9896,15.259015798018302,-12.269415854857291
34455,230.0,242.2703701992794,-12.270370199279398
63771,51.52,63.791281292321955,-12.271280834558283
15000,15.95,28.223181404049452,-12.273181594784315
57100,30.49,42.771477017837995,-12.281477246719831
41236,7.975,20.257875019862333,-12.282875115229764
51483,16.0,28.29415681686065,-12.29415681686065
168791,62.75,75.05522706316026,-12.30522706316026
41236,7.95,20.257875019862333,-12.307875210597196
71248,183.26,195.568207269302,-12.30821276246607
66532,29.0,41.313494841216816,-12.313494841216816
70832,131.57,143.88471041364593,-12.314703089427184
40531,40.27,52.5972738210826,-12.32727336331893
66013,59.5305,71.85826474655329,-12.327766241914617
62205,89.37,101.70138266734581,-12.33137992076378
57165,51.99,64.32601255345907,-12.336010874992269
25463,26.216,38.554577827050835,-12.33857822377935
57334,43.0,55.33863273027409,-12.338632730274092
47500,48.98,61.32285640720736,-12.342856864971033
52357,40.0,52.3460240392389,-12.346024039238898
21866,9.8,22.151210485259472,-12.35121029452461
149762,861.1,873.4518663680286,-12.351890782091118
79782,42.884,55.236915331602816,-12.352916460753207
64749,30.0,42.372002228249336,-12.372002228249336
64749,30.0,42.372002228249336,-12.372002228249336
64749,30.0,42.372002228249336,-12.372002228249336
64749,30.0,42.372002228249336,-12.372002228249336
107730,154.0,166.37389607572766,-12.373896075727657
24643,51.6,63.979317808113954,-12.37931933399286
15950,12.63,25.01212443587843,-12.382124321437512
30543,73.57,85.98134994425105,-12.411350249426832
186572,59.0,71.41608906385036,-12.416089063850364
19315,21.62,34.038511165160656,-12.418510325927258
116854,59.575,72.00819351848972,-12.433192755550266
47191,18.0,30.43740339910606,-12.43740339910606
29916,46.18,58.61776458479062,-12.43776427961484
3853,54.1,66.54581061520122,-12.445812141080125
222434,131.101,143.55125915533304,-12.450261230528355
20986,7.0,19.452100858827336,-12.452100858827336
25139,12.12,24.574304279715843,-12.454304394156761
57100,30.31,42.771477017837995,-12.461477551895612
87107,68.7,81.16352436501019,-12.463527416768002
25139,12.11,24.574304279715843,-12.464304623038597
23918,31.42,43.88713769119034,-12.467137614896394
230259,192.17,204.64542960102528,-12.475431432079972
62893,17.0,29.47818948660198,-12.47818948660198
37096,18.193,30.672807248367594,-12.479806454910563
46204,84.6225,97.10717844999947,-12.484680891405716
83800,117.1,129.58576344164652,-12.485764967525427
58703,64.276,76.76906599693291,-12.493065020370409
93206,269.5,281.99509710566355,-12.495097105663547
28991,6.926,19.421277134745118,-12.495277016489503
49553,92.45,104.94885987553057,-12.498862927288386
31075,3.4,15.899199788306808,-12.499199692939376
31075,3.4,15.899199788306808,-12.499199692939376
25000,13.79,26.2894903178711,-12.499490356018072
21866,9.65,22.151210485259472,-12.501210866729199
93420,38.0,50.50728214850463,-12.507282148504629
28432,36.225,48.739234765419816,-12.514236291298722
6400,21.47,33.986208185075256,-12.516208871720764
35465,30.25,42.77485475676939,-12.524854756769393
4589,8.26,20.789902927443496,-12.52990269856166
93313,44.75,57.281569807338386,-12.531569807338386
25463,26.013,38.554577827050835,-12.541577338769585
92099,65.62,78.16642602619405,-12.546423279612014
111530,141.225,153.77331856306316,-12.548312459547532
88486,87.96,100.51803659247284,-12.558037508000183
59498,36.0,48.57663055786556,-12.576630557865563
59498,36.0,48.57663055786556,-12.576630557865563
45017,128.26,140.83824001532818,-12.578245508492245
17220,30.5416,43.124059381666974,-12.582460107985334
47500,48.74,61.32285640720736,-12.582854728740564
49492,12.2,24.794361941564418,-12.594362132299281
22000,48.57,61.16436187749794,-12.59436218267372
50493,17.49,30.09239810014734,-12.602398329029175
72709,23.024,35.63741018810328,-12.613410020256602
4768,2.6,15.216622657709545,-12.616622753076976
44564,74.0,86.620599200529,-12.620599200529
148032,98.7,111.32394582057324,-12.623948872331056
61274,192.006,204.63283170248116,-12.626834998379593
68030,59.767,72.39935889790297,-12.632360606887346
87200,178.0,190.6397543469163,-12.639754346916305
87200,178.0,190.6397543469163,-12.639754346916305
25139,11.93,24.574304279715843,-12.644303974540062
3853,53.9,66.54581061520122,-12.645809089322313
35253,99.1667,111.81619961357337,-12.649497343065562
1843,2.76,15.416914021785947,-12.65691403132269
26187,86.11,98.76715630555593,-12.657155695204366
12908,19.54,32.20129789974108,-12.661296984213735
29063,23.4,36.07531868926343,-12.67531907073316
6400,21.3,33.986208185075256,-12.686208948014709
28432,36.05,48.739234765419816,-12.68923552835927
84346,68.0,80.68991739838278,-12.689917398382775
393530,527.0,539.6929860816812,-12.69298608168117
49975,43.875,56.56837217281457,-12.69337217281457
11910,8.75,21.445607696691635,-12.695607696691635
47934,118.7,131.41217723766079,-12.712180289418598
23153,0.0,12.71664711544531,-12.71664711544531
104355,149.033,161.7541327402342,-12.721127979492024
72102,92.25,104.97293986818634,-12.722939868186344
99541,81.5,94.22317074570154,-12.723170745701537
24345,76.81,89.53394780118853,-12.723950242594782
252268,192.0,204.73899906454778,-12.738999064547784
105612,92.525,105.2655535216568,-12.740551995777892
109588,433.536,446.27715079315226,-12.74114005096476
173479,62.8801,75.63062652128431,-12.750526271040172
8000,7.1669,19.91876652518705,-12.751866367258582
131797,35.98,48.735275697307706,-12.755276155071378
122922,303.953,316.7091629641167,-12.756160034429172
42214,18.95,31.71200368630765,-12.762002923368197
46204,84.3375,97.10717844999947,-12.76967692412056
94399,68.325,81.09548138969086,-12.770484441448673
68146,171.328,184.10223428377452,-12.774231354087021
89315,15.08,27.85605975612943,-12.776059832423375
42028,14.527,27.303172086076124,-12.77617165883003
875000,1467.0,1479.7770206063994,-12.777020606399446
47954,36.25,49.02727559162675,-12.777275591626747
51999,45.65,58.42967347012043,-12.779671944241521
60000,83.3333,96.11445481885559,-12.781157089363404
230747,93.0,105.7891132541025,-12.789113254102503
230747,93.0,105.7891132541025,-12.789113254102503
557217,49.92,62.70971209493002,-12.789713925984707
39143,24.0,36.79638489404596,-12.796384894045957
9045,2.4572,15.259015798018302,-12.801815747664298
30613,5.1,17.91475535467321,-12.814755450040643
58157,26.2575,39.07753128055004,-12.820031585725822
154706,983.75,996.5970599576602,-12.847059957660235
150294,238.9,251.74743543960705,-12.84744154312267
47200,32.82,45.674137719078445,-12.854138024254226
1843,2.56,15.416914021785947,-12.856914079006406
86167,32.0,44.85891121731448,-12.858911217314478
74584,48.464,61.327028696652015,-12.863027994747718
77700,58.75,71.61951473544303,-12.869514735443033
8168,8.125,21.00396897663677,-12.87896897663677
42214,18.83,31.71200368630765,-12.882003762601595
77469,197.43,210.3204192567057,-12.89042658092444
65000,83.54,96.43054910446315,-12.89054818893581
92500,125.108,138.00683095765532,-12.89882924867095
10762,0.0,12.899733603754115,-12.899733603754115
50493,17.19,30.09239810014734,-12.902397566089721
111304,91.7,104.60904396287314,-12.909047014630957
56569,16.565,29.47818356152074,-12.913183027463123
28432,35.825,48.739234765419816,-12.914234002480363
43400,10.1,23.021419967731944,-12.921419586262218
33215,42.858,55.78161488924037,-12.923613180255998
60096,46.0,58.925563981466794,-12.925563981466794
110380,219.85,232.77897561013052,-12.92896950661489
47578,12.519,25.449398313155275,-12.930398259749513
15000,15.29,28.223181404049452,-12.933181442196425
79782,42.301,55.236915331602816,-12.935916643858675
37083,23.37,36.306878097871945,-12.936877258638546
121146,51.0,63.937883424472915,-12.937883424472915
6351,2.3333,15.27544027821407,-12.942140164536092
167066,333.93,346.88081728420934,-12.950824608428093
3877,10.39,23.342552253938575,-12.95255191061582
29775,173.675,186.63343886940194,-12.95843581764413
137040,108.82,121.77975418745667,-12.959754492632456
85623,58.0,70.96031609100551,-12.96031609100551
31346,33.77,46.73765490910653,-12.96765445134286
30810,30.37,43.34839231441704,-12.978391475183642
15913,23.6,36.58207433605272,-12.982073954582994
14269,18.2,31.184082246241424,-12.98408148330197
43681,130.67,143.66093006200165,-12.990931893056342
49492,11.8,24.794361941564418,-12.994361750829555
105791,159.533,172.5334976190286,-13.000492858286407
161969,174.0,187.00168758470028,-13.001687584700278
109071,33.1,46.106728262534595,-13.006729788413502
186840,127.0,140.009430268829,-13.009430268828993
25139,11.56,24.574304279715843,-13.014303860099144
75650,37.82,50.84006241374371,-13.02006271891949
35465,29.75,42.77485475676939,-13.024854756769393
62238,43.41,56.43786576971901,-13.027865922306901
50327,35.0,48.03663620557968,-13.036636205579683
28432,35.7,48.739234765419816,-13.039234002480363
54172,58.0,71.0443150955931,-13.044315095593106
80205,29.706,42.75740428944886,-13.051404915059209
332447,262.0,275.05455627048576,-13.054556270485762
119509,72.0,85.0602844463126,-13.060284446312593
43681,130.6,143.66093006200165,-13.060923958486029
3877,10.28,23.342552253938575,-13.062552520967383
39649,42.0,55.08275783177581,-13.082757831775808
39649,42.0,55.08275783177581,-13.082757831775808
82302,118.864,131.95367423850675,-13.089675825420812
24586,0.0,13.091220034161422,-13.091220034161422
24586,0.0,13.091220034161422,-13.091220034161422
24586,0.0,13.091220034161422,-13.091220034161422
64024,36.25,49.345865967876115,-13.095865967876115
109071,33.0,46.106728262534595,-13.106728262534595
96124,171.02,184.13046255271308,-13.110458280252146
3877,10.22,23.342552253938575,-13.122551986909766
39648,19.0,32.130720848534395,-13.130720848534395
128536,162.0,175.13262337944073,-13.13262337944073
105612,92.125,105.2655535216568,-13.140553521656798
70042,196.4,209.54633916512242,-13.146345268638044
3877,10.19,23.342552253938575,-13.152552673555274
16098,7.44,20.596398209423327,-13.156398152202868
155882,347.04,360.2133095557216,-13.173301010799719
56569,16.304,29.47818356152074,-13.174182707028553
115788,238.447,251.64614657717954,-13.199140351593599
113000,86.8722,100.07416983469788,-13.201969822490852
16768,15.02,28.22556328722578,-13.205562829462107
109071,32.9,46.106728262534595,-13.206726736655689
218024,174.0,187.21198291919106,-13.211982919191058
18414,33.3333,46.547193360977445,-13.213891816787992
18414,33.3333,46.547193360977445,-13.213891816787992
30613,4.7,17.91475535467321,-13.214755545408075
30613,4.7,17.91475535467321,-13.214755545408075
230259,191.43,204.64542960102528,-13.215436925244035
33012,41.625,54.84626325842555,-13.221263258425552
229973,374.0,387.22993546013765,-13.229935460137654
57811,42.0,55.23225460989034,-13.23225460989034
41933,27.0,40.23331681580517,-13.233316815805168
86959,17.478,30.711554953942787,-13.233554313073647
6010,24.61,37.844072382036856,-13.234071771685294
6400,20.74,33.986208185075256,-13.246208413957092
23903,23.915,37.16730312616275,-13.252302210635406
58157,25.82,39.07753128055004,-13.257531585725822
4589,7.53,20.789902927443496,-13.259902717635146
89315,14.59,27.85605975612943,-13.266059603541539
65657,434.8,448.0672156416802,-13.267227848711457
104355,148.483,161.7541327402342,-13.271131031249837
20110,21.6,34.873700489292,-13.273700107822272
26187,85.49,98.76715630555593,-13.277158441786398
27640,16.7596,30.04829477910019,-13.288695093431244
55800,26.75,40.03948395811355,-13.28948395811355
72958,35.0,48.289918767259365,-13.289918767259365
1843,2.11,15.416914021785947,-13.306914126690122
56569,16.171,29.47818356152074,-13.307184034543202
41236,6.95,20.257875019862333,-13.307875210597196
84365,73.596,86.9117012043595,-13.315700532972784
104604,257.0,270.31630969883395,-13.316309698833948
99975,270.9,284.2229488047075,-13.322954908223153
57189,14.0,27.325558905161923,-13.325558905161923
83108,40.6,53.925738396402224,-13.32573992228113
94399,67.7675,81.09548138969086,-13.327979558636173
87977,40.7,54.03117717693609,-13.331176413996637
99946,70.715,84.0466326015368,-13.331636263646175
22000,47.83,61.16436187749794,-13.334360046443251
47578,12.113,25.449398313155275,-13.336398397078614
49078,22.7,36.04691772508652,-13.34691696214707
175618,321.917,335.26393622282785,-13.346944035327851
233863,274.85,288.1978690022786,-13.347862898762969
179449,359.41,372.75962880079385,-13.349625138684473
96929,22.1,35.453775503813034,-13.353775122343308
14269,17.83,31.184082246241424,-13.354082322535369
110919,78.9545,92.33023834882397,-13.375740057808343
166814,70.35,83.7316363770681,-13.381637902947006
17709,17.68,31.064765207702916,-13.384764902527134
26507,45.8333,59.21928039186098,-13.385978847671524
63900,65.85,79.23777226772354,-13.387773793602449
51500,81.22,94.61482908453439,-13.394827863831267
137040,108.38,121.77975418745667,-13.399756934038706
109000,73.53,86.93123716638574,-13.401238387088867
70042,196.133,209.54633916512242,-13.413343559653669
18000,38.44,51.86341238506539,-13.423413758356403
136522,119.525,132.94986803481342,-13.424866508934514
24867,48.22,61.657707717972905,-13.43770649726978
137046,30.2,43.6419614849979,-13.441960722058447
9309,23.84,37.289655207317,-13.449655054729106
3877,9.89,23.342552253938575,-13.45255191061582
129707,67.5,80.95997769504783,-13.459977695047826
121062,54.0,67.47481075878693,-13.47481075878693
18432,17.63,31.118931138238125,-13.488931977471523
130577,220.0,233.49150605663831,-13.491506056638315
86323,64.25,77.74988560464969,-13.499885604649691
91253,75.075,88.58099801479662,-13.506001066554433
177708,150.0,163.50905549379706,-13.509055493797064
177708,150.0,163.50905549379706,-13.509055493797064
305268,104.471,117.98425630868269,-13.51325563729597
30613,4.4,17.91475535467321,-13.51475525930578
83660,105.84,119.35749862291706,-13.517502285026438
11651,17.41,30.93834779891024,-13.52834795149813
15489,37.5,51.02872443251431,-13.52872443251431
91253,75.05,88.58099801479662,-13.530994963038808
85164,48.593,62.12982568518678,-13.536827180548109
189425,174.0,187.55360453964565,-13.553604539645647
12500,537.0,550.562741293759,-13.562741293759018
54207,28.0,41.56400090084381,-13.564000900843808
62893,15.9,29.47818948660198,-13.578189868071707
99325,149.49,163.07313549076477,-13.583129997600707
20540,17.0629,30.64733030524539,-13.5844297620325
6139,4.96,18.546339444333615,-13.586339406186642
1843,1.82,15.416914021785947,-13.59691396933386
117054,82.087,95.68483085440359,-13.597832868563742
77700,58.02,71.61951473544303,-13.599514277679361
23871,9.0,22.602140105561915,-13.602140105561915
63771,50.189,63.791281292321955,-13.602282116296564
214252,35.0,48.602601422703465,-13.602601422703465
115288,121.9,135.51306676948488,-13.613065243605973
109263,122.31,135.92494486404087,-13.614947305447117
44564,73.0,86.620599200529,-13.620599200529
344798,908.0,921.620763865022,-13.620763865022013
121440,112.54,126.17316841314133,-13.633167497613982
58157,25.44,39.07753128055004,-13.637530746492423
45224,59.68,73.32295407489268,-13.642953769716897
83919,49.0,62.65477586357784,-13.65477586357784
99325,149.4,163.07313549076477,-13.673141594280395
90411,113.265,126.9424267445607,-13.677427354912268
12908,18.52,32.20129789974108,-13.681297441977406
15000,14.54,28.223181404049452,-13.683181442196425
144086,43.29,56.97404150683351,-13.684040591306164
84688,17.0,30.690212003395924,-13.690212003395924
140488,144.875,158.57395552225643,-13.698955522256426
109071,32.4,46.106728262534595,-13.706726736655689
98125,165.3,179.00676345667947,-13.706760404921653
168696,92.0,105.70833076013291,-13.70833076013291
92288,747.75,761.4599746283645,-13.709974628364535
62800,111.69,125.41469576714209,-13.724693325735842
33167,19.425,33.15101830332779,-13.726019066267241
35241,34.53,48.26008187050891,-13.730083091212038
103718,43.0,56.74533600341981,-13.745336003419808
16098,6.84,20.596398209423327,-13.756398056835437
15000,14.45,28.223181404049452,-13.773181594784315
51778,21.0,34.780823601984224,-13.780823601984224
113580,109.25,123.04470541110781,-13.794705411107813
193294,948.92,962.7211891113225,-13.801206201166224
69400,77.71,91.51270432346128,-13.802705238988622
87107,67.36,81.16352436501019,-13.803523754658627
15960,27.16,40.96884071320915,-13.808840865797038
57100,28.96,42.771477017837995,-13.811477933365339
30143,278.925,292.7399584355604,-13.814970642591675
57189,13.5,27.325558905161923,-13.825558905161923
6139,4.71,18.546339444333615,-13.836339406186642
64153,39.9,53.75432503284644,-13.854323506967532
10578,44.12,57.97764472375438,-13.857645791869615
57100,28.91,42.771477017837995,-13.861477170425886
99975,270.36,284.2229488047075,-13.862963453145028
193800,182.62,196.48379335704252,-13.863798239855015
79900,87.0276,100.89239257329773,-13.864789423883664
250000,1000.14,1014.0126709648727,-13.872656316435155
99541,80.35,94.22317074570154,-13.873172271580444
22334,77.74,91.61699688537199,-13.876999021602458
71806,26.68,40.56042857818917,-13.880428273013386
33743,88.29,102.18416684786591,-13.894165932338566
28432,34.825,48.739234765419816,-13.914234002480363
93313,43.3667,57.281569807338386,-13.914870588588386
68211,153.0,166.92017581058727,-13.920175810587267
115676,142.58,156.5017153738466,-13.921713542791906
27648,12.201,26.13478073202051,-13.933780518397462
121146,50.0,63.937883424472915,-13.937883424472915
23392,13.46,27.398699271212255,-13.938699233065282
98624,58.875,72.81449385727441,-13.939493857274414
45548,44.2,58.14312338810224,-13.943122625162786
85623,57.0,70.96031609100551,-13.96031609100551
16098,6.63,20.596398209423327,-13.96639809498241
225014,155.0,168.96841801675487,-13.968418016754867
41933,26.25,40.23331681580517,-13.983316815805168
93608,40.025,54.00984954428346,-13.984848018404556
33246,7.5,21.48922706643315,-13.989227066433148
71806,26.5675,40.56042857818917,-13.992929417422566
93206,268.0,281.99509710566355,-13.995097105663547
22000,47.16,61.16436187749794,-14.00436203008583
82939,72.0,86.00570624019188,-14.005706240191884
32766,24.3333,38.34689649346052,-14.0135968566197
11900,23.44,37.4657365711648,-14.02573603710718
166814,69.7,83.7316363770681,-14.031639428825912
148101,140.56,154.5936055795324,-14.033608020938658
126045,38.4,52.449307087897715,-14.049305562018809
481999,113.0,127.05085509300926,-14.050855093009261
87977,39.975,54.03117717693609,-14.056178702814996
71936,50.877,64.93459992623426,-14.057601024867068
119509,71.0,85.0602844463126,-14.060284446312593
64723,43.9,57.96190658833145,-14.061905062452546
92500,123.938,138.00683095765532,-14.068827417616262
111530,139.7,153.77331856306316,-14.07332161482097
36221,7.1,21.18585997247453,-14.08586006784196
19315,19.95,34.038511165160656,-14.088510402221203
71088,121.0,135.09937514591948,-14.099375145919481
24345,75.42,89.53394780118853,-14.11394963224322
174601,196.1,210.2189108675609,-14.118904764045283
55800,25.9075,40.03948395811355,-14.131984644759058
40451,58.375,72.52081961435991,-14.145819614359908
104355,147.6,161.7541327402342,-14.154126636718587
53130,84.6375,98.80295451665741,-14.16545756841522
68211,152.75,166.92017581058727,-14.170175810587267
160038,77.5,91.67178586365603,-14.171785863656027
71421,85.65,99.82992526136076,-14.17992373548185
33695,114.225,128.40724356207852,-14.182245087957426
36744,115.43,129.61788150425338,-14.187881199077594
57201,72.394,86.58520628039662,-14.191209088013807
5376,0.0,14.199046997164576,-14.199046997164576
5376,0.0,14.199046997164576,-14.199046997164576
5376,0.0,14.199046997164576,-14.199046997164576
99946,69.842,84.0466326015368,-14.204629732884456
4934,16.6667,30.873566240225042,-14.206865877065862
41617,149.071,163.2785538961119,-14.20755475060409
180625,160.35,174.55966251261353,-14.209656409097903
19000,14.13,28.360372671680704,-14.230372557239786
78268,46.2,60.43174425444359,-14.23174349150414
57811,41.0,55.23225460989034,-14.23225460989034
124289,35.65,49.89351455405133,-14.243513028172423
52957,117.127,131.3705206749869,-14.243521773619705
58703,62.523,76.76906599693291,-14.246067187118456
91629,51.0,65.24804076016954,-14.248040760169545
5783,157.23,171.48005033544763,-14.250054607908567
33167,18.9,33.15101830332779,-14.251018684797515
148101,140.34,154.5936055795324,-14.253609241641783
19315,19.78,34.038511165160656,-14.258510478515149
28432,34.475,48.739234765419816,-14.264236291298722
28432,34.475,48.739234765419816,-14.264236291298722
77632,113.0,127.27497983577194,-14.274979835771944
74922,46.25,60.530556161654374,-14.280556161654374
78002,55.0,69.28606645041513,-14.286066450415134
155100,166.05,180.34137910352257,-14.291376051764757
399331,475.0,489.2977917993175,-14.297791799317508
72102,90.67,104.97293986818634,-14.302941699241032
14269,16.88,31.184082246241424,-14.304083085474822
150695,890.47,904.7761953101565,-14.306224607031481
109071,31.8,46.106728262534595,-14.306729025474048
109071,31.8,46.106728262534595,-14.306729025474048
103924,119.0,133.3234116640171,-14.323411664017101
83108,39.6,53.925738396402224,-14.32573992228113
11274,8.99,23.325137335591627,-14.335137564473463
22101,59.3801,73.71617728775752,-14.336077037513377
57334,41.0,55.33863273027409,-14.338632730274092
35241,33.92,48.26008187050891,-14.3400837015636
64024,35.0,49.345865967876115,-14.345865967876115
8637,38.59,52.93587688508586,-14.34587673249797
59900,44.77,59.117070439659265,-14.347069981895594
58703,62.404,76.76906599693291,-14.365066668319628
121440,111.8,126.17316841314133,-14.373165361383514
107730,152.0,166.37389607572766,-14.373896075727657
36904,30.38,44.75681340557054,-14.376814244803938
22334,77.24,91.61699688537199,-14.376999021602458
15960,26.59,40.96884071320915,-14.378840560621256
25000,11.91,26.2894903178711,-14.37949047045899
131797,34.35,48.735275697307706,-14.385277223186613
98624,58.425,72.81449385727441,-14.389494620213867
148032,96.9,111.32394582057324,-14.423944294694337
129716,476.329,490.75596544221,-14.426955432444402
129716,476.329,490.75596544221,-14.426955432444402
71994,33.0992,47.53316412692653,-14.433962924533951
47191,16.0,30.43740339910606,-14.43740339910606
82200,33.64,48.07762212813821,-14.437622738489772
11910,7.0,21.445607696691635,-14.445607696691635
88856,16.3,30.748518009184007,-14.44851877212346
22000,46.71,61.16436187749794,-14.454362793025282
102429,30.8,45.26281079805393,-14.46281156099338
72102,90.51,104.97293986818634,-14.462937731955876
45548,43.68,58.14312338810224,-14.463123082926458
82302,117.487,131.95367423850675,-14.466674726788
40000,51.66,66.12854632382484,-14.468546476412726
58157,24.5925,39.07753128055004,-14.485030593904533
69600,86.46,100.95469507941164,-14.49469599493898
16098,6.1,20.596398209423327,-14.496398304790759
42755,57.0,71.50197785423241,-14.501977854232408
89315,13.34,27.85605975612943,-14.516059603541539
40085,36.0,50.522949634775095,-14.522949634775095
40085,36.0,50.522949634775095,-14.522949634775095
93764,26.5,41.03982342026941,-14.539823420269407
461647,1146.36,1160.9033059683068,-14.543320616744268
53860,57.3777,71.93530689627042,-14.557606090606356
67377,44.8682,59.42687178726045,-14.558673392485062
442438,1568.44,1583.0083855525718,-14.56844414632178
59498,34.0,48.57663055786556,-14.576630557865563
59900,44.54,59.117070439659265,-14.577069524131922
26187,84.19,98.76715630555593,-14.577153864149679
62893,14.9,29.47818948660198,-14.578189868071707
110380,218.2,232.77897561013052,-14.578978661888328
23871,8.0,22.602140105561915,-14.602140105561915
304333,1498.46,1513.0803304467377,-14.620369509237662
74584,46.703,61.327028696652015,-14.62402958166178
30495,34.6,49.227378209349425,-14.627379735228331
130794,96.4,111.03177508704026,-14.631773561161353
25139,9.94,24.574304279715843,-14.634304699332542
22000,46.53,61.16436187749794,-14.634363098201064
3853,51.9,66.54581061520122,-14.645809089322313
16098,5.95,20.596398209423327,-14.64639840015819
43681,129.01,143.66093006200165,-14.650935555165717
83919,48.0,62.65477586357784,-14.65477586357784
130794,96.375,111.03177508704026,-14.656775087040259
53077,16.34,31.008180533962054,-14.668180381374164
23392,12.73,27.398699271212255,-14.668699728975927
16098,5.92,20.596398209423327,-14.676398133129382
11274,8.64,23.325137335591627,-14.685136992268873
16098,5.91,20.596398209423327,-14.686398362011218
28432,34.05,48.739234765419816,-14.68923552835927
58157,24.3725,39.07753128055004,-14.705031814607658
21472,47.19,61.897768973311585,-14.7077703466026
71248,180.86,195.568207269302,-14.708206658950445
115676,141.781,156.5017153738466,-14.720709514471594
23903,22.44,37.16730312616275,-14.727302592105133
21472,47.16,61.897768973311585,-14.737769125899476
82789,46.26,60.999096465550636,-14.739098144017433
20584,54.4,69.140539141848,-14.740537615969089
57100,28.03,42.771477017837995,-14.741476331192487
62200,55.02,69.76159670313844,-14.741596245374765
17709,16.31,31.064765207702916,-14.754765741760533
31829,17.6,32.364589419982856,-14.76458903851313
150294,236.975,251.74743543960705,-14.77242933609142
8637,38.16,52.93587688508586,-14.775877037673752
86323,62.96,77.74988560464969,-14.789886520177035
75000,65.0,79.79379303597848,-14.793793035978481
75000,65.0,79.79379303597848,-14.793793035978481
75000,65.0,79.79379303597848,-14.793793035978481
39143,22.0,36.79638489404596,-14.796384894045957
27648,11.312,26.13478073202051,-14.822780457362306
11651,16.1,30.93834779891024,-14.838347417440513
57100,27.93,42.771477017837995,-14.841476712662214
65843,18.94,33.78243106238984,-14.842430528332223
154706,981.75,996.5970599576602,-14.847059957660235
53130,83.9549,98.80295451665741,-14.848051867731627
91273,113.39,128.24550737497643,-14.85550798532799
22334,76.76,91.61699688537199,-14.85699474914152
71806,25.7025,40.56042857818917,-14.85792918854073
86167,30.0,44.85891121731448,-14.858911217314478
84346,65.83,80.68991739838278,-14.859915567328088
99700,107.39,122.26493246147383,-14.874933071825396
101555,62.0,76.8793916439436,-14.879391643943606
166814,68.85,83.7316363770681,-14.881637902947006
25996,79.5,94.38230891660187,-14.882308916601872
77500,68.03,82.92114105555942,-14.891142276262542
52034,39.0,53.89970547704957,-14.899705477049572
90635,173.67,188.57160995302846,-14.901611784083144
90635,173.67,188.57160995302846,-14.901611784083144
90903,107.93,122.8553734934379,-14.925373188262114
16576,32.92,47.84645721998391,-14.926459051038599
272278,446.43,461.36207272183134,-14.932080046050089
11910,6.5,21.445607696691635,-14.945607696691635
428647,1345.0,1359.9465007974802,-14.946500797480212
88856,15.8,30.748518009184007,-14.948517818449144
121440,111.22,126.17316841314133,-14.953167192438201
64723,43.0,57.96190658833145,-14.961906588331452
18340,9.02,23.98444624963654,-14.964445791872869
74584,46.361,61.327028696652015,-14.966028635616858
167055,93.28,108.24857773041703,-14.96857895112015
23803,57.54,72.51044761749381,-14.970446701966466
64560,155.31,170.2860568948832,-14.976059336289438
82789,46.02,60.999096465550636,-14.979096007786964
144000,51.15,66.1521936565581,-15.002192130679191
115788,236.624,251.64614657717954,-15.022153657257661
95433,16.9,31.928339545561602,-15.028339927031329
61204,102.5,117.53228329946366,-15.032283299463657
16098,5.56,20.596398209423327,-15.036398266643786
481999,112.0,127.05085509300926,-15.050855093009261
5783,156.42,171.48005033544763,-15.060052166502317
65144,25.0,40.08265900069903,-15.082659000699032
183460,415.82,430.91710310797566,-15.097095783756913
219608,524.6,539.7020694380294,-15.102093852091912
78268,45.32,60.43174425444359,-15.111744559619375
24867,46.53,61.657707717972905,-15.12770893867603
128536,160.0,175.13262337944073,-15.13262337944073
33215,40.648,55.78161488924037,-15.13361607942592
157723,134.08,149.21804151294924,-15.138039681894554
144086,41.83,56.97404150683351,-15.14403967577882
58908,44.05,59.19584950328502,-15.145850266224471
3545,7.16,22.312161046531102,-15.152161199118993
96929,20.3,35.453775503813034,-15.153776266752487
183460,415.76,430.91710310797566,-15.157093342350663
84346,65.5325,80.68991739838278,-15.15741617767965
49589,51.2,66.3610478812438,-15.161047118304353
17927,13.77,28.943953453402244,-15.173952995638572
50020,15.75,30.92727077113561,-15.17727077113561
55800,24.855,40.03948395811355,-15.184484415877222
48994,51.97,67.15886980636122,-15.1888685856581
53130,83.6136,98.80295451665741,-15.189352832087096
116872,146.67,161.86242711476467,-15.192428945819358
218024,172.0,187.21198291919106,-15.211982919191058
12908,16.98,32.20129789974108,-15.22129835750475
62200,54.54,69.76159670313844,-15.221595787611093
49553,89.725,104.94885987553057,-15.22386140140948
182943,605.024,620.2518894061445,-15.227902589738278
61756,58.0,73.23098679483137,-15.230986794831367
57100,27.54,42.771477017837995,-15.231476102310651
57811,40.0,55.23225460989034,-15.23225460989034
57811,40.0,55.23225460989034,-15.23225460989034
66900,73.65,88.88360894660983,-15.23360742073092
23392,12.16,27.398699271212255,-15.238699423800146
254766,288.83,304.0705613478686,-15.240574775602965
40085,35.279,50.522949634775095,-15.243950306161814
55800,24.795,40.03948395811355,-15.244483881819605
3853,51.3,66.54581061520122,-15.245811378140672
82302,116.706,131.95367423850675,-15.247672956768469
15960,25.71,40.96884071320915,-15.25884162873649
9045,0.0,15.259015798018302,-15.259015798018302
9045,0.0,15.259015798018302,-15.259015798018302
73044,76.206,91.46740339265335,-15.261402110915071
271492,59.259,74.53280512952514,-15.273806258675535
77632,112.0,127.27497983577194,-15.274979835771944
102191,156.91,172.19084799519547,-15.280844333086094
16000,29.38,44.6661144648601,-15.2861153040935
56637,95.0,110.28639682585973,-15.286396825859725
109263,120.63,135.92494486404087,-15.294947610622899
16098,5.3,20.596398209423327,-15.296398018688464
57100,27.47,42.771477017837995,-15.301477704483503
15960,25.66,40.96884071320915,-15.308840865797038
31283,54.12,69.4308234206956,-15.310824488810837
16098,5.27,20.596398209423327,-15.326398228496814
71248,180.24,195.568207269302,-15.328201776137945
16098,5.26,20.596398209423327,-15.336397980541491
85732,160.989,176.32713159648773,-15.338133183401794
57334,40.0,55.33863273027409,-15.338632730274092
55800,24.69,40.03948395811355,-15.349483424055933
86323,62.39,77.74988560464969,-15.359886215001254
56569,14.111,29.47818356152074,-15.367183500485584
157545,166.645,182.01542427431616,-15.370420001855223
64749,27.0,42.372002228249336,-15.372002228249336
155807,83.6,98.97552938451851,-15.375530910397416
200442,630.0,645.3766118020225,-15.376611802022467
49975,41.1875,56.56837217281457,-15.38087217281457
98125,163.625,179.00676345667947,-15.381763456679465
16802,149.9,165.29263217265924,-15.392638276174864
47500,45.93,61.32285640720736,-15.39285610203158
79782,39.826,55.236915331602816,-15.41091511797977
66203,91.7075,107.12973699866703,-15.422240355600621
147205,101.0,116.42536445396028,-15.425364453960285
147205,101.0,116.42536445396028,-15.425364453960285
80205,27.324,42.75740428944886,-15.43340488454163
63771,48.355,63.791281292321955,-15.436281750085627
48300,50.0,65.43707293693117,-15.437072936931173
48300,50.0,65.43707293693117,-15.437072936931173
48300,50.0,65.43707293693117,-15.437072936931173
48300,50.0,65.43707293693117,-15.437072936931173
11910,6.0,21.445607696691635,-15.445607696691635
48411,183.23,198.68188181110997,-15.451886083570912
52748,32.253,47.706419178192554,-15.453420826141773
129707,65.5,80.95997769504783,-15.459977695047826
17262,28.08,43.544754865063304,-15.46475494135725
55800,24.57,40.03948395811355,-15.469484263289331
120566,35.9,51.38596578106557,-15.485964255186666
73813,347.177,362.66429192041716,-15.487289967292156
73813,347.177,362.66429192041716,-15.487289967292156
130577,218.0,233.49150605663831,-15.491506056638315
36307,0.0,15.495849392557458,-15.495849392557458
11274,7.81,23.325137335591627,-15.515137392812086
111304,89.09,104.60904396287314,-15.51904762498252
136817,179.225,194.7504305426388,-15.525424439123185
53077,15.482,31.008180533962054,-15.526180183009906
15489,35.5,51.02872443251431,-15.52872443251431
15489,35.5,51.02872443251431,-15.52872443251431
219608,524.17,539.7020694380294,-15.532086527873162
11651,15.4,30.93834779891024,-15.538348180379966
96929,19.9,35.453775503813034,-15.55377588528276
44203,5.96,21.526089239269243,-15.56608920112227
30810,27.77,43.34839231441704,-15.578391856653369
74443,165.154,180.73524468056496,-15.581237722557148
130581,110.75,126.33973507717745,-15.589735077177451
99700,106.67,122.26493246147383,-15.59493429252852
30810,27.75,43.34839231441704,-15.59839231441704
43000,20.86,36.48892836439465,-15.62892775404309
809530,157.04,172.67594423419908,-15.635950948066267
83919,47.0,62.65477586357784,-15.65477586357784
83919,47.0,62.65477586357784,-15.65477586357784
16098,4.94,20.596398209423327,-15.656398152202868
65843,18.115,33.78243106238984,-15.667431291271676
111304,88.94,104.60904396287314,-15.669041521466895
36221,5.5,21.18585997247453,-15.685859972474528
103138,470.833,486.52717620877064,-15.69416839627064
35241,32.56,48.26008187050891,-15.700080497217897
51500,78.91,94.61482908453439,-15.704825422425017
168696,90.0,105.70833076013291,-15.70833076013291
131710,180.81,196.5228638995413,-15.712866340947556
86323,62.03,77.74988560464969,-15.719886825352816
213762,121.5,137.22416557729,-15.724165577289995
150887,92.561,108.29999420021122,-15.738997190933873
252268,189.0,204.73899906454778,-15.738999064547784
252268,189.0,204.73899906454778,-15.738999064547784
30143,277.0,292.7399584355604,-15.739958435560425
7133,15.67,31.410553472373927,-15.740553396079981
82911,53.3167,69.05832503926837,-15.741625057578915
103718,41.0,56.74533600341981,-15.745336003419808
103718,41.0,56.74533600341981,-15.745336003419808
44203,5.76,21.526089239269243,-15.766089010387407
89315,12.08,27.85605975612943,-15.776059832423375
5783,155.7,171.48005033544763,-15.780053387205442
230747,90.0,105.7891132541025,-15.789113254102503
230747,90.0,105.7891132541025,-15.789113254102503
230747,90.0,105.7891132541025,-15.789113254102503
72709,19.847,35.63741018810328,-15.790410066032969
75000,64.0,79.79379303597848,-15.793793035978481
113589,43.4,59.19418965342551,-15.794188127546605
39143,21.0,36.79638489404596,-15.796384894045957
65843,17.985,33.78243106238984,-15.797430452038277
55800,24.2375,40.03948395811355,-15.801984721053003
121440,110.37,126.17316841314133,-15.803165666559295
85164,46.324,62.12982568518678,-15.805824372930921
180000,104.05,119.86262140486672,-15.812618353108903
387638,46.8919,62.709790158800075,-15.817891049913356
150393,250.555,266.3872817571869,-15.832289081405634
160038,75.8,91.67178586365603,-15.871782811898214
53130,82.9311,98.80295451665741,-15.871855578669127
53130,82.9311,98.80295451665741,-15.871855578669127
7820,1.6667,17.541441022185005,-15.874741016653694
173479,59.7501,75.63062652128431,-15.880527339155407
25996,78.5,94.38230891660187,-15.882308916601872
134748,258.969,274.85263650688063,-15.883642366255629
36221,5.3,21.18585997247453,-15.885859781739665
202435,344.98,360.8704678979174,-15.890456911589297
57100,26.87,42.771477017837995,-15.901476178604597
82302,116.051,131.95367423850675,-15.902671736065344
110919,76.424,92.33023834882397,-15.90623474774975
55800,24.1275,40.03948395811355,-15.911983424055933
78268,44.49,60.43174425444359,-15.941742575976797
62238,40.48,56.43786576971901,-15.957866227482683
93500,45.6833,61.64521420642434,-15.961914188113795
112956,74.4125,90.37873685394825,-15.96623837982716
41933,24.2501,40.23331681580517,-15.983217633676261
41933,24.25,40.23331681580517,-15.983316815805168
66900,72.9,88.88360894660983,-15.98360742073092
77469,194.32,210.3204192567057,-16.00041193248694
82939,70.0,86.00570624019188,-16.005706240191884
82939,70.0,86.00570624019188,-16.005706240191884
44203,5.51,21.526089239269243,-16.016089010387407
53077,14.987,31.008180533962054,-16.021180068568988
57394,67.069,83.09365588914075,-16.024655645000124
57189,11.3,27.325558905161923,-16.02555871442706
83108,37.9,53.925738396402224,-16.025736870523318
202937,381.0,397.02891710963456,-16.028917109634563
163959,125.76,141.79413811125335,-16.034135975022878
50327,32.0,48.03663620557968,-16.036636205579683
94399,65.05,81.09548138969086,-16.045478337933048
89315,11.81,27.85605975612943,-16.04605933651273
138602,82.0,98.04670134447302,-16.04670134447302
88856,14.7,30.748518009184007,-16.04851819991887
42214,15.66,31.71200368630765,-16.05200383889554
81576,369.606,385.65867643538155,-16.052688886553426
11274,7.27,23.325137335591627,-16.055137354665113
129707,64.9,80.95997769504783,-16.05997616916892
11651,14.87,30.93834779891024,-16.068347913351158
60086,70.01,86.08153731823951,-16.071535182009043
12660,23.5,39.57521915142756,-16.07521915142756
31053,37.25,53.32551994486311,-16.07551994486311
9569,71.5596,87.64049030174573,-16.080889471667604
8637,36.82,52.93587688508586,-16.115877190261642
79900,84.7758,100.89239257329773,-16.11658996099304
373416,101.0,117.12672910456456,-16.12672910456456
80205,26.628,42.75740428944886,-16.129404030049443
25996,78.25,94.38230891660187,-16.132308916601872
58733,32.7,48.83283654061337,-16.132835777673918
102191,156.052,172.19084799519547,-16.13884604207047
44203,5.38,21.526089239269243,-16.146089124828325
121471,41.4,57.55843897881991,-16.158437452941
23903,20.99,37.16730312616275,-16.177303355044586
91253,72.4,88.58099801479662,-16.180996488917714
92994,27.145,43.33380164814044,-16.188801190376765
24345,73.33,89.53394780118853,-16.203945970133844
272278,445.15,461.36207272183134,-16.212078825346964
148032,95.1,111.32394582057324,-16.22394734645215
182500,171.01,187.2399092969563,-16.229914790120375
72709,19.405,35.63741018810328,-16.232409501457774
86786,56.0,72.24528804602814,-16.245288046028136
150393,250.137,266.3872817571869,-16.25028834898376
38598,49.0,65.25679238145119,-16.25679238145119
60621,44.0,60.271564641784515,-16.271564641784515
76153,69.425,85.70283980466698,-16.277836752909167
13091,23.689,39.96700182082713,-16.278002644801738
37800,47.03,63.31257688081704,-16.282578101520166
55800,23.7525,40.03948395811355,-16.286983424055933
557217,46.42,62.70971209493002,-16.289713925984707
72958,32.0,48.289918767259365,-16.289918767259365
3877,7.05,23.342552253938575,-16.29255206320371
25139,8.27,24.574304279715843,-16.30430382195217
16576,31.54,47.84645721998391,-16.306456304456567
37083,19.99,36.306878097871945,-16.31687832675378
57189,11.0,27.325558905161923,-16.325558905161923
44203,5.2,21.526089239269243,-16.326089430004107
65144,23.75,40.08265900069903,-16.33265900069903
15879,2.6667,19.004714146124897,-16.338014259802875
57334,39.0,55.33863273027409,-16.338632730274092
57334,39.0,55.33863273027409,-16.338632730274092
7133,15.07,31.410553472373927,-16.340553777549708
99946,67.702,84.0466326015368,-16.344629122532893
52357,36.0,52.3460240392389,-16.3460240392389
52357,36.0,52.3460240392389,-16.3460240392389
52357,36.0,52.3460240392389,-16.3460240392389
64153,37.4,53.75432503284644,-16.354323506967532
87107,64.79,81.16352436501019,-16.373523449482846
173479,59.25,75.63062652128431,-16.380626521284313
25996,78.0,94.38230891660187,-16.382308916601872
100328,93.518,109.90484107167478,-16.386843329975562
185200,177.25,193.64519216799664,-16.39519216799664
44203,5.13,21.526089239269243,-16.396089124828325
82200,31.68,48.07762212813821,-16.397621822962428
39988,57.271,73.67141670239164,-16.400416793944373
87977,37.625,54.03117717693609,-16.40617717693609
89456,123.0,139.4143177820109,-16.414317782010897
282946,246.95,263.3754930126251,-16.425496064382912
14269,14.74,31.184082246241424,-16.44408247512326
108971,134.7,151.15234512631167,-16.452348178069485
168791,58.6,75.05522706316026,-16.455228589039166
129707,64.5,80.95997769504783,-16.459977695047826
98624,56.35,72.81449385727441,-16.46449538315332
134114,140.81,157.2748331863624,-16.46483562776865
37917,35.0938,51.566530785654486,-16.472731194590033
144900,199.35,215.83014309855787,-16.480136995042244
42214,15.23,31.71200368630765,-16.482004144071322
205141,190.0,206.49000208006953,-16.49000208006953
130577,217.0,233.49150605663831,-16.491506056638315
35829,32.472,48.9707919912352,-16.49879186916489
173479,59.1301,75.63062652128431,-16.500526271040172
4038,0.0,16.50098387227743,-16.50098387227743
4038,0.0,16.50098387227743,-16.50098387227743
4038,0.0,16.50098387227743,-16.50098387227743
4038,0.0,16.50098387227743,-16.50098387227743
4038,0.0,16.50098387227743,-16.50098387227743
4038,0.0,16.50098387227743,-16.50098387227743
4038,0.0,16.50098387227743,-16.50098387227743
4038,0.0,16.50098387227743,-16.50098387227743
4038,0.0,16.50098387227743,-16.50098387227743
4038,0.0,16.50098387227743,-16.50098387227743
42755,55.0,71.50197785423241,-16.501977854232408
166814,67.225,83.7316363770681,-16.506637902947006
42214,15.19,31.71200368630765,-16.52200410592435
57189,10.8,27.325558905161923,-16.52555871442706
142672,95.734,112.2596150432741,-16.525613883606127
16098,4.07,20.596398209423327,-16.52639803776195
65663,64.625,81.17271682915242,-16.54771682915242
49553,88.4,104.94885987553057,-16.548858349651667
42214,15.16,31.71200368630765,-16.55200383889554
64818,61.8167,78.37583279247283,-16.55913281078338
222434,126.989,143.55125915533304,-16.562260742247105
17709,14.5,31.064765207702916,-16.564765207702916
71224,52.96,69.53177877239092,-16.571779687918266
59498,32.0,48.57663055786556,-16.576630557865563
59498,32.0,48.57663055786556,-16.576630557865563
129716,474.171,490.75596544221,-16.58497545197565
22500,22.69,39.27627765327477,-16.58627711921715
110800,52.23,68.83913580203387,-16.609136259797538
182500,170.63,187.2399092969563,-16.609904414143813
96124,167.52,184.13046255271308,-16.610458280252146
57100,26.16,42.771477017837995,-16.611477170425886
37800,46.7,63.31257688081704,-16.612576117877587
14269,14.57,31.184082246241424,-16.614082551417205
51622,87.44,104.07337745429024,-16.633375012883988
6010,21.21,37.844072382036856,-16.6340732975642
16000,28.03,44.6661144648601,-16.636113778214593
60086,69.44,86.08153731823951,-16.641534876833262
94658,39.8,56.442613553712725,-16.64261431665218
90903,106.21,122.8553734934379,-16.64537440896524
88856,14.1,30.748518009184007,-16.64851762771428
84615,53.725,70.38060445697676,-16.65560598285566
157723,132.56,149.21804151294924,-16.65804395435549
27814,289.75,306.41005068900006,-16.66005068900006
28760,21.0,37.67608026278639,-16.676080262786392
120566,34.7,51.38596578106557,-16.68596501812612
64560,153.59,170.2860568948832,-16.696060556992563
59900,42.41,59.117070439659265,-16.707070592247156
65000,79.71,96.43054910446315,-16.720550019990498
57189,10.6,27.325558905161923,-16.725558523692197
57189,10.6,27.325558905161923,-16.725558523692197
50000,47.16,63.88725651604469,-16.727256668632577
82035,75.45,92.18044556894263,-16.730448620700443
113988,110.5,127.23480903796708,-16.734809037967082
252268,188.0,204.73899906454778,-16.738999064547784
8837,55.0,71.75459461592263,-16.754594615922628
58307,37.35,54.11843626329468,-16.76843778917359
63771,47.016,63.791281292321955,-16.775282451989924
327256,912.52,929.3100436754685,-16.790024144218478
113589,42.4,59.19418965342551,-16.794188127546605
51500,77.82,94.61482908453439,-16.794829389710173
153999,171.0,187.80271157268805,-16.802711572688054
134748,258.047,274.85263650688063,-16.80563943656813
35253,95.0,111.81619961357337,-16.816199613573374
28760,20.85,37.67608026278639,-16.826079881316666
12761,28.22,45.050694106897524,-16.83069479354303
134114,140.44,157.2748331863624,-16.83483074495615
40531,35.76,52.5972738210826,-16.8372754995494
43955,92.85,109.69021020205719,-16.840211727936094
53234,84.75,101.59823949114269,-16.848239491142692
77055,70.504,87.3578962899231,-16.85389848718873
86167,28.0,44.85891121731448,-16.85891121731448
214505,770.75,787.6107948569525,-16.860794856952452
105500,81.06,97.93455912021871,-16.874561561624958
249457,711.559,728.4353757297193,-16.87635473362559
16098,3.72,20.596398209423327,-16.876398180813098
22000,44.28,61.16436187749794,-16.884363098201064
120566,34.5,51.38596578106557,-16.885965781065572
120566,34.5,51.38596578106557,-16.885965781065572
182500,170.35,187.2399092969563,-16.889903193440688
16802,148.4,165.29263217265924,-16.892638276174864
55800,23.1425,40.03948395811355,-16.896984034407495
24251,0.3469,17.26671278792485,-16.91981280165776
82302,115.03,131.95367423850675,-16.923675459209875
148032,94.4,111.32394582057324,-16.923944294694337
57189,10.4,27.325558905161923,-16.92555928663165
57189,10.4,27.325558905161923,-16.92555928663165
60096,42.0,58.925563981466794,-16.925563981466794
66404,77.85,94.78397760438385,-16.933979130262756
100481,349.375,366.3107338222408,-16.93573382224082
37800,46.37,63.31257688081704,-16.942577948932275
92099,61.22,78.16642602619405,-16.94642480549092
21657,34.5375,51.485678818256744,-16.94818034413565
21657,34.5375,51.485678818256744,-16.94818034413565
58157,22.125,39.07753128055004,-16.95253128055004
85623,54.0,70.96031609100551,-16.96031609100551
132394,185.5,202.47204672042318,-16.97204672042318
60086,69.1,86.08153731823951,-16.98153884411842
6139,1.56,18.546339444333615,-16.986339501554074
104355,144.767,161.7541327402342,-16.987134449218587
108971,134.15,151.15234512631167,-17.002351229827298
129716,473.75,490.75596544221,-17.005965442210027
23481,12.0,29.01609868988602,-17.01609868988602
23481,12.0,29.01609868988602,-17.01609868988602
92994,26.314,43.33380164814044,-17.019802472115046
40085,33.5,50.522949634775095,-17.022949634775095
22000,44.14,61.16436187749794,-17.0243624878495
21472,44.87,61.897768973311585,-17.02777004142682
15489,34.0,51.02872443251431,-17.02872443251431
202937,380.0,397.02891710963456,-17.028917109634563
387638,45.6633,62.709790158800075,-17.0464905982532
387638,45.6633,62.709790158800075,-17.0464905982532
15649,11.6426,28.701082346238177,-17.0584822867289
119509,68.0,85.0602844463126,-17.060284446312593
34455,225.2,242.2703701992794,-17.07037325103721
57100,25.7,42.771477017837995,-17.071476254898542
44218,26.415,43.516435268554595,-17.10143435302725
42214,14.6,31.71200368630765,-17.112003304837923
58908,42.08,59.19584950328502,-17.11584767223033
30810,26.23,43.34839231441704,-17.118392772180712
53000,64.29,81.41279764632372,-17.12279673079638
25996,77.25,94.38230891660187,-17.132308916601872
128536,158.0,175.13262337944073,-17.13262337944073
69754,33.0,50.13595029807898,-17.13595029807898
51999,41.28,58.42967347012043,-17.149674690823552
92099,61.0,78.16642602619405,-17.166426026194046
42214,14.54,31.71200368630765,-17.172003724454623
72332,202.151,219.3387453443446,-17.187744367782102
113589,42.0,59.19418965342551,-17.19418965342551
83155,43.584,60.78507835381667,-17.20107872002761
87131,101.297,118.50223802419774,-17.205240953885237
167055,91.04,108.24857773041703,-17.208576814889682
148032,94.1,111.32394582057324,-17.22394734645215
179449,355.53,372.75962880079385,-17.229630021496973
81580,222.5,239.73292916022604,-17.232929160226035
56995,243.664,260.90920928900937,-17.245207824165618
52748,30.446,47.706419178192554,-17.260420032684742
77263,80.0167,97.27959058260959,-17.26288983798068
58157,21.81,39.07753128055004,-17.267531814607658
47954,31.75,49.02727559162675,-17.277275591626747
58157,21.7975,39.07753128055004,-17.280030670198478
3569,0.0,17.284484426073554,-17.284484426073554
3569,0.0,17.284484426073554,-17.284484426073554
3569,0.0,17.284484426073554,-17.284484426073554
3569,0.0,17.284484426073554,-17.284484426073554
3569,0.0,17.284484426073554,-17.284484426073554
3569,0.0,17.284484426073554,-17.284484426073554
3569,0.0,17.284484426073554,-17.284484426073554
83155,43.46,60.78507835381667,-17.325079269344016
82035,74.85,92.18044556894263,-17.330447094821537
29547,64.795,82.12553514166102,-17.330536972715706
99325,145.74,163.07313549076477,-17.333129997600707
113000,82.7389,100.07416983469788,-17.335270603740852
93764,23.7,41.03982342026941,-17.339822657329954
150673,131.585,148.92755080784673,-17.34254409397954
64113,64.66,82.02477535511987,-17.364771693010496
18414,29.1667,46.547193360977445,-17.380492997818266
117054,78.297,95.68483085440359,-17.387833784091086
49384,37.51,54.89910428621494,-17.38910596468174
278795,208.083,225.4772542573112,-17.39426170360025
7133,14.01,31.410553472373927,-17.40055324349209
89456,122.0,139.4143177820109,-17.414317782010897
89456,122.0,139.4143177820109,-17.414317782010897
89456,122.0,139.4143177820109,-17.414317782010897
25463,21.139,38.554577827050835,-17.41557788808599
109000,69.51,86.93123716638574,-17.421235030155273
42214,14.29,31.71200368630765,-17.422003724454623
148032,93.9,111.32394582057324,-17.423944294694337
147205,99.0,116.42536445396028,-17.425364453960285
87673,43.01,60.444331060076365,-17.434332738543162
86120,140.54,157.98160241091173,-17.44160912477892
97838,459.0,476.4430724593413,-17.443072459341295
89770,142.89,160.3422818375774,-17.45228244792895
121440,108.72,126.17316841314133,-17.4531671924382
23803,55.04,72.51044761749381,-17.470446701966466
88480,116.75,134.2215673236592,-17.4715673236592
102957,74.8,92.28592317149574,-17.485920119737926
130577,216.0,233.49150605663831,-17.491506056638315
65000,78.93,96.43054910446315,-17.500548799287373
71994,30.0324,47.53316412692653,-17.500763995700943
42755,54.0,71.50197785423241,-17.501977854232408
49662,173.62,191.1247216399038,-17.50472652271631
13469,13.0,30.512954925353924,-17.512954925353924
71421,82.31,99.82992526136076,-17.519927702767006
137046,26.1,43.6419614849979,-17.541961103528173
31829,14.8,32.364589419982856,-17.564589229247993
137522,107.0,124.566979656218,-17.566979656217995
137522,107.0,124.566979656218,-17.566979656217995
181328,222.99,240.56206754538536,-17.5720620522213
4589,3.21,20.789902927443496,-17.579902889296523
16768,10.64,28.22556328722578,-17.585562943903025
113589,41.6,59.19418965342551,-17.594191179304417
113988,109.625,127.23480903796708,-17.609809037967082
44564,69.0,86.620599200529,-17.620599200529
95433,14.3,31.928339545561602,-17.62833935482674
95433,14.3,31.928339545561602,-17.62833935482674
557217,45.08,62.70971209493002,-17.62971026387533
47200,28.03,45.674137719078445,-17.644137032432937
87673,42.8,60.444331060076365,-17.64433182301582
185200,176.0,193.64519216799664,-17.64519216799664
14913,19.49,37.14035362744481,-17.650353856326646
96929,17.8,35.453775503813034,-17.653776266752487
74443,163.075,180.73524468056496,-17.660247732322773
387638,45.049,62.709790158800075,-17.660790372423122
155682,108.29,125.95948568358907,-17.66948476806172
84688,13.0,30.690212003395924,-17.690212003395924
84688,13.0,30.690212003395924,-17.690212003395924
84688,13.0,30.690212003395924,-17.690212003395924
91253,70.875,88.58099801479662,-17.70599801479662
29916,40.91,58.61776458479062,-17.70776473737851
105612,87.525,105.2655535216568,-17.740551995777892
45098,88.03,105.77823373673182,-17.748234957434946
33695,110.65,128.40724356207852,-17.757242036199614
64723,40.2,57.96190658833145,-17.761905825392
60100,173.85,191.61497745035555,-17.76497134683993
23918,26.12,43.88713769119034,-17.76713685195694
89858,42.728,60.5010461969114,-17.773045556042263
17262,25.77,43.544754865063304,-17.774754407299632
99946,66.261,84.0466326015368,-17.785631014622737
75000,62.0,79.79379303597848,-17.79379303597848
39143,19.0,36.79638489404596,-17.796384894045957
278369,300.25,318.0542574749598,-17.804257474959797
133100,114.931,132.7679573791534,-17.836957623294012
93764,23.2,41.03982342026941,-17.839822657329954
150393,248.544,266.3872817571869,-17.843275409530634
112536,146.37,164.22713646287875,-17.857141345691247
24345,71.65,89.53394780118853,-17.883946275309626
11274,5.43,23.325137335591627,-17.895137507253004
389641,109.0,126.89749329657388,-17.897493296573884
35033,55.26,73.16281797532928,-17.902819653796072
121440,108.27,126.17316841314133,-17.90317177007492
66121,116.0,133.9063732487111,-17.906373248711105
11651,13.03,30.93834779891024,-17.908348065939048
33215,37.866,55.78161488924037,-17.915613760089983
58157,21.1575,39.07753128055004,-17.92003196719555
126045,34.5,52.449307087897715,-17.949307087897715
29916,40.65,58.61776458479062,-17.967763058911714
34455,224.3,242.2703701992794,-17.970367147521586
47439,135.66,153.64556906179624,-17.985565399686863
44218,25.5225,43.516435268554595,-17.99393618408194
49975,38.5625,56.56837217281457,-18.00587217281457
83108,35.9,53.925738396402224,-18.025736870523318
95433,13.9,31.928339545561602,-18.02833992703133
95433,13.9,31.928339545561602,-18.02833992703133
91253,70.55,88.58099801479662,-18.030994963038808
50327,30.0,48.03663620557968,-18.036636205579683
93764,23.0,41.03982342026941,-18.039823420269407
152946,144.149,162.19644335761348,-18.047441282418163
66203,89.0817,107.12973699866703,-18.04803381263187
88856,12.7,30.748518009184007,-18.04851819991887
43094,35.87,53.92936793427608,-18.059369002391314
8637,34.87,52.93587688508586,-18.065877953201095
152312,448.645,466.7172848802885,-18.072295866616628
66900,70.81,88.88360894660983,-18.073611388016076
36221,3.1,21.18585997247453,-18.08586006784196
102957,74.2,92.28592317149574,-18.08592622325355
80205,24.668,42.75740428944886,-18.089405021870732
34171,20.26,38.35095066376559,-18.09095043488375
193960,144.0,162.09759348154546,-18.09759348154546
71088,117.0,135.09937514591948,-18.09937514591948
162549,102.122,120.2215696136214,-18.09956796567218
47500,43.2,61.32285640720736,-18.122855644267908
82670,129.038,147.17730547335685,-18.139311088591228
137046,25.5,43.6419614849979,-18.1419614849979
64818,60.2167,78.37583279247283,-18.159131284904475
48392,211.594,229.75574595331832,-18.161751812693325
112956,72.2125,90.37873685394825,-18.166235328069348
43094,35.75,53.92936793427608,-18.17936793427608
74180,34.52,52.70538831837568,-18.18538786061201
36221,3.0,21.18585997247453,-18.18585997247453
155882,342.0,360.2133095557216,-18.213309555721594
57811,37.0,55.23225460989034,-18.23225460989034
63771,45.557,63.791281292321955,-18.234282085778986
79782,36.999,55.236915331602816,-18.23791478228641
64743,124.231,142.47266701093585,-18.241664203318663
92500,119.765,138.00683095765532,-18.241831568006887
88856,12.5,30.748518009184007,-18.248518009184007
86250,241.626,259.87633940936547,-18.250332329287346
9000,31.18,49.45146011673637,-18.27145981156059
96124,165.85,184.13046255271308,-18.28045644919746
166395,286.0,304.2959679643859,-18.29596796438591
233863,269.9,288.1978690022786,-18.29787510579422
115788,233.346,251.64614657717954,-18.30015353518735
51688,64.5,82.83793987884553,-18.337939878845532
93764,22.7,41.03982342026941,-18.339822657329954
234476,313.369,331.70978337316245,-18.340795336053077
82302,113.61,131.95367423850675,-18.343673628155187
26953,80.9516,99.32054412004912,-18.36894499895537
118338,393.625,411.99979701573363,-18.374797015733634
29547,63.745,82.12553514166102,-18.380536209776253
121440,107.78,126.17316841314133,-18.39316963384445
113589,40.8,59.19418965342551,-18.394190416364964
36387,37.98,56.377284493942646,-18.397284951706318
71421,81.43,99.82992526136076,-18.399924956184975
16200,35.68,54.082044027775446,-18.402043722599664
179559,514.68,533.0834721915626,-18.403479515781328
14269,12.77,31.184082246241424,-18.414081788477752
186572,53.0,71.41608906385036,-18.416089063850364
11651,12.52,30.93834779891024,-18.418347341146568
147205,98.0,116.42536445396028,-18.425364453960285
69400,73.07,91.51270432346128,-18.44270462863706
233863,269.75,288.1978690022786,-18.447869002278594
45098,87.33,105.77823373673182,-18.448231905677133
58908,40.74,59.19584950328502,-18.45584782481822
41329,17.52,35.97689182707369,-18.45689136931002
78268,41.97,60.43174425444359,-18.46174303374047
142901,211.125,229.5892728283069,-18.46427282830689
85164,43.651,62.12982568518678,-18.47882470862428
78438,64.275,82.75468417196358,-18.47968264608467
387638,44.2299,62.709790158800075,-18.479889798692653
387638,44.2299,62.709790158800075,-18.479889798692653
79782,36.749,55.236915331602816,-18.48791478228641
110800,50.35,68.83913580203387,-18.489137327912772
157933,237.45,255.94139935814349,-18.491402409901298
13469,12.0,30.512954925353924,-18.512954925353924
93608,35.475,54.00984954428346,-18.534851070162368
49975,38.0312,56.56837217281457,-18.537171763879023
20584,50.6,69.140539141848,-18.5405406677269
61151,40.69,59.233831400934825,-18.54383277422584
12908,13.65,32.20129789974108,-18.551298281210805
63771,45.235,63.791281292321955,-18.556280681970392
31829,13.8,32.364589419982856,-18.564589229247993
137522,106.0,124.566979656218,-18.566979656217995
137522,106.0,124.566979656218,-18.566979656217995
111530,135.2,153.77331856306316,-18.57332161482097
84346,62.11,80.68991739838278,-18.579916788031213
16802,146.7,165.29263217265924,-18.59263522441705
74443,162.127,180.73524468056496,-18.608245779197773
3853,47.9,66.54581061520122,-18.645809089322313
84300,77.21,95.86388601390425,-18.653886929431593
110235,222.0,240.67440159613253,-18.674401596132526
141461,468.563,487.2384668581306,-18.675478576880607
78438,64.075,82.75468417196358,-18.679687223721388
84688,12.0,30.690212003395924,-18.690212003395924
11651,12.23,30.93834779891024,-18.70834825667391
16200,35.37,54.082044027775446,-18.71204509589068
45098,87.06,105.77823373673182,-18.71823617813807
171008,214.35,233.07422841268232,-18.72422230916669
88480,115.497,134.2215673236592,-18.724565675709982
136522,114.225,132.94986803481342,-18.724869560692326
49384,36.15,54.89910428621494,-18.749102760336037
10174,1.6667,20.42422967790555,-18.75752967237424
82789,42.24,60.999096465550636,-18.75909478708384
72102,86.21,104.97293986818634,-18.762940783713688
31829,13.6,32.364589419982856,-18.76458903851313
74420,47.75,66.52485936242486,-18.774859362424863
16802,146.5,165.29263217265924,-18.79263217265924
75000,61.0,79.79379303597848,-18.79379303597848
40531,33.8,52.5972738210826,-18.797274584022055
62205,82.9,101.70138266734581,-18.801381141466905
29916,39.8,58.61776458479062,-18.817765347730074
117054,76.864,95.68483085440359,-18.82083244131765
8637,34.11,52.93587688508586,-18.8258762747343
37265,75.6,94.48063016843949,-18.880631694318396
129716,471.875,490.75596544221,-18.880965442210027
219608,520.8,539.7020694380294,-18.90208164506066
182943,601.348,620.2518894061445,-18.903866945207028
64113,63.12,82.02477535511987,-18.904776423235106
66121,115.0,133.9063732487111,-18.906373248711105
66121,115.0,133.9063732487111,-18.906373248711105
160673,465.175,484.13695989998547,-18.96197210701672
43000,17.51,36.48892836439465,-18.978928135512817
110380,213.8,232.77897561013052,-18.978972558372703
49662,172.14,191.1247216399038,-18.984722250255373
15913,17.59,36.58207433605272,-18.99207418346483
159384,324.0,343.0014627080198,-19.0014627080198
16000,25.66,44.6661144648601,-19.00611461744799
63771,44.772,63.791281292321955,-19.019281933191095
137040,102.76,121.77975418745667,-19.019752051226206
40085,31.5,50.522949634775095,-19.022949634775095
62800,106.39,125.41469576714209,-19.024696377493655
193294,943.68,962.7211891113225,-19.041196435541224
3853,47.5,66.54581061520122,-19.04581061520122
557217,43.66,62.70971209493002,-19.04971224751791
121471,38.5,57.55843897881991,-19.058438978819908
31829,13.3,32.364589419982856,-19.064589229247993
157545,162.937,182.01542427431616,-19.078427814355223
110380,213.7,232.77897561013052,-19.07897866188833
80205,23.672,42.75740428944886,-19.08540340443909
387638,43.6156,62.709790158800075,-19.094189572862575
71088,116.0,135.09937514591948,-19.09937514591948
58041,27.94,47.05703520932854,-19.117034675270922
43000,17.37,36.48892836439465,-19.118927525161254
25996,75.25,94.38230891660187,-19.132308916601872
65144,20.9399,40.08265900069903,-19.142759556118953
99946,64.897,84.0466326015368,-19.149629427708675
48411,179.53,198.68188181110997,-19.1518830318131
53000,62.26,81.41279764632372,-19.15279932479052
24345,70.38,89.53394780118853,-19.153950547770563
121471,38.4,57.55843897881991,-19.158437452941
118231,113.75,132.91861146658698,-19.16861146658698
138977,162.753,181.93299727110568,-19.179991289660364
14913,17.95,37.14035362744481,-19.190352864505357
381221,485.811,505.0185808444137,-19.207576205741816
78268,41.21,60.43174425444359,-19.221745169970937
66900,69.65,88.88360894660983,-19.23360742073092
99700,103.03,122.26493246147383,-19.23493368217696
50000,44.65,63.88725651604469,-19.23725499016578
104667,64.4167,83.67276039191054,-19.25605812140273
9000,30.19,49.45146011673637,-19.261459582678754
77632,108.0,127.27497983577194,-19.274979835771944
58908,39.91,59.19584950328502,-19.28584965587291
78002,50.0,69.28606645041513,-19.286066450415134
12761,25.76,45.050694106897524,-19.290693878015688
387638,43.4108,62.709790158800075,-19.298989224962185
104604,251.0,270.31630969883395,-19.316309698833948
42755,52.175,71.50197785423241,-19.32697861717186
128044,97.8167,117.1487416644861,-19.332037868099377
89770,141.01,160.3422818375774,-19.33228733074145
57334,36.0,55.33863273027409,-19.338632730274092
57334,36.0,55.33863273027409,-19.338632730274092
68693,268.975,288.3336933551416,-19.358687251625952
79700,90.49,109.85284544164244,-19.362847577872913
43000,17.12,36.48892836439465,-19.368927525161254
78268,41.04,60.43174425444359,-19.39174333891625
113589,39.8,59.19418965342551,-19.394190416364964
21657,32.0803,51.485678818256744,-19.405379440815338
117054,76.275,95.68483085440359,-19.40982932852468
305268,98.5717,117.98425630868269,-19.412555258878
44218,24.0975,43.516435268554595,-19.418935421142486
69400,72.09,91.51270432346128,-19.422707985570653
147205,97.0,116.42536445396028,-19.425364453960285
136817,175.325,194.7504305426388,-19.425433594396623
111304,85.18,104.60904396287314,-19.429043657697363
105505,49.05,68.48450060075061,-19.43450136369006
110000,76.54,95.97805314507585,-19.438052229548504
232139,580.988,600.4430314095656,-19.455055335346856
24867,42.2,61.657707717972905,-19.45770695503345
31829,12.9,32.364589419982856,-19.464589801452583
24867,42.19,61.657707717972905,-19.46770909126392
59900,39.63,59.117070439659265,-19.48706937154403
205141,187.0,206.49000208006953,-19.49000208006953
83400,48.95,68.44088068827044,-19.490879925330987
108971,131.65,151.15234512631167,-19.502351229827298
387638,43.2061,62.709790158800075,-19.503689694932888
13469,11.0,30.512954925353924,-19.512954925353924
13469,11.0,30.512954925353924,-19.512954925353924
13469,11.0,30.512954925353924,-19.512954925353924
61204,98.0,117.53228329946366,-19.532283299463657
96929,15.9,35.453775503813034,-19.55377588528276
137522,105.0,124.566979656218,-19.566979656217995
137522,105.0,124.566979656218,-19.566979656217995
29063,16.5,36.07531868926343,-19.575318689263433
29063,16.5,36.07531868926343,-19.575318689263433
557217,43.11,62.70971209493002,-19.599711484578457
144900,196.23,215.83014309855787,-19.600147371018807
128044,97.5333,117.1487416644861,-19.61543935735719
96612,62.0,81.61712504039397,-19.617125040393972
82200,28.46,48.07762212813821,-19.617623043665553
47200,26.05,45.674137719078445,-19.624138482017898
33695,108.775,128.40724356207852,-19.632242036199614
115788,232.004,251.64614657717954,-19.64214877444516
92994,23.68,43.33380164814044,-19.653801342964655
77844,67.89,87.54997850088311,-19.659979111234676
102429,25.6,45.26281079805393,-19.6628104165842
56995,241.242,260.90920928900937,-19.667204894478118
293990,395.21,414.8798689370292,-19.669877481951062
110235,221.0,240.67440159613253,-19.674401596132526
16092,0.3878,20.07593859121716,-19.68813858315861
31283,49.74,69.4308234206956,-19.690821742228806
144900,196.11,215.83014309855787,-19.720142488206307
81580,220.0,239.73292916022604,-19.732929160226035
24867,41.92,61.657707717972905,-19.737709549027592
93764,21.3,41.03982342026941,-19.73982418320886
62205,81.96,101.70138266734581,-19.741383582873155
105000,213.27,233.0179597824745,-19.747955510013554
57394,63.322,83.09365588914075,-19.771657292949342
75000,60.0,79.79379303597848,-19.79379303597848
35033,53.34,73.16281797532928,-19.822817822741385
22000,41.34,61.16436187749794,-19.824361724910048
74584,41.498,61.327028696652015,-19.829027598019202
116872,142.02,161.86242711476467,-19.842422842303733
64723,38.1,57.96190658833145,-19.861908114210358
25996,74.5,94.38230891660187,-19.882308916601872
25996,74.5,94.38230891660187,-19.882308916601872
25996,74.5,94.38230891660187,-19.882308916601872
62200,49.87,69.76159670313844,-19.89159777125367
84365,67.013,86.9117012043595,-19.898700716078253
71421,79.93,99.82992526136076,-19.899924956184975
82302,112.052,131.95367423850675,-19.90167228538175
20644,19.8,39.70322013848217,-19.903220901421626
66121,114.0,133.9063732487111,-19.906373248711105
116121,419.525,439.4376124274744,-19.912618530990017
8000,0.0,19.91876652518705,-19.91876652518705
8000,0.0,19.91876652518705,-19.91876652518705
70837,170.71,190.64544667279523,-19.935439958928043
26944,145.385,165.33058499822445,-19.945590491388515
140488,138.625,158.57395552225643,-19.948955522256426
18000,31.91,51.86341238506539,-19.95341253765328
85623,51.0,70.96031609100551,-19.96031609100551
53130,78.8357,98.80295451665741,-19.967253527887877
84346,60.71,80.68991739838278,-19.97991831391012
47500,41.34,61.32285640720736,-19.98285625461947
57201,66.595,86.58520628039662,-19.990205059693494
12908,12.21,32.20129789974108,-19.991297861594106
58157,19.08,39.07753128055004,-19.997531356843986
92500,118.001,138.00683095765532,-20.00583150697173
47954,29.0,49.02727559162675,-20.027275591626747
83660,99.33,119.35749862291706,-20.027496791862376
95433,11.9,31.928339545561602,-20.02833992703133
62200,49.73,69.76159670313844,-20.03159716090211
50327,28.0,48.03663620557968,-20.036636205579683
12761,25.01,45.050694106897524,-20.040693878015688
137046,23.6,43.6419614849979,-20.041961103528173
73044,71.425,91.46740339265335,-20.04240034089554
33167,13.1,33.15101830332779,-20.05101792185806
174924,222.0,242.05418410596482,-20.054184105964822
133072,90.18,110.23620267791098,-20.0562023727352
16576,27.79,47.84645721998391,-20.056456304456567
381221,484.954,505.0185808444137,-20.064570834648066
24643,43.91,63.979317808113954,-20.069317960701845
38319,20.1,40.176175635019455,-20.076175253549728
40950,143.35,163.43124028621995,-20.08123418270432
3877,3.25,23.342552253938575,-20.092552253938575
27600,27.77,47.8713062735063,-20.101305815742627
5258,73.58,93.69021088726765,-20.110209056212966
16200,33.97,54.082044027775446,-20.11204280707232
28862,53.2,73.31426962211711,-20.114268859177656
109263,115.81,135.92494486404087,-20.114947305447117
288800,614.22,634.3435119042247,-20.12354120109967
373416,97.0,117.12672910456456,-20.12672910456456
59900,38.99,59.117070439659265,-20.12706876119247
182500,167.11,187.2399092969563,-20.12990868660475
69400,71.37,91.51270432346128,-20.142701576879247
74922,40.375,60.530556161654374,-20.155556161654374
64723,37.8,57.96190658833145,-20.161907351270905
20584,48.97,69.140539141848,-20.17053792114487
58157,18.905,39.07753128055004,-20.172530593904533
261091,224.18,244.39647565772987,-20.216482981948616
327256,909.09,929.3100436754685,-20.220016819999728
35033,52.94,73.16281797532928,-20.22281934862029
305268,97.7548,117.98425630868269,-20.229457419522532
71936,44.705,64.93459992623426,-20.22959809517957
91253,68.35,88.58099801479662,-20.230999540675526
106440,127.68,147.91245423464196,-20.232453929466175
133072,90.003,110.23620267791098,-20.2332043258602
94658,36.2,56.442613553712725,-20.242612790773272
36180,253.0,273.2553258757108,-20.25532587571081
29775,166.375,186.63343886940194,-20.258438869401942
82789,40.74,60.999096465550636,-20.25909478708384
183460,410.64,430.91710310797566,-20.277088459538163
31283,49.15,69.4308234206956,-20.280821894816697
101400,86.8,107.08104859584117,-20.281045544083355
144000,45.87,66.1521936565581,-20.28219472467333
72958,28.0,48.289918767259365,-20.289918767259365
3877,3.05,23.342552253938575,-20.29255230162229
461647,1140.6,1160.9033059683068,-20.303330382369268
74922,40.225,60.530556161654374,-20.30555768753328
61274,184.327,204.63283170248116,-20.30583585287178
206054,509.021,529.3317513697473,-20.31075527599728
61274,184.309,204.63283170248116,-20.323825965176468
47500,40.99,61.32285640720736,-20.332854728740564
57334,35.0,55.33863273027409,-20.338632730274092
65000,76.09,96.43054910446315,-20.34055276657253
79782,34.886,55.236915331602816,-20.350913744688754
90697,153.2,173.55121613287517,-20.35121918463298
152471,82.0,102.35184354356376,-20.35184354356376
42942,137.812,158.16776754912098,-20.355771089160044
121471,37.2,57.55843897881991,-20.358438215880454
35241,27.9,48.26008187050891,-20.36008225197864
45305,56.6925,77.05402755879665,-20.361526490681413
157070,158.824,179.19819036012302,-20.374185233169896
200442,625.0,645.3766118020225,-20.376611802022467
200442,625.0,645.3766118020225,-20.376611802022467
74922,40.15,60.530556161654374,-20.380554635775468
25996,74.0,94.38230891660187,-20.382308916601872
86714,47.37,67.76092386176282,-20.390924929878054
68030,52.0,72.39935889790297,-20.39935889790297
74180,32.3,52.70538831837568,-20.405389081315136
186572,51.0,71.41608906385036,-20.416089063850364
99700,101.84,122.26493246147383,-20.42493612358321
3877,2.91,23.342552253938575,-20.432552168107886
94658,36.0,56.442613553712725,-20.442613553712725
94988,45.598,66.04714714819919,-20.44914757544528
49589,45.9,66.3610478812438,-20.4610463553649
39988,53.21,73.67141670239164,-20.461417617918983
62200,49.29,69.76159670313844,-20.471595787611093
38319,19.7,40.176175635019455,-20.47617487208
23918,23.4,43.88713769119034,-20.487138072660066
177708,143.0,163.50905549379706,-20.509055493797064
3877,2.83,23.342552253938575,-20.51255233023252
187174,331.902,352.41482775024036,-20.512819693599738
8637,32.42,52.93587688508586,-20.51587871614055
92099,57.64,78.16642602619405,-20.526426636545608
43681,123.13,143.66093006200165,-20.530932808583685
67377,38.88,59.42687178726045,-20.54687071914522
181328,220.002,240.56206754538536,-20.560068644018173
59400,38.99,59.55704682367732,-20.56704514521052
36387,35.81,56.377284493942646,-20.56728312065163
129344,450.083,470.65029561871523,-20.567287806215234
83141,77.975,98.55372316030497,-20.578724686183875
33215,35.192,55.78161488924037,-20.589613546466936
178270,37.452,58.04955479367146,-20.59755512936482
5258,73.09,93.69021088726765,-20.60021454937703
33167,12.55,33.15101830332779,-20.601018112592925
51999,37.82,58.42967347012043,-20.60967377529621
77844,66.94,87.54997850088311,-20.609976059476864
89315,7.24,27.85605975612943,-20.616059985011265
30495,28.6,49.227378209349425,-20.627377827879698
70832,123.25,143.88471041364593,-20.634710413645934
271492,53.892,74.53280512952514,-20.64080683850952
144000,45.51,66.1521936565581,-20.642195335024894
70837,170.0,190.64544667279523,-20.64544667279523
243072,412.325,432.9709513137315,-20.64593910670027
118231,112.271,132.91861146658698,-20.64760774344245
45017,120.19,140.83824001532818,-20.648237573921932
53130,78.1531,98.80295451665741,-20.649855456598814
110380,212.125,232.77897561013052,-20.653975610130516
19446,40.9167,61.575486210799156,-20.65878775498861
26948,31.13,51.79781984899732,-20.66782068823072
22400,14.53,35.2146387862968,-20.68463905332561
84688,10.0,30.690212003395924,-20.690212003395924
84688,10.0,30.690212003395924,-20.690212003395924
84688,10.0,30.690212003395924,-20.690212003395924
84688,10.0,30.690212003395924,-20.690212003395924
63847,214.035,234.73177876872276,-20.696775106613387
148829,179.45,200.15346486354,-20.703467915297807
3877,2.63,23.342552253938575,-20.712552139497657
74922,39.775,60.530556161654374,-20.755554635775468
115288,114.75,135.51306676948488,-20.76306676948488
105612,84.5,105.2655535216568,-20.7655535216568
20584,48.37,69.140539141848,-20.77054020996323
16200,33.3,54.082044027775446,-20.7820447907149
230259,183.85,204.64542960102528,-20.79542349750966
179449,351.96,372.75962880079385,-20.799637345715723
345837,161.76,182.5676391433908,-20.80764463655487
83108,33.1,53.925738396402224,-20.82573992228113
70042,188.717,209.54633916512242,-20.829343925864606
141461,466.395,487.2384668581306,-20.843477844458732
22500,18.43,39.27627765327477,-20.846277348098987
58908,38.34,59.19584950328502,-20.855849350697127
87107,60.3,81.16352436501019,-20.863525127949643
40451,51.65,72.52081961435991,-20.870818088481002
27600,27.0,47.8713062735063,-20.8713062735063
80205,21.882,42.75740428944886,-20.875404319966435
16200,33.2,54.082044027775446,-20.882043264835993
25996,73.5,94.38230891660187,-20.882308916601872
272278,440.45,461.36207272183134,-20.91206051480009
45548,37.23,58.14312338810224,-20.91312384586591
130067,212.0,232.91878450263349,-20.918784502633486
43094,33.0,53.92936793427608,-20.92936793427608
40142,175.0,195.9503806263049,-20.950380626304906
40142,175.0,195.9503806263049,-20.950380626304906
21539,107.0,127.95131600271785,-20.951316002717846
65657,427.1,448.0672156416802,-20.96720953816458
113589,38.2,59.19418965342551,-20.994188890486058
159384,322.0,343.0014627080198,-21.0014627080198
115676,135.493,156.5017153738466,-21.00871915802628
72102,83.95,104.97293986818634,-21.022942919944157
69600,79.93,100.95469507941164,-21.024694774235854
16500,62.57,83.5948751998898,-21.02487550506558
20584,48.11,69.140539141848,-21.030538531496433
481999,106.0,127.05085509300926,-21.05085509300926
96929,14.4,35.453775503813034,-21.05377588528276
29063,15.0,36.07531868926343,-21.075318689263433
50623,51.0,72.08712626230438,-21.08712626230438
41861,18.8,39.88969071725503,-21.08969148019448
66404,73.68,94.78397760438385,-21.10397729920807
87131,97.394,118.50223802419774,-21.108240831814925
143093,138.44,159.5636615206117,-21.123659079205453
13091,18.828,39.96700182082713,-21.139002705836894
182943,599.072,620.2518894061445,-21.179867921769528
73200,96.8,118.01822999378687,-21.218226942029062
82789,39.78,60.999096465550636,-21.21909768625376
16200,32.85,54.082044027775446,-21.232045553654352
30525,192.67,213.9148967881912,-21.244898619245873
105791,151.267,172.5334976190286,-21.26649932801297
131710,175.25,196.5228638995413,-21.272863899541306
74420,45.25,66.52485936242486,-21.274859362424863
72958,27.0,48.289918767259365,-21.289918767259365
72958,27.0,48.289918767259365,-21.289918767259365
93500,40.35,61.64521420642434,-21.295215732303248
166395,283.0,304.2959679643859,-21.29596796438591
131212,220.06,241.40590339222342,-21.345905833629672
52357,31.0,52.3460240392389,-21.3460240392389
154706,975.25,996.5970599576602,-21.347059957660235
28406,12.175,33.52639129151231,-21.351391100777448
112956,69.01,90.37873685394825,-21.368734717717786
15960,19.6,40.96884071320915,-21.36884033173942
78438,61.375,82.75468417196358,-21.379684171963575
60582,80.1403,101.52096315039131,-21.380666214356154
25996,73.0,94.38230891660187,-21.382308916601872
102856,85.21,106.60952837424533,-21.399529289772673
89858,39.101,60.5010461969114,-21.40004445740945
186572,50.0,71.41608906385036,-21.416089063850364
186572,50.0,71.41608906385036,-21.416089063850364
82200,26.66,48.07762212813821,-21.4176222807261
87131,97.078,118.50223802419774,-21.424235094510237
147205,95.0,116.42536445396028,-21.425364453960285
94658,35.0,56.442613553712725,-21.442613553712725
92099,56.71,78.16642602619405,-21.45642694172139
38319,18.7,40.176175635019455,-21.47617487208
33246,0.0,21.48922706643315,-21.48922706643315
130577,212.0,233.49150605663831,-21.491506056638315
72800,54.35,75.8490683537759,-21.49906987965481
557217,41.21,62.70971209493002,-21.499713010457363
131710,175.02,196.5228638995413,-21.50285962708037
74180,31.2,52.70538831837568,-21.50538755543623
186840,118.5,140.009430268829,-21.509430268828993
28406,12.0125,33.52639129151231,-21.513891482247175
79900,79.3633,100.89239257329773,-21.529096064508664
18414,25.0,46.547193360977445,-21.547193360977445
45240,69.9794,91.53120554385463,-21.551804909089
64560,148.73,170.2860568948832,-21.556061167344126
98624,51.25,72.81449385727441,-21.564493857274414
137522,103.0,124.566979656218,-21.566979656217995
137040,100.21,121.77975418745667,-21.56975510298402
59498,27.0,48.57663055786556,-21.576630557865563
77844,65.97,87.54997850088311,-21.57997728017999
20584,47.55,69.140539141848,-21.590539904787448
113589,37.6,59.19418965342551,-21.594191179304417
112956,68.7675,90.37873685394825,-21.611235022893567
22000,39.55,61.16436187749794,-21.614362640437392
25996,72.75,94.38230891660187,-21.632308916601872
144900,194.19,215.83014309855787,-21.64014065715162
20584,47.48,69.140539141848,-21.660539599611667
136817,173.075,194.7504305426388,-21.675433594396623
183460,409.24,430.91710310797566,-21.677112873600663
92994,21.655,43.33380164814044,-21.67880096149493
8637,31.25,52.93587688508586,-21.68587688508586
393530,518.0,539.6929860816812,-21.69298608168117
136522,111.25,132.94986803481342,-21.69986803481342
82302,110.245,131.95367423850675,-21.70867149192472
31346,25.01,46.73765490910653,-21.727654680224695
30143,271.0,292.7399584355604,-21.739958435560425
121585,190.783,212.53967083963707,-21.75666607889488
102429,23.5,45.26281079805393,-21.762810798053927
47984,65.33,87.09741906155259,-21.767417230497898
62837,226.636,248.40557204283598,-21.769570455921922
131271,362.775,384.5447051295255,-21.769711233041107
168791,53.275,75.05522706316026,-21.780225537281353
91253,66.8,88.58099801479662,-21.780994963038808
62238,34.64,56.43786576971901,-21.797866380070573
275610,112.575,134.3808477991984,-21.805850850956205
151637,647.96,669.7913889476829,-21.83136697502664
64024,27.5,49.345865967876115,-21.845865967876115
171008,211.225,233.07422841268232,-21.84922230916669
25996,72.5,94.38230891660187,-21.882308916601872
64818,56.4833,78.37583279247283,-21.89253353710174
157723,127.32,149.21804151294924,-21.898041818125023
144900,193.92,215.83014309855787,-21.910144929612557
18000,29.95,51.86341238506539,-21.913411622125935
14913,15.2,37.14035362744481,-21.940353818179673
171084,409.159,431.1147095639468,-21.955712981915553
121585,190.567,212.53967083963707,-21.97266949686363
88300,154.77,176.75424031376585,-21.98423604130491
24867,39.67,61.657707717972905,-21.987709549027592
79782,33.239,55.236915331602816,-21.99791691851688
95717,60.47,82.47235119654046,-22.002349975837333
76153,63.7,85.70283980466698,-22.002839041727526
77700,49.61,71.61951473544303,-22.00951412509147
53130,76.788,98.80295451665741,-22.014952502497252
58307,32.1,54.11843626329468,-22.01843778917359
85164,40.108,62.12982568518678,-22.021823976202406
83108,31.9,53.925738396402224,-22.02573877787195
45224,51.29,73.32295407489268,-22.032953159365334
69600,78.92,100.95469507941164,-22.034696910466323
105612,83.225,105.2655535216568,-22.040555047535705
183460,408.87,430.91710310797566,-22.047107990788163
192152,446.183,468.2316859119968,-22.04867199598118
481999,105.0,127.05085509300926,-22.05085509300926
28406,11.4675,33.52639129151231,-22.05889155854112
157933,233.875,255.94139935814349,-22.066399358143485
28406,11.4475,33.52639129151231,-22.078891062630476
22334,69.52,91.61699688537199,-22.097000242305583
71088,113.0,135.09937514591948,-22.09937514591948
133100,110.655,132.7679573791534,-22.112958599856512
29916,36.5,58.61776458479062,-22.11776458479062
40950,141.3,163.43124028621995,-22.131237234462134
25996,72.25,94.38230891660187,-22.132308916601872
199722,181.8,203.93255756137344,-22.13255450961563
48411,176.52,198.68188181110997,-22.161877538649037
79782,33.075,55.236915331602816,-22.161914568663363
47500,39.16,61.32285640720736,-22.16285655979525
19823,99.8333,122.00064198061145,-22.16734425111926
58196,62.3079,84.47783244042338,-22.169932965325728
31346,24.55,46.73765490910653,-22.187655672045985
28406,11.3325,33.52639129151231,-22.19389083374864
78438,60.55,82.75468417196358,-22.204684934903028
89858,38.278,60.5010461969114,-22.223046318981716
61151,37.0,59.233831400934825,-22.233831400934825
22000,38.92,61.16436187749794,-22.244363708552626
49975,34.3125,56.56837217281457,-22.25587217281457
82302,109.69,131.95367423850675,-22.2636717971005
187041,156.025,178.29035800293548,-22.265364106451102
29063,13.8,36.07531868926343,-22.27531849852857
78002,47.0,69.28606645041513,-22.286066450415134
72958,26.0,48.289918767259365,-22.289918767259365
72958,26.0,48.289918767259365,-22.289918767259365
72958,26.0,48.289918767259365,-22.289918767259365
72958,26.0,48.289918767259365,-22.289918767259365
128044,94.85,117.1487416644861,-22.298743190365002
86323,55.43,77.74988560464969,-22.31988529947391
4482,7.0,29.3200721566835,-22.3200721566835
278795,203.15,225.4772542573112,-22.327260360826813
53234,79.25,101.59823949114269,-22.348239491142692
126045,30.1,52.449307087897715,-22.34930670642799
126045,30.1,52.449307087897715,-22.34930670642799
80205,20.405,42.75740428944886,-22.35240360280335
144900,193.47,215.83014309855787,-22.360141877854744
65657,425.7,448.0672156416802,-22.367203434648957
50623,49.7185,72.08712626230438,-22.36862803232391
45098,83.4,105.77823373673182,-22.378232210852914
25996,72.0,94.38230891660187,-22.382308916601872
64560,147.89,170.2860568948832,-22.39605750523475
64560,147.88,170.2860568948832,-22.40605201207069
16500,61.17,83.5948751998898,-22.424877030944486
89858,38.056,60.5010461969114,-22.44504644105203
199628,280.0,302.45769409681424,-22.457694096814237
49589,43.9,66.3610478812438,-22.4610463553649
59200,121.87,144.33938762585132,-22.469384879269285
34455,219.8,242.2703701992794,-22.470367147521586
193294,940.25,962.7211891113225,-22.471189111322474
118966,100.29,122.76227916901412,-22.472278253486778
84300,73.39,95.86388601390425,-22.47388662425581
57394,60.617,83.09365588914075,-22.476655309306764
80325,26.2,48.67734147540079,-22.477340712461334
58733,26.35,48.83283654061337,-22.482836159143645
49100,33.94,56.42364631691706,-22.483647690208073
132518,192.97,215.4556585677141,-22.48565734701097
28406,11.025,33.52639129151231,-22.501391672982038
42755,49.0,71.50197785423241,-22.501977854232408
115288,113.0,135.51306676948488,-22.51306676948488
29547,59.58,82.12553514166102,-22.54553331060633
58733,26.275,48.83283654061337,-22.557836922083098
137522,102.0,124.566979656218,-22.566979656217995
237518,1011.14,1033.7266117966929,-22.58659714825535
42942,135.562,158.16776754912098,-22.605771089160044
96612,59.0,81.61712504039397,-22.617125040393972
25996,71.75,94.38230891660187,-22.632308916601872
79700,87.22,109.85284544164244,-22.63284422093932
23918,21.25,43.88713769119034,-22.63713769119034
47934,108.775,131.41217723766079,-22.63717571178188
137046,21.0,43.6419614849979,-22.6419614849979
155882,337.56,360.2133095557216,-22.653311997127844
46007,61.85,84.50351098457345,-22.65351251045236
104355,139.1,161.7541327402342,-22.654126636718587
22000,38.5,61.16436187749794,-22.66436187749794
68211,144.25,166.92017581058727,-22.670175810587267
304333,1490.39,1513.0803304467377,-22.690315798300162
72800,53.15,75.8490683537759,-22.699066827897
57100,20.07,42.771477017837995,-22.701477323013776
168696,83.0,105.70833076013291,-22.70833076013291
47500,38.61,61.32285640720736,-22.7128557968558
43400,0.3,23.021419967731944,-22.721419955811015
82302,109.232,131.95367423850675,-22.72167198020597
83800,106.85,129.58576344164652,-22.735764967525427
63771,41.054,63.791281292321955,-22.737280437829767
89858,37.76,60.5010461969114,-22.7410478753782
121440,103.42,126.17316841314133,-22.753170244196014
96929,12.7,35.453775503813034,-22.753775694547898
193294,939.96,962.7211891113225,-22.761167138666224
94399,58.3325,81.09548138969086,-22.76298093192719
45017,118.07,140.83824001532818,-22.768240320503963
121062,44.7,67.47481075878693,-22.774809995847477
21903,54.01,76.80909051279772,-22.79909219126452
89858,37.682,60.5010461969114,-22.819046990368435
82302,109.134,131.95367423850675,-22.819671552959875
133072,87.409,110.23620267791098,-22.82720609587973
58562,117.9,140.74267598829437,-22.84267446241546
83155,37.927,60.78507835381667,-22.858080215388938
102429,22.4,45.26281079805393,-22.862811179523653
47984,64.23,87.09741906155259,-22.867415704618992
24867,38.79,61.657707717972905,-22.86770680244556
109000,64.06,86.93123716638574,-22.871239607791992
61274,181.753,204.63283170248116,-22.879825721035843
83155,37.888,60.78507835381667,-22.897077865535422
389641,104.0,126.89749329657388,-22.897493296573884
64818,55.4667,78.37583279247283,-22.909131284904475
83043,260.9,283.8124254486754,-22.912431552191038
122122,282.0,304.9177275269143,-22.91772752691429
121146,41.0,63.937883424472915,-22.937883424472915
64818,55.4333,78.37583279247283,-22.942532774162288
34758,0.0,22.946292666346395,-22.946292666346395
34758,0.0,22.946292666346395,-22.946292666346395
86323,54.8,77.74988560464969,-22.949886367589144
55516,127.912,150.86933596327978,-22.95733339980322
34455,219.3,242.2703701992794,-22.970367147521586
60582,78.5434,101.52096315039131,-22.97755952490303
37800,40.32,63.31257688081704,-22.992577185992822
18000,28.87,51.86341238506539,-22.99341154583199
74599,108.65,131.64765654544456,-22.997655019565656
99975,261.21,284.2229488047075,-23.012957349629403
33215,32.766,55.78161488924037,-23.015616048908342
63900,56.22,79.23777226772354,-23.017771047020418
43400,0.0,23.021419967731944,-23.021419967731944
278795,202.45,225.4772542573112,-23.027257309069
69400,68.47,91.51270432346128,-23.042703102758153
138602,75.0,98.04670134447302,-23.04670134447302
82200,25.03,48.07762212813821,-23.0476214414927
63900,56.19,79.23777226772354,-23.047773641014558
24867,38.6,61.657707717972905,-23.05770924385181
122592,245.55,268.61191640810665,-23.06191335634884
89858,37.438,60.5010461969114,-23.063046471569606
31829,9.3,32.364589419982856,-23.064589229247993
102856,83.54,106.60952837424533,-23.069527458717985
121062,44.4,67.47481075878693,-23.074809232908024
180625,151.475,174.55966251261353,-23.084656409097903
178270,34.962,58.04955479367146,-23.087552993134352
34171,15.26,38.35095066376559,-23.09095043488375
69600,77.84,100.95469507941164,-23.11469874152101
62200,46.64,69.76159670313844,-23.12159731349
82302,108.832,131.95367423850675,-23.121673506084875
373416,94.0,117.12672910456456,-23.12672910456456
63900,56.1,79.23777226772354,-23.13777379360245
70800,77.45,100.59692575143912,-23.14692880319693
76153,62.55,85.70283980466698,-23.152840567606432
51920,67.53,90.69577192860044,-23.16577314930356
64560,147.11,170.2860568948832,-23.176056284531626
36387,33.19,56.377284493942646,-23.187285867233662
89858,37.31,60.5010461969114,-23.191044823620388
113589,36.0,59.19418965342551,-23.19418965342551
140488,135.375,158.57395552225643,-23.198955522256426
9000,26.25,49.45146011673637,-23.20146011673637
199722,180.726,203.93255756137344,-23.206559636568755
152559,274.157,297.36405343594816,-23.20704049649504
31346,23.53,46.73765490910653,-23.207654222461024
167055,85.04,108.24857773041703,-23.208576814889682
62238,33.22,56.43786576971901,-23.217864549015886
229973,364.0,387.22993546013765,-23.229935460137654
57811,32.0,55.23225460989034,-23.23225460989034
74180,29.47,52.70538831837568,-23.23538900502119
80205,19.522,42.75740428944886,-23.235404930317998
69876,169.2,192.45281586928834,-23.252818921046156
31829,9.1,32.364589419982856,-23.26458903851313
258491,165.0,188.27621293718522,-23.27621293718522
28406,10.2175,33.52639129151231,-23.30889155854112
4482,6.0001,29.3200721566835,-23.31997202088028
4482,6.0,29.3200721566835,-23.3200721566835
40531,29.27,52.5972738210826,-23.32727336331893
27600,24.51,47.8713062735063,-23.361306044624463
120566,28.0,51.38596578106557,-23.385965781065572
100328,86.508,109.90484107167478,-23.3968378368115
147205,93.0,116.42536445396028,-23.425364453960285
12660,16.13,39.57521915142756,-23.44521999066096
71806,17.11,40.56042857818917,-23.450427967837605
305268,94.52,117.98425630868269,-23.464259665616282
22000,37.7,61.16436187749794,-23.464361114558486
74180,29.24,52.70538831837568,-23.46538854725752
112536,140.76,164.22713646287875,-23.46714195604281
112283,17.91,41.38081812860892,-23.470818281196813
30543,62.51,85.98134994425105,-23.471351622717847
152946,138.718,162.19644335761348,-23.478441038277538
120566,27.9,51.38596578106557,-23.4859661625353
65000,72.94,96.43054910446315,-23.490546663056904
87673,36.95,60.444331060076365,-23.494330297136912
177708,140.0,163.50905549379706,-23.509055493797064
65000,72.91,96.43054910446315,-23.52054544235378
94988,42.505,66.04714714819919,-23.542146080083953
70040,58.493,82.08388411923272,-23.590884088715143
83660,95.75,119.35749862291706,-23.607498622917063
54061,52.09,75.70343828630207,-23.613438133714183
96612,58.0,81.61712504039397,-23.617125040393972
26372,44.9625,68.58564499375102,-23.62314346787211
118338,388.375,411.99979701573363,-23.624797015733634
60977,34.4,58.02815912623764,-23.628157600358733
89858,36.859,60.5010461969114,-23.642045037243435
84300,72.2,95.86388601390425,-23.66388906566206
29547,58.455,82.12553514166102,-23.67053331060633
115676,132.821,156.5017153738466,-23.68071622833878
62200,46.08,69.76159670313844,-23.68159487208375
58307,30.4333,54.11843626329468,-23.685136244984136
74180,28.99,52.70538831837568,-23.71538854725752
83155,37.063,60.78507835381667,-23.722078628474875
142672,88.507,112.2596150432741,-23.752611259094408
71806,16.8,40.56042857818917,-23.76042934112862
48300,41.6667,65.43707293693117,-23.770374481120626
155807,75.2,98.97552938451851,-23.775532436276322
77263,73.5,97.27959058260959,-23.779590582609586
301307,220.0,243.78480482531464,-23.784804825314637
66200,78.17,101.95519577413693,-23.785197605191613
230747,82.0,105.7891132541025,-23.789113254102503
29547,58.335,82.12553514166102,-23.790536057188362
66203,83.3197,107.12973699866703,-23.810034850229528
46007,60.69,84.50351098457345,-23.813512357864468
24867,37.83,61.657707717972905,-23.827705886918217
66404,70.95,94.78397760438385,-23.833980656141662
84365,63.076,86.9117012043595,-23.835700990736456
21472,38.06,61.897768973311585,-23.83776760002057
91273,104.4,128.24550737497643,-23.84550584909752
64024,25.5,49.345865967876115,-23.845865967876115
77263,73.4333,97.27959058260959,-23.846294378996305
121471,33.7,57.55843897881991,-23.858438215880454
31829,8.5,32.364589419982856,-23.864589419982856
121062,43.6,67.47481075878693,-23.874812284665836
121062,43.6,67.47481075878693,-23.874812284665836
47398,43.275,67.15849968605485,-23.883498160175947
27600,23.98,47.8713062735063,-23.89130673126997
79700,85.96,109.85284544164244,-23.892846357169788
150695,880.88,904.7761953101565,-23.89619042734398
5839,5.125,29.032411207219496,-23.907411207219496
37800,39.4,63.31257688081704,-23.912575354938134
22500,15.35,39.27627765327477,-23.92627727180504
57100,18.84,42.771477017837995,-23.931476865250104
150393,242.454,266.3872817571869,-23.93328700621032
45098,81.84,105.77823373673182,-23.938237398841196
93764,17.1,41.03982342026941,-23.93982303879968
85164,38.19,62.12982568518678,-23.939827058477796
14150,5.723,29.66640110544615,-23.943401055855084
98212,252.842,276.788577492043,-23.946582252785163
126045,28.5,52.449307087897715,-23.949307087897715
74180,28.75,52.70538831837568,-23.955388318375682
99541,70.25,94.22317074570154,-23.973170745701537
10578,34.0,57.97764472375438,-23.97764472375438
64583,125.7,149.69151407222267,-23.991517123980486
159384,319.0,343.0014627080198,-24.0014627080198
89858,36.499,60.5010461969114,-24.002045647594997
327256,905.29,929.3100436754685,-24.020065648124728
41617,139.242,163.2785538961119,-24.03654950158065
138602,74.0,98.04670134447302,-24.04670134447302
138602,74.0,98.04670134447302,-24.04670134447302
138602,74.0,98.04670134447302,-24.04670134447302
152471,78.3,102.35184354356376,-24.051840491805947
332447,251.0,275.05455627048576,-24.05455627048576
28693,10.7917,34.874071736258344,-24.082371373099164
151900,95.1,119.18625202672861,-24.086253552607516
45224,49.23,73.32295407489268,-24.09295453265635
49662,167.03,191.1247216399038,-24.094722860606936
193960,138.0,162.09759348154546,-24.09759348154546
99541,70.125,94.22317074570154,-24.098170745701537
44218,19.415,43.516435268554595,-24.10143435302725
61204,93.4,117.53228329946366,-24.13228177358475
169290,199.45,223.58796070879634,-24.137963760554157
43143,0.0,24.155083649438474,-24.155083649438474
43143,0.0,24.155083649438474,-24.155083649438474
43143,0.0,24.155083649438474,-24.155083649438474
43143,0.0,24.155083649438474,-24.155083649438474
102957,68.1,92.28592317149574,-24.185924697374645
72193,90.29,114.48018878073024,-24.1901878652029
179559,508.89,533.0834721915626,-24.193457543125078
59400,35.36,59.55704682367732,-24.197046213325756
14913,12.94,37.14035362744481,-24.20035404706151
74922,36.325,60.530556161654374,-24.20555539871492
28693,10.6667,34.874071736258344,-24.207371373099164
90903,98.63,122.8553734934379,-24.225376240019926
180806,395.812,420.0418057164399,-24.22979399768991
28406,9.285,33.52639129151231,-24.241391444100202
180000,95.61,119.86262140486672,-24.252620794515153
47398,42.9,67.15849968605485,-24.258498160175947
40531,28.33,52.5972738210826,-24.267273897376548
83660,95.09,119.35749862291706,-24.26750228502644
24867,37.39,61.657707717972905,-24.267708328324467
258491,164.0,188.27621293718522,-24.27621293718522
45017,116.56,140.83824001532818,-24.278242456734432
82200,23.79,48.07762212813821,-24.287621212610865
49492,0.5061,24.794361941564418,-24.28826194261346
27640,5.7517,30.04829477910019,-24.296594854631195
67377,35.12,59.42687178726045,-24.306872855375687
104604,246.0,270.31630969883395,-24.316309698833948
117054,71.366,95.68483085440359,-24.31883353995046
4482,5.0001,29.3200721566835,-24.31997202088028
4482,5.0001,29.3200721566835,-24.31997202088028
4482,5.0,29.3200721566835,-24.3200721566835
6412,42.3187,66.64539297182893,-24.326694088772285
95526,113.64,137.96724439431074,-24.327245004662302
95526,113.64,137.96724439431074,-24.327245004662302
95526,113.64,137.96724439431074,-24.327245004662302
30495,24.9,49.227378209349425,-24.32737859081915
48411,174.35,198.68188181110997,-24.33187570759435
70040,57.746,82.08388411923272,-24.33788573666436
109000,62.57,86.93123716638574,-24.361237471561523
48994,42.79,67.15886980636122,-24.36886889083388
90411,102.564,126.9424267445607,-24.37842375383805
56343,17.704,42.09325166470583,-24.38925119168337
104294,132.3,156.69534208539181,-24.395339033634002
28406,9.13,33.52639129151231,-24.396391177071393
55800,15.6,40.03948395811355,-24.439483576643823
492898,398.0,422.440029221261,-24.440029221261
492898,398.0,422.440029221261,-24.440029221261
40697,0.0,24.450107735374672,-24.450107735374672
82035,67.725,92.18044556894263,-24.455447094821537
21657,27.0294,51.485678818256744,-24.456278946430572
45098,81.31,105.77823373673182,-24.46823617813807
109588,421.804,446.27715079315226,-24.473165197449134
187174,327.934,352.41482775024036,-24.480837271724738
79900,76.4053,100.89239257329773,-24.487096247614133
130577,209.0,233.49150605663831,-24.491506056638315
345837,158.07,182.5676391433908,-24.497631819172057
94399,56.5525,81.09548138969086,-24.542979711224064
22400,10.67,35.2146387862968,-24.544638710002857
112956,65.83,90.37873685394825,-24.548735022893567
181328,216.0,240.56206754538536,-24.56206754538536
46204,72.545,97.10717844999947,-24.562180281054154
142672,87.696,112.2596150432741,-24.563615897766283
245637,202.0,226.5695228239282,-24.569522823928196
61151,34.66,59.233831400934825,-24.573831553522716
59498,24.0,48.57663055786556,-24.576630557865563
108971,126.575,151.15234512631167,-24.577348178069485
63900,54.66,79.23777226772354,-24.577772420311433
65000,71.85,96.43054910446315,-24.58055063034206
71806,15.9725,40.56042857818917,-24.587928730777058
36387,31.77,56.377284493942646,-24.607284036178974
10578,33.36,57.97764472375438,-24.617644113402818
44564,62.0,86.620599200529,-24.620599200529
87200,166.0,190.6397543469163,-24.639754346916305
68211,142.272,166.92017581058727,-24.648172636759142
68211,142.272,166.92017581058727,-24.648172636759142
68211,142.272,166.92017581058727,-24.648172636759142
113000,75.425,100.07416983469788,-24.64916678294007
131710,171.86,196.5228638995413,-24.662863289189744
45098,81.11,105.77823373673182,-24.668233126380258
102856,81.94,106.60952837424533,-24.66952593283908
69600,76.28,100.95469507941164,-24.67469630011476
67377,34.7489,59.42687178726045,-24.677970420072953
252952,124.147,148.83228953468972,-24.685286360861596
84688,6.0,30.690212003395924,-24.690212003395924
139683,820.5,845.1931430367855,-24.6931430367855
89858,35.804,60.5010461969114,-24.697045342419216
71248,170.87,195.568207269302,-24.698212152114507
52748,22.993,47.706419178192554,-24.713419147674976
216526,99.43,124.14765509578125,-24.717654790605465
24643,39.26,63.979317808113954,-24.71931948658075
98125,154.275,179.00676345667947,-24.73176956019509
21539,103.2,127.95131600271785,-24.75131905447566
110380,208.025,232.77897561013052,-24.75398171364614
66404,70.01,94.78397760438385,-24.77397546815338
304333,1488.3,1513.0803304467377,-24.780281618612662
114166,139.968,164.74919753445585,-24.781195215119908
87673,35.65,60.444331060076365,-24.79432953419746
31346,21.94,46.73765490910653,-24.797654375048914
29547,57.3275,82.12553514166102,-24.79803575201258
47200,20.87,45.674137719078445,-24.804136879845046
282946,238.56,263.3754930126251,-24.81549545403135
12660,14.75,39.57521915142756,-24.82521915142756
48994,42.32,67.15886980636122,-24.838870111537005
27318,22.85,47.68922054642174,-24.83922016495201
94658,31.6,56.442613553712725,-24.842613172243
90903,98.01,122.8553734934379,-24.845371357207426
3853,41.7,66.54581061520122,-24.845809852261766
58733,23.975,48.83283654061337,-24.857836159143645
49589,41.5,66.3610478812438,-24.861047881243806
99541,69.35,94.22317074570154,-24.873172271580444
201350,211.153,236.04257098163987,-24.889571103710182
9000,24.56,49.45146011673637,-24.891460650793988
9000,24.56,49.45146011673637,-24.891460650793988
95100,77.2,102.09205448865687,-24.892057540414683
75228,107.4,132.29578839442866,-24.89578686854975
180806,395.125,420.0418057164399,-24.91680571643991
68211,142.0,166.92017581058727,-24.920175810587267
112956,65.4575,90.37873685394825,-24.921240210881848
61151,34.31,59.233831400934825,-24.92383002764381
142672,87.322,112.2596150432741,-24.93761644708269
49384,29.96,54.89910428621494,-24.939105201742287
48994,42.2,67.15886980636122,-24.95886904342177
50000,38.92,63.88725651604469,-24.967258347099374
121062,42.5,67.47481075878693,-24.97481075878693
110380,207.8,232.77897561013052,-24.978972558372703
84365,61.925,86.9117012043595,-24.986701967298956
232139,575.428,600.4430314095656,-25.015052893940606
148032,86.3,111.32394582057324,-25.02394276881543
90635,163.54,188.57160995302846,-25.031616666895644
3853,41.5,66.54581061520122,-25.04581061520122
67377,34.38,59.42687178726045,-25.04687071914522
44784,0.0,25.05864789080191,-25.05864789080191
35605,61.3183,86.37710753881348,-25.058809198969726
119509,60.0,85.0602844463126,-25.060284446312593
180000,94.79,119.86262140486672,-25.07262048933937
271492,49.454,74.53280512952514,-25.078806563851316
22334,66.53,91.61699688537199,-25.086998106075114
62242,84.5,109.60821651990702,-25.108216519907018
111304,79.5,104.60904396287314,-25.109043962873145
40142,170.833,195.9503806263049,-25.117388072593968
222434,118.433,143.55125915533304,-25.11826049810648
155682,100.81,125.95948568358907,-25.149488124995315
40451,47.35,72.52081961435991,-25.170821140238814
9000,24.28,49.45146011673637,-25.171459430090863
155807,73.8,98.97552938451851,-25.175526332760697
59200,119.16,144.33938762585132,-25.17938396374194
409028,1683.7,1708.8794429842608,-25.179491812385777
116872,136.68,161.86242711476467,-25.18243443898342
170000,146.97,172.17640488176923,-25.206403661066105
28693,9.6667,34.874071736258344,-25.207371373099164
83155,35.574,60.78507835381667,-25.211077041560813
16472,254.415,279.62874314253787,-25.21374985640506
92994,18.115,43.33380164814044,-25.218801877022273
42755,46.275,71.50197785423241,-25.2269763283535
84365,61.681,86.9117012043595,-25.230701448500128
64583,124.44,149.69151407222267,-25.251511630816424
28862,48.06,73.31426962211711,-25.254268248826094
98900,116.04,141.2952021662272,-25.255201250699855
102429,20.0,45.26281079805393,-25.262810798053927
102957,67.0,92.28592317149574,-25.28592317149574
84346,55.395,80.68991739838278,-25.294916940619103
101400,81.76,107.08104859584117,-25.3210464596107
148032,86.0,111.32394582057324,-25.323945820573243
92994,18.006,43.33380164814044,-25.32780112934161
24643,38.65,63.979317808113954,-25.329316282235048
275793,588.0,613.3374926623571,-25.337492662357135
179449,347.41,372.75962880079385,-25.349625138684473
200442,620.0,645.3766118020225,-25.376611802022467
87131,93.121,118.50223802419774,-25.381235826932112
27600,22.49,47.8713062735063,-25.381306502388135
46204,71.7,97.10717844999947,-25.40718150175728
219608,514.29,539.7020694380294,-25.41209141068566
186572,46.0,71.41608906385036,-25.416089063850364
69400,66.08,91.51270432346128,-25.43270249240659
152312,441.282,466.7172848802885,-25.435271940835378
56343,16.6435,42.09325166470583,-25.449752290316184
114166,139.288,164.74919753445585,-25.46120314969022
21903,51.34,76.80909051279772,-25.469090360209833
132394,177.0,202.47204672042318,-25.47204672042318
31300,18.0,43.48990293064921,-25.489902930649208
31300,18.0,43.48990293064921,-25.489902930649208
31300,18.0,43.48990293064921,-25.489902930649208
205141,181.0,206.49000208006953,-25.49000208006953
23918,18.39,43.88713769119034,-25.497138301541902
59900,33.6,59.117070439659265,-25.51707196553817
99541,68.65,94.22317074570154,-25.57316921982263
59498,23.0,48.57663055786556,-25.576630557865563
87131,92.906,118.50223802419774,-25.59623979421727
28406,7.9175,33.52639129151231,-25.608891272438825
43681,118.05,143.66093006200165,-25.61092701024384
106511,48.448,74.06120459992707,-25.6132027383548
44564,61.0,86.620599200529,-25.620599200529
46484,84.45,110.11349258468039,-25.6634956364382
60582,75.8379,101.52096315039131,-25.68306489599678
278795,199.783,225.4772542573112,-25.694249496569
38173,0.0,25.695686881340507,-25.695686881340507
38173,0.0,25.695686881340507,-25.695686881340507
38173,0.0,25.695686881340507,-25.695686881340507
38173,0.0,25.695686881340507,-25.695686881340507
38173,0.0,25.695686881340507,-25.695686881340507
38173,0.0,25.695686881340507,-25.695686881340507
38173,0.0,25.695686881340507,-25.695686881340507
38173,0.0,25.695686881340507,-25.695686881340507
22500,13.58,39.27627765327477,-25.696277729568713
56343,16.3947,42.09325166470583,-25.698552568026145
106523,269.611,295.31966741302153,-25.70867498138091
30495,23.5,49.227378209349425,-25.727378209349425
16584,71.2237,96.98286491978654,-25.759163442735755
71421,74.06,99.82992526136076,-25.769927702767006
179559,507.3,533.0834721915626,-25.783484398593828
16802,139.5,165.29263217265924,-25.79263217265924
43094,28.13,53.92936793427608,-25.799368773509478
89858,34.701,60.5010461969114,-25.800045983288356
12761,19.25,45.050694106897524,-25.800694106897524
22000,35.35,61.16436187749794,-25.814363403376845
150393,240.572,266.3872817571869,-25.815275531600946
64818,52.55,78.37583279247283,-25.825833555412288
142672,86.422,112.2596150432741,-25.837617972961596
56343,16.2528,42.09325166470583,-25.840451676912863
387638,36.8583,62.709790158800075,-25.85149090342898
56343,16.2378,42.09325166470583,-25.8554510665613
78268,34.57,60.43174425444359,-25.861744559619375
102429,19.4,45.26281079805393,-25.862811179523653
117054,69.803,95.68483085440359,-25.881829450594992
50000,38.0,63.88725651604469,-25.887256516044687
74443,154.829,180.73524468056496,-25.906249929588398
36387,30.47,56.377284493942646,-25.907285180588154
67377,33.5003,59.42687178726045,-25.92657042617647
72193,88.55,114.48018878073024,-25.930185728972432
21539,102.0,127.95131600271785,-25.951316002717846
268480,184.458,210.42514181285284,-25.967149259141905
137040,95.81,121.77975418745667,-25.969756628862925
81372,104.323,130.29351170570138,-25.970513658826377
138977,155.959,181.93299727110568,-25.973997637316614
46981,102.15,128.13481049414315,-25.984808968264247
14913,11.15,37.14035362744481,-25.990354008914537
94988,40.053,66.04714714819919,-25.994145744390593
94399,55.0925,81.09548138969086,-26.002982610393985
74922,34.525,60.530556161654374,-26.005554635775468
82939,60.0,86.00570624019188,-26.005706240191884
83043,257.8,283.8124254486754,-26.012437655706663
94399,55.065,81.09548138969086,-26.030482762981876
47934,105.375,131.41217723766079,-26.037177237660785
22500,13.23,39.27627765327477,-26.04627811103844
24867,35.61,61.657707717972905,-26.047707107621342
332447,249.0,275.05455627048576,-26.05455627048576
77700,45.56,71.61951473544303,-26.059513362152018
100481,340.25,366.3107338222408,-26.06073382224082
271300,88.49,114.56615837559549,-26.07616051182596
94175,337.225,363.3058689234733,-26.0808628199577
28693,8.7917,34.874071736258344,-26.082371373099164
120566,25.3,51.38596578106557,-26.085966544005025
46204,71.0175,97.10717844999947,-26.08967661894478
157933,229.85,255.94139935814349,-26.09139325462786
40311,66.15,92.24145408899639,-26.091452563117485
193960,136.0,162.09759348154546,-26.09759348154546
109071,20.0,46.106728262534595,-26.106728262534595
59400,33.42,59.55704682367732,-26.137048654732006
82302,105.815,131.95367423850675,-26.1386717971005
252952,122.688,148.83228953468972,-26.14428599465066
72800,49.7,75.8490683537759,-26.149067590836452
77844,61.4,87.54997850088311,-26.149976975004208
59900,32.95,59.117070439659265,-26.167069676719812
54061,49.53,75.70343828630207,-26.1734395070052
112956,64.2,90.37873685394825,-26.178739905706067
66200,75.77,101.95519577413693,-26.18519913107052
15960,14.78,40.96884071320915,-26.188840980237956
5258,67.5,93.69021088726765,-26.190210887267654
157933,229.725,255.94139935814349,-26.21639325462786
213762,111.0,137.22416557729,-26.224165577289995
149762,847.225,873.4518663680286,-26.226890782091118
118231,106.688,132.91861146658698,-26.23060792654792
109263,109.69,135.92494486404087,-26.234942422634617
401753,244.117,270.35362210351707,-26.23661770898582
56343,15.8488,42.09325166470583,-26.24445195920046
64153,27.5,53.75432503284644,-26.254325032846438
113000,73.8167,100.07416983469788,-26.257466038311165
77632,101.0,127.27497983577194,-26.274979835771944
112283,15.1,41.38081812860892,-26.280817747139196
47500,35.0,61.32285640720736,-26.32285640720736
71806,14.235,40.56042857818917,-26.32542892151192
70800,74.27,100.59692575143912,-26.32692910837271
51688,56.5,82.83793987884553,-26.337939878845532
66900,62.54,88.88360894660983,-26.343608031082482
64743,116.124,142.47266701093585,-26.348666461619445
233863,261.825,288.1978690022786,-26.372856795247344
50000,37.51,63.88725651604469,-26.377258194511484
70042,183.15,209.54633916512242,-26.396345268638044
62205,75.3,101.70138266734581,-26.401379615588
23803,46.1,72.51044761749381,-26.410449143372716
138316,309.8,336.2114132903778,-26.411425497409027
28862,46.9,73.31426962211711,-26.414268096238203
56343,15.66,42.09325166470583,-26.433251817293723
112956,63.9425,90.37873685394825,-26.43623578583302
57201,60.148,86.58520628039662,-26.437207470582166
121146,37.5,63.937883424472915,-26.437883424472915
111623,150.0,176.4388686973958,-26.438868697395804
120836,647.383,673.8223967752388,-26.439401169770008
47500,34.88,61.32285640720736,-26.442855339092127
77263,70.8167,97.27959058260959,-26.462886786222867
153299,138.282,164.7466338017977,-26.46463612113365
116249,439.992,466.4584176534003,-26.466413258869068
35253,85.3333,111.81619961357337,-26.482901884081187
4698,0.0,26.486744936330428,-26.486744936330428
4698,0.0,26.486744936330428,-26.486744936330428
4698,0.0,26.486744936330428,-26.486744936330428
4698,0.0,26.486744936330428,-26.486744936330428
152946,135.681,162.19644335761348,-26.5154436017541
69300,10.5,37.01725278198721,-26.51725278198721
46007,57.97,84.50351098457345,-26.533509763870327
62238,29.9,56.43786576971901,-26.537866151188737
51688,56.3,82.83793987884553,-26.537940641784985
9000,22.91,49.45146011673637,-26.54146026932426
136817,168.2,194.7504305426388,-26.550433594396623
101400,80.53,107.08104859584117,-26.551049816544293
21539,101.4,127.95131600271785,-26.55131447683894
68146,157.536,184.10223428377452,-26.566238800376084
12761,18.47,45.050694106897524,-26.58069479354303
27318,21.1,47.68922054642174,-26.58922016495201
115788,225.047,251.64614657717954,-26.599149506867036
27889,111.632,138.23624714605003,-26.604243361870346
96612,55.0,81.61712504039397,-26.617125040393972
96612,55.0,81.61712504039397,-26.617125040393972
25996,67.75,94.38230891660187,-26.632308916601872
156483,509.007,535.6525644701712,-26.645575944780603
126045,25.8,52.449307087897715,-26.649307850837168
168791,48.4,75.05522706316026,-26.655225537281353
50000,37.22,63.88725651604469,-26.667255295341562
144000,39.47,66.1521936565581,-26.682192435854972
233937,277.0,303.6943419529466,-26.694341952946615
70040,55.384,82.08388411923272,-26.69988524838311
61151,32.53,59.233831400934825,-26.70383262163795
72193,87.72,114.48018878073024,-26.76018756002712
94988,39.273,66.04714714819919,-26.774148338384734
95717,55.69,82.47235119654046,-26.782352569831474
71936,38.128,64.93459992623426,-26.806601574183475
100481,339.5,366.3107338222408,-26.81073382224082
9000,22.64,49.45146011673637,-26.811460727087933
96124,157.29,184.13046255271308,-26.84046926658027
83155,33.941,60.78507835381667,-26.84407646172683
40950,136.57,163.43124028621995,-26.861232962001196
222434,116.686,143.55125915533304,-26.8652621460557
23055,33.19,60.059211520332674,-26.86921289362369
13091,13.093,39.96700182082713,-26.874001408839824
170000,145.3,172.17640488176923,-26.876401830011417
54061,48.81,75.70343828630207,-26.893436913011058
75929,442.683,469.61170027226115,-26.92868635624552
237518,1006.78,1033.7266117966929,-26.94658249981785
233863,261.25,288.1978690022786,-26.947869002278594
126045,25.5,52.449307087897715,-26.949307087897715
45017,113.88,140.83824001532818,-26.958242761910213
85623,44.0,70.96031609100551,-26.96031609100551
85623,44.0,70.96031609100551,-26.96031609100551
89858,33.524,60.5010461969114,-26.977047936413356
143093,132.58,159.5636615206117,-26.983659689557015
128682,30.6,57.58399398001554,-26.983993598545815
28693,7.875,34.874071736258344,-26.999071736258344
28693,7.875,34.874071736258344,-26.999071736258344
129716,463.75,490.75596544221,-27.005965442210027
83400,41.43,68.44088068827044,-27.01088038309466
69600,73.94,100.95469507941164,-27.014692638005386
69600,73.92,100.95469507941164,-27.034696910466323
40000,39.09,66.12854632382484,-27.038546171236945
14150,2.627,29.66640110544615,-27.039401011986065
67377,32.38,59.42687178726045,-27.04687071914522
98624,45.75,72.81449385727441,-27.064493857274414
64743,115.408,142.47266701093585,-27.064669879588195
53234,74.5,101.59823949114269,-27.098239491142692
56497,158.85,185.96325235934196,-27.11324625582634
157723,122.08,149.21804151294924,-27.138039681894554
3853,39.4,66.54581061520122,-27.145809089322313
112956,63.2275,90.37873685394825,-27.15123593842091
75929,442.45,469.61170027226115,-27.161688065229896
9000,22.28,49.45146011673637,-27.171459430090863
105505,41.31,68.48450060075061,-27.17449922745959
99325,135.89,163.07313549076477,-27.183136101116332
105791,145.35,172.5334976190286,-27.18349151551297
63900,52.05,79.23777226772354,-27.187773030662996
183460,403.72,430.91710310797566,-27.197101887272538
167055,81.04,108.24857773041703,-27.208576814889682
91363,282.085,309.3088858511139,-27.223894396035803
16584,69.7475,96.98286491978654,-27.235367361192786
69400,64.27,91.51270432346128,-27.242707680394872
66900,61.64,88.88360894660983,-27.24360955696139
84365,59.668,86.9117012043595,-27.243701936781378
66404,67.53,94.78397760438385,-27.253978825086975
46981,100.875,128.13481049414315,-27.259810494143153
43007,24.1295,51.39110744937759,-27.261608013952788
38500,93.75,121.02185886998761,-27.27185886998761
82789,33.72,60.999096465550636,-27.27909524484751
112956,63.0725,90.37873685394825,-27.30623853241505
39988,46.358,73.67141670239164,-27.313414993407264
174601,182.9,210.2189108675609,-27.318916971076533
89858,33.169,60.5010461969114,-27.332047478649685
158000,188.41,215.75795041243782,-27.347946750328447
160673,456.775,484.13695989998547,-27.361966003501095
94399,53.7225,81.09548138969086,-27.37298154227875
173479,48.25,75.63062652128431,-27.380626521284313
40000,38.73,66.12854632382484,-27.398546781588507
29547,54.7175,82.12553514166102,-27.408036362364143
152312,439.306,466.7172848802885,-27.411285124429128
24643,36.56,63.979317808113954,-27.41931643482294
271300,87.14,114.56615837559549,-27.426158985947055
193294,935.29,962.7211891113225,-27.431211083978724
109000,59.5,86.93123716638574,-27.431237166385742
22101,46.2501,73.71617728775752,-27.46607810562861
158000,188.29,215.75795041243782,-27.46795712630501
163959,114.31,141.79413811125335,-27.484140552659596
387638,35.2201,62.709790158800075,-27.489689755968044
205141,179.0,206.49000208006953,-27.49000208006953
205141,179.0,206.49000208006953,-27.49000208006953
86465,128.5,156.01211916823806,-27.51211916823806
82789,33.48,60.999096465550636,-27.519096923314308
69300,9.49,37.01725278198721,-27.527253010869046
79900,73.3633,100.89239257329773,-27.529096064508664
144000,38.61,66.1521936565581,-27.542193046206535
45086,0.0,27.544218091023907,-27.544218091023907
21472,34.35,61.897768973311585,-27.54777049919049
43955,82.14,109.69021020205719,-27.55021081240875
10578,30.42,57.97764472375438,-27.557644647460435
12500,523.0,550.562741293759,-27.562741293759018
137522,97.0,124.566979656218,-27.566979656217995
21472,34.33,61.897768973311585,-27.567767142256898
216526,96.57,124.14765509578125,-27.577655400957028
28693,7.2917,34.874071736258344,-27.582371849936322
77844,59.96,87.54997850088311,-27.589979416410458
29547,54.5325,82.12553514166102,-27.593033920957893
44564,59.0,86.620599200529,-27.620599200529
95100,74.46,102.09205448865687,-27.632055404184214
178270,30.403,58.04955479367146,-27.646554915741774
9000,21.78,49.45146011673637,-27.671459430090863
9000,21.78,49.45146011673637,-27.671459430090863
46484,82.43,110.11349258468039,-27.683492279504605
128682,29.9,57.58399398001554,-27.68399436148527
204029,386.025,413.7131442719543,-27.688150375469945
62837,220.712,248.40557204283598,-27.69356642760161
148829,172.45,200.15346486354,-27.703467915297807
10578,30.27,57.97764472375438,-27.70764426599071
69300,9.29,37.01725278198721,-27.727252820134183
72800,48.12,75.8490683537759,-27.72906942189114
180625,146.825,174.55966251261353,-27.73466556437134
6412,38.9059,66.64539297182893,-27.739493923977363
84365,59.162,86.9117012043595,-27.749702455580206
47954,21.25,49.02727559162675,-27.777275591626747
108971,123.35,151.15234512631167,-27.80234665219058
84346,52.88,80.68991739838278,-27.80991633026754
72800,48.01,75.8490683537759,-27.839070032242702
179559,505.24,533.0834721915626,-27.843481957187578
62200,41.91,69.76159670313844,-27.851596855726328
12660,11.72,39.57521915142756,-27.855218884398752
73044,63.597,91.46740339265335,-27.87040327058304
66121,106.0,133.9063732487111,-27.906373248711105
66121,106.0,133.9063732487111,-27.906373248711105
91273,100.33,128.24550737497643,-27.91550554392174
271492,46.612,74.53280512952514,-27.920805617806394
21903,48.88,76.80909051279772,-27.92908944468249
29547,54.195,82.12553514166102,-27.9305354468368
30525,185.98,213.9148967881912,-27.934901060652123
48300,37.5,65.43707293693117,-27.937072936931173
9000,21.51,49.45146011673637,-27.941459887854535
67839,28.346,56.30946905290408,-27.96346838151736
121585,184.568,212.53967083963707,-27.97167767557457
91253,60.6,88.58099801479662,-27.980999540675526
153700,764.66,792.6468324129391,-27.986859268407898
159384,315.0,343.0014627080198,-28.0014627080198
118966,94.75,122.76227916901412,-28.01227916901412
91273,100.22,128.24550737497643,-28.0255061542733
137046,15.6,43.6419614849979,-28.041961103528173
75228,104.25,132.29578839442866,-28.045788394428655
46981,100.075,128.13481049414315,-28.059813545900965
64024,21.25,49.345865967876115,-28.095865967876115
27814,278.313,306.41005068900006,-28.09706240775006
442438,1554.88,1583.0083855525718,-28.12838066975928
29547,53.985,82.12553514166102,-28.140534531309456
58733,20.675,48.83283654061337,-28.157837303552824
102429,17.1,45.26281079805393,-28.1628104165842
28862,45.14,73.31426962211711,-28.174270232468672
95526,109.79,137.96724439431074,-28.177243478783396
67377,31.2488,59.42687178726045,-28.17807150955049
43094,25.7501,53.92936793427608,-28.179268752147173
14150,1.476,29.66640110544615,-28.19040115408354
47439,125.45,153.64556906179624,-28.19557211355405
150393,238.19,266.3872817571869,-28.197279315780634
53000,53.18,81.41279764632372,-28.232797341147943
52748,19.455,47.706419178192554,-28.2514192544865
271300,86.3,114.56615837559549,-28.26615532383768
78002,41.0,69.28606645041513,-28.286066450415134
14150,1.3646,29.66640110544615,-28.301801162285138
204349,411.95,440.2521419065407,-28.302129699509464
53860,43.5942,71.93530689627042,-28.341106761993075
132518,187.09,215.4556585677141,-28.36566222982347
408000,652.11,680.4859150027135,-28.375929651150955
91254,70.0,98.3964828793077,-28.396482879307698
56497,157.55,185.96325235934196,-28.413249307584152
90900,136.75,165.19638811422217,-28.446388114222174
96124,155.68,184.13046255271308,-28.450469876931834
116249,438.0,466.4584176534003,-28.458417653400318
111635,104.41,132.87572876588484,-28.46572510377547
106511,45.587,74.06120459992707,-28.474202799389957
345837,154.09,182.5676391433908,-28.47764280550018
58908,30.71,59.19584950328502,-28.485850418812362
350000,301.73,330.21671316976483,-28.486702183436705
64560,141.79,170.2860568948832,-28.496063608750376
15960,12.47,40.96884071320915,-28.49884044618034
27318,19.19,47.68922054642174,-28.49922001236412
42755,43.0,71.50197785423241,-28.501977854232408
94988,37.539,66.04714714819919,-28.508145683355437
152312,438.191,466.7172848802885,-28.526275358804128
45098,77.25,105.77823373673182,-28.52823373673182
67839,27.778,56.30946905290408,-28.53146917497439
118231,104.375,132.91861146658698,-28.54361146658698
126045,23.9,52.449307087897715,-28.54930746936744
69400,62.96,91.51270432346128,-28.552705238988622
261091,215.834,244.39647565772987,-28.562476023940803
58908,30.62,59.19584950328502,-28.57584866405162
106511,45.476,74.06120459992707,-28.585202860425113
120566,22.8,51.38596578106557,-28.585966544005025
51622,75.48,104.07337745429024,-28.593374097356644
72332,190.744,219.3387453443446,-28.594742048446165
109071,17.5,46.106728262534595,-28.606728262534595
96612,53.0,81.61712504039397,-28.617125040393972
96612,53.0,81.61712504039397,-28.617125040393972
112283,12.75,41.38081812860892,-28.630818128608922
49975,27.9375,56.56837217281457,-28.63087217281457
41861,11.25,39.88969071725503,-28.63969071725503
23055,31.39,60.059211520332674,-28.669212130684237
5258,65.01,93.69021088726765,-28.680208751037185
230259,175.96,204.64542960102528,-28.685422887158097
15649,0.0,28.701082346238177,-28.701082346238177
15649,0.0,28.701082346238177,-28.701082346238177
66661,111.004,139.72083062382745,-28.716832821093078
239638,277.0,305.73217919994926,-28.732179199949258
141461,458.496,487.2384668581306,-28.742464660864982
117054,66.931,95.68483085440359,-28.75383109854421
57394,54.339,83.09365588914075,-28.75465518723645
186840,111.25,140.009430268829,-28.759430268828993
271300,85.8,114.56615837559549,-28.76615532383768
90900,136.43,165.19638811422217,-28.766395438440924
301307,215.0,243.78480482531464,-28.784804825314637
301307,215.0,243.78480482531464,-28.784804825314637
59400,30.74,59.55704682367732,-28.817047052559154
74584,32.489,61.327028696652015,-28.838030283566077
24643,35.13,63.979317808113954,-28.84931673999872
47934,102.55,131.41217723766079,-28.862174185902973
15876,55.4921,84.36521756420449,-28.873117802241595
83155,31.91,60.78507835381667,-28.875078506404563
85164,33.249,62.12982568518678,-28.880825135870374
45098,76.89,105.77823373673182,-28.888234347083383
110380,203.875,232.77897561013052,-28.903975610130516
99946,55.138,84.0466326015368,-28.90863211325555
22000,32.25,61.16436187749794,-28.91436187749794
35354,28.5938,57.51138903515408,-28.91758944408963
850354,2002.64,2031.5649549488821,-28.924940300444632
63900,50.31,79.23777226772354,-28.927770894432527
86455,37.94,66.86948153035881,-28.929482903649827
23803,43.52,72.51044761749381,-28.990447159730138
46204,68.1075,97.10717844999947,-28.999680281054154
31283,40.41,69.4308234206956,-29.020823573283494
65000,67.4,96.43054910446315,-29.030547578584248
138602,69.0,98.04670134447302,-29.04670134447302
115788,222.598,251.64614657717954,-29.0481393750311
102429,16.2,45.26281079805393,-29.062810035114474
70837,161.56,190.64544667279523,-29.08544911420148
22334,62.52,91.61699688537199,-29.096996427608318
133594,64.95,94.05099893609146,-29.101001987849273
67839,27.178,56.30946905290408,-29.131469556444117
70832,114.73,143.88471041364593,-29.15470705671234
46981,98.975,128.13481049414315,-29.15981202002206
94399,51.92,81.09548138969086,-29.175483220745548
91363,280.13,309.3088858511139,-29.178880968301428
193800,167.3,196.48379335704252,-29.183790305284703
60606,143.999,173.18415925996723,-29.185166340045356
322341,1000.95,1030.148479454454,-29.19846724742274
81580,210.5,239.73292916022604,-29.232929160226035
70832,114.64,143.88471041364593,-29.244711023997496
222434,114.306,143.55125915533304,-29.245259399473667
137806,102.368,131.67683858516548,-29.30884236934517
77469,181.01,210.3204192567057,-29.310424749869753
29775,157.3,186.63343886940194,-29.33343581764413
19823,92.6667,122.00064198061145,-29.333939710103635
126045,23.1,52.449307087897715,-29.34930670642799
76153,56.35,85.70283980466698,-29.352841330545886
94988,36.693,66.04714714819919,-29.354146354742156
106511,44.704,74.06120459992707,-29.357206034253238
121062,38.1,67.47481075878693,-29.374812284665836
230259,175.27,204.64542960102528,-29.375425328564347
91254,69.0,98.3964828793077,-29.396482879307698
138316,306.8,336.2114132903778,-29.411425497409027
105612,75.85,105.2655535216568,-29.415555047535705
45305,47.635,77.05402755879665,-29.419029237263445
155682,96.54,125.95948568358907,-29.41948476806172
83155,31.363,60.78507835381667,-29.422077484065696
104667,54.25,83.67276039191054,-29.422760391910543
850354,2002.14,2031.5649549488821,-29.424940300444632
177281,347.159,376.5889862839994,-29.429989701968168
94658,27.0,56.442613553712725,-29.442613553712725
171008,203.6,233.07422841268232,-29.47422230916669
105000,203.52,233.0179597824745,-29.497955510013554
116121,409.9,439.4376124274744,-29.537618530990017
45548,28.6,58.14312338810224,-29.543123006632513
48411,169.12,198.68188181110997,-29.561886693922474
271492,44.96,74.53280512952514,-29.572806045052488
155807,69.4,98.97552938451851,-29.575527858639603
305268,88.3932,117.98425630868269,-29.591052573331126
68146,154.432,184.10223428377452,-29.67022744783702
88486,70.83,100.51803659247284,-29.68803476141815
74599,101.95,131.64765654544456,-29.697659597202374
71421,70.13,99.82992526136076,-29.699928007942788
155100,150.64,180.34137910352257,-29.701379713874132
113988,97.525,127.23480903796708,-29.709807512088176
163959,112.08,141.79413811125335,-29.71413628019866
21539,98.2,127.95131600271785,-29.75131905447566
72332,189.577,219.3387453443446,-29.761749494735227
68637,267.84,297.63463707176237,-29.794640733871745
100481,336.5,366.3107338222408,-29.81073382224082
40451,42.7,72.52081961435991,-29.820818851420455
126045,22.6,52.449307087897715,-29.84930670642799
112283,11.53,41.38081812860892,-29.85081839563773
73200,88.13,118.01822999378687,-29.888232740368906
56995,231.018,260.90920928900937,-29.891203917915618
48411,168.77,198.68188181110997,-29.911877538649037
137806,101.744,131.67683858516548,-29.932835289267047
94399,51.1425,81.09548138969086,-29.952979558636173
204029,383.725,413.7131442719543,-29.988138168438695
159384,313.0,343.0014627080198,-30.0014627080198
59400,29.54,59.55704682367732,-30.017045908149974
58041,17.02,47.05703520932854,-30.037034751564867
155682,95.92,125.95948568358907,-30.039487514643753
129716,460.7,490.75596544221,-30.055953235178777
345837,152.51,182.5676391433908,-30.05764463655487
128126,495.85,525.9228669774627,-30.072860873947093
112536,134.14,164.22713646287875,-30.08713707323031
72193,84.39,114.48018878073024,-30.090189391081807
66600,35.31,65.40980640194115,-30.099805028650138
35033,43.04,73.16281797532928,-30.122817059801932
113988,97.1,127.23480903796708,-30.13481056384599
83800,99.45,129.58576344164652,-30.135766493404333
167055,78.04,108.24857773041703,-30.208576814889682
40000,35.91,66.12854632382484,-30.218546476412726
78268,30.21,60.43174425444359,-30.221745169970937
132394,172.25,202.47204672042318,-30.22204672042318
150393,236.165,266.3872817571869,-30.22228847105407
32206,0.007,30.258118992700023,-30.251118992483956
32206,0.007,30.258118992700023,-30.251118992483956
32206,0.007,30.258118992700023,-30.251118992483956
32206,0.007,30.258118992700023,-30.251118992483956
32206,0.007,30.258118992700023,-30.251118992483956
305268,87.733,117.98425630868269,-30.251254599698314
38598,35.0,65.25679238145119,-30.25679238145119
37775,0.0,30.275287860848188,-30.275287860848188
163959,111.5,141.79413811125335,-30.294138111253346
204029,383.4,413.7131442719543,-30.313150375469945
38500,90.7,121.02185886998761,-30.321861921745423
103924,103.0,133.3234116640171,-30.3234116640171
95526,107.64,137.96724439431074,-30.327245004662302
53000,51.07,81.41279764632372,-30.342797951499506
74682,170.74,201.0963092056237,-30.356303712459635
34455,211.9,242.2703701992794,-30.370376302795023
118338,381.625,411.99979701573363,-30.374797015733634
58908,28.8,59.19584950328502,-30.39585026622447
91254,68.0,98.3964828793077,-30.396482879307698
67839,25.888,56.30946905290408,-30.421468564622828
148032,80.9,111.32394582057324,-30.423944294694337
142672,81.8,112.2596150432741,-30.459611991516283
116249,435.996,466.4584176534003,-30.462415456134693
152312,436.25,466.7172848802885,-30.467284880288503
22000,30.68,61.16436187749794,-30.484361572322157
205141,176.0,206.49000208006953,-30.49000208006953
22000,30.67,61.16436187749794,-30.494361801203993
60100,161.1,191.61497745035555,-30.51497134683993
65000,65.91,96.43054910446315,-30.52054544235378
350000,299.69,330.21671316976483,-30.52671072835858
128126,495.375,525.9228669774627,-30.547866977462718
43992,214.52,245.07974080121127,-30.559736528750335
49589,35.8,66.3610478812438,-30.56104864418326
69400,60.94,91.51270432346128,-30.572705696752294
136522,102.375,132.94986803481342,-30.57486803481342
64583,119.11,149.69151407222267,-30.58151346187111
47398,36.55,67.15849968605485,-30.608500448994306
112283,10.75,41.38081812860892,-30.630818128608922
27600,17.24,47.8713062735063,-30.631306502388135
193294,932.08,962.7211891113225,-30.641172021478724
58908,28.53,59.19584950328502,-30.66584881663951
94399,50.4125,81.09548138969086,-30.682982915569767
66794,23.0058,53.68902530523555,-30.68322505804317
94988,35.363,66.04714714819919,-30.684148185796843
22000,30.48,61.16436187749794,-30.68436233526161
350000,299.53,330.21671316976483,-30.686714390467955
19823,91.2917,122.00064198061145,-30.708939710103635
73044,60.75,91.46740339265335,-30.717403392653353
26187,68.04,98.76715630555593,-30.727155390028585
193723,133.0,163.727659602302,-30.727659602301998
22000,30.43,61.16436187749794,-30.734361572322157
137806,100.928,131.67683858516548,-30.74883718135689
22000,30.39,61.16436187749794,-30.7743624878495
153999,157.0,187.80271157268805,-30.802711572688054
179449,341.94,372.75962880079385,-30.8196263593876
148032,80.5,111.32394582057324,-30.823945820573243
117814,35.3,66.13522308584638,-30.83522384878583
182500,156.4,187.2399092969563,-30.839915400471938
76153,54.85,85.70283980466698,-30.852841330545886
73597,60.316,91.18746475932662,-30.871462867236772
163959,110.92,141.79413811125335,-30.874139942308034
275610,103.493,134.3808477991984,-30.88785158337808
205472,337.92,368.8126989194217,-30.892685491687303
112536,133.33,164.22713646287875,-30.89713463182406
112283,10.48,41.38081812860892,-30.900818586372594
51500,63.71,94.61482908453439,-30.904830000061736
73200,87.11,118.01822999378687,-30.908229383435312
85732,145.41,176.32713159648773,-30.917127934378357
34565,109.947,140.87871062522328,-30.93171202903187
66794,22.7458,53.68902530523555,-30.943225286925006
69300,6.07,37.01725278198721,-30.947252610325833
85623,40.0,70.96031609100551,-30.96031609100551
82789,30.0,60.999096465550636,-30.999096465550636
35033,42.16,73.16281797532928,-31.002818127917166
16500,52.59,83.5948751998898,-31.00487504730191
287419,95.9901,127.00076750364413,-31.01067045774569
387638,31.6708,62.709790158800075,-31.03899090342898
75228,101.25,132.29578839442866,-31.045788394428655
94988,34.979,66.04714714819919,-31.068147056646453
49975,25.5,56.56837217281457,-31.06837217281457
154706,965.5,996.5970599576602,-31.097059957660235
152312,435.583,466.7172848802885,-31.134277067788503
205472,337.67,368.8126989194217,-31.142685491687303
24643,32.82,63.979317808113954,-31.159318113289736
102957,61.1,92.28592317149574,-31.185924697374645
47934,100.225,131.41217723766079,-31.18717876353969
35033,41.91,73.16281797532928,-31.252818127917166
57394,51.818,83.09365588914075,-31.275655095683717
78002,38.0,69.28606645041513,-31.286066450415134
243072,401.675,432.9709513137315,-31.29596352076277
119262,126.0,157.32746455550753,-31.327464555507532
68094,283.945,315.273054807729,-31.32804748351026
105167,667.059,698.3886292797871,-31.329608283693346
48411,167.34,198.68188181110997,-31.34188547321935
154706,965.25,996.5970599576602,-31.347059957660235
95717,51.09,82.47235119654046,-31.382351043952568
34565,109.482,140.87871062522328,-31.396708366922496
106511,42.664,74.06120459992707,-31.397203135083316
94658,25.0,56.442613553712725,-31.442613553712725
129344,439.2,470.65029561871523,-31.450283411683984
111304,73.13,104.60904396287314,-31.479046709455176
205141,175.0,206.49000208006953,-31.49000208006953
194441,660.861,692.3594942510504,-31.498471301831614
113580,91.5,123.04470541110781,-31.544705411107813
178270,26.488,58.04955479367146,-31.561553923920485
31346,15.17,46.73765490910653,-31.567654832812586
116872,130.27,161.86242711476467,-31.592422842303733
96612,50.0,81.61712504039397,-31.617125040393972
69400,59.89,91.51270432346128,-31.62270493381284
202435,329.21,360.8704678979174,-31.660476442839297
70832,112.21,143.88471041364593,-31.674711329173277
230259,172.97,204.64542960102528,-31.67542838032216
73044,59.791,91.46740339265335,-31.676403026442415
35605,54.6751,86.37710753881348,-31.702009119624023
239638,274.0,305.73217919994926,-31.732179199949258
58908,27.45,59.19584950328502,-31.745848740345565
26187,67.01,98.76715630555593,-31.75715416932546
112283,9.58,41.38081812860892,-31.800818204902868
95100,70.29,102.09205448865687,-31.802053573129527
95433,0.1076,31.928339545561602,-31.82073954208069
35033,41.34,73.16281797532928,-31.822817822741385
77700,39.75,71.61951473544303,-31.869514735443033
65000,64.55,96.43054910446315,-31.88054605270534
64583,117.81,149.69151407222267,-31.881516513628924
95433,0.0463,31.928339545561602,-31.88203954411917
66121,102.0,133.9063732487111,-31.906373248711105
36387,24.46,56.377284493942646,-31.91728540946999
122122,273.0,304.9177275269143,-31.91772752691429
9569,55.7174,87.64049030174573,-31.92309070457776
69600,69.02,100.95469507941164,-31.93469843634523
94658,24.5,56.442613553712725,-31.942613553712725
35033,41.22,73.16281797532928,-31.94281675462615
27318,15.74,47.68922054642174,-31.949220775303573
26187,66.81,98.76715630555593,-31.95715874696218
121471,25.6,57.55843897881991,-31.95843859735018
66203,75.1665,107.12973699866703,-31.96324072181156
26187,66.78,98.76715630555593,-31.987157526259054
111360,97.325,129.3188353434009,-31.99383839515872
24867,29.65,61.657707717972905,-32.00770809944263
86120,125.94,157.98160241091173,-32.041599969505484
57201,54.531,86.58520628039662,-32.05420805041615
35605,54.3095,86.37710753881348,-32.06760589086426
72800,43.78,75.8490683537759,-32.06906957447903
43955,77.62,109.69021020205719,-32.070207455475156
128682,25.5,57.58399398001554,-32.08399398001554
73597,59.099,91.18746475932662,-32.088465735889116
16802,133.2,165.29263217265924,-32.09263522441705
72800,43.71,75.8490683537759,-32.13906926930325
94658,24.3,56.442613553712725,-32.14261431665218
24643,31.82,63.979317808113954,-32.159318113289736
24643,31.81,63.979317808113954,-32.16931834217157
153700,760.467,792.6468324129391,-32.1798524324704
64818,46.1833,78.37583279247283,-32.19253277416229
112536,132.03,164.22713646287875,-32.19713768358187
99541,62.025,94.22317074570154,-32.19816921982263
12908,0.0,32.20129789974108,-32.20129789974108
26944,133.099,165.33058499822445,-32.23158597478695
51920,58.46,90.69577192860044,-32.23577284412778
38598,33.0,65.25679238145119,-32.25679238145119
155682,93.67,125.95948568358907,-32.28948751464375
271492,42.239,74.53280512952514,-32.29380671643921
113988,94.925,127.23480903796708,-32.30980598620927
150887,75.9758,108.29999420021122,-32.32419463966434
64818,46.05,78.37583279247283,-32.32583355541229
51920,58.36,90.69577192860044,-32.335771318248874
109000,54.56,86.93123716638574,-32.371235793094726
150393,234.014,266.3872817571869,-32.37327418882751
22000,28.77,61.16436187749794,-32.39436141973427
69300,4.62,37.01725278198721,-32.39725289642813
147205,84.0,116.42536445396028,-32.425364453960285
261188,2463.43,2495.8661686140485,-32.43623697342355
94658,24.0,56.442613553712725,-32.442613553712725
126045,20.0,52.449307087897715,-32.449307087897715
116249,433.998,466.4584176534003,-32.46043181355657
23803,40.05,72.51044761749381,-32.46044838043326
83400,35.94,68.44088068827044,-32.500882061561455
86455,34.35,66.86948153035881,-32.51948305623772
86455,34.34,66.86948153035881,-32.52948137777092
117814,33.6,66.13522308584638,-32.53522461172528
35354,24.9688,57.51138903515408,-32.54258944408963
84346,48.12,80.68991739838278,-32.56991846649801
160038,59.1,91.67178586365603,-32.57178738953493
150887,75.7198,108.29999420021122,-32.580191343765904
94988,33.463,66.04714714819919,-32.584145896978484
154706,964.0,996.5970599576602,-32.597059957660235
91363,276.703,309.3088858511139,-32.60588292142643
96612,49.0,81.61712504039397,-32.61712504039397
86455,34.23,66.86948153035881,-32.63948198812248
45224,40.67,73.32295407489268,-32.652955905947366
16052,0.0,32.67135122639709,-32.67135122639709
16052,0.0,32.67135122639709,-32.67135122639709
104667,50.95,83.67276039191054,-32.72275962897109
252268,172.0,204.73899906454778,-32.738999064547784
94658,23.7,56.442613553712725,-32.74261279077327
50000,31.12,63.88725651604469,-32.76725567681129
301307,211.0,243.78480482531464,-32.78480482531464
60100,158.825,191.61497745035555,-32.789980502113366
219608,506.91,539.7020694380294,-32.79206577592004
66203,74.3233,107.12973699866703,-32.80643377601078
90635,155.76,188.57160995302846,-32.81161544619252
387638,29.8961,62.709790158800075,-32.8136910682239
181805,423.0,455.8272082897085,-32.827208289708494
81397,292.32,325.160373514758,-32.84036619053927
86375,155.29,188.13447896477538,-32.84448567864257
49589,33.5,66.3610478812438,-32.861047881243806
271492,41.649,74.53280512952514,-32.8838068690271
74180,19.82,52.70538831837568,-32.885388623551464
153299,131.856,164.7466338017977,-32.890630994180526
49100,23.53,56.42364631691706,-32.89364563027155
33743,69.29,102.18416684786591,-32.89416593233857
59400,26.66,59.55704682367732,-32.89704697626521
66121,101.0,133.9063732487111,-32.906373248711105
114166,131.814,164.74919753445585,-32.93520217312772
106511,41.11,74.06120459992707,-32.951203989575504
74682,168.14,201.0963092056237,-32.95630981597526
85623,38.0,70.96031609100551,-32.96031609100551
214505,754.65,787.6107948569525,-32.96077044288995
182500,154.24,187.2399092969563,-32.99990380379225
159384,310.0,343.0014627080198,-33.0014627080198
809530,139.66,172.67594423419908,-33.015940572089704
64583,116.67,149.69151407222267,-33.02151590327736
30143,259.7,292.7399584355604,-33.039946228529175
35605,53.3242,86.37710753881348,-33.052907862299804
87673,27.39,60.444331060076365,-33.05433167042793
121585,179.466,212.53967083963707,-33.07366742166832
102774,54.1,87.20070512729781,-33.100706653176715
130794,77.925,111.03177508704026,-33.10677203528245
94988,32.923,66.04714714819919,-33.12414681250583
128126,492.775,525.9228669774627,-33.14787308097834
22000,28.0,61.16436187749794,-33.16436187749794
9000,16.28,49.45146011673637,-33.17145943009086
16500,50.39,83.5948751998898,-33.20487581024136
160673,450.925,484.13695989998547,-33.21197210701672
193800,163.26,196.48379335704252,-33.22379885020658
77700,38.39,71.61951473544303,-33.229515345794596
178270,24.817,58.04955479367146,-33.23255535824666
268480,177.183,210.42514181285284,-33.24214315562628
60100,158.35,191.61497745035555,-33.26497134683993
88486,67.24,100.51803659247284,-33.27803872870331
205472,335.52,368.8126989194217,-33.2927099057498
148032,78.0,111.32394582057324,-33.32394582057324
94988,32.697,66.04714714819919,-33.35014855200778
157545,148.658,182.01542427431616,-33.35741951357397
199722,170.536,203.93255756137344,-33.396562077975005
237704,155.057,188.4720388998697,-33.41503206393219
111623,143.0,176.4388686973958,-33.438868697395804
492898,389.0,422.440029221261,-33.440029221261
148829,166.71,200.15346486354,-33.44345814967281
75929,436.167,469.61170027226115,-33.444708084761146
49100,22.96,56.42364631691706,-33.4636472324444
95079,154.175,187.66992448650547,-33.49492143474765
48994,33.66,67.15886980636122,-33.498869958949115
42755,38.0,71.50197785423241,-33.50197785423241
35033,39.65,73.16281797532928,-33.51281644945037
47275,45.8,79.31726861495288,-33.51726937789233
136817,161.225,194.7504305426388,-33.525424439123185
51500,61.05,94.61482908453439,-33.564829847473845
160038,58.1,91.67178586365603,-33.57178738953493
26944,131.734,165.33058499822445,-33.596591467951015
77500,49.31,82.92114105555942,-33.6111396822684
99325,129.46,163.07313549076477,-33.61312877689758
126045,18.8,52.449307087897715,-33.64930785083717
64583,116.04,149.69151407222267,-33.65151315669533
153299,131.079,164.7466338017977,-33.66763905082115
113988,93.55,127.23480903796708,-33.68480598620927
233937,270.0,303.6943419529466,-33.694341952946615
193723,130.0,163.727659602302,-33.727659602302
35354,23.7812,57.51138903515408,-33.730188626218535
43955,75.92,109.69021020205719,-33.770212033111875
43094,20.12,53.92936793427608,-33.80936709504268
83800,95.73,129.58576344164652,-33.85576008471293
118338,378.125,411.99979701573363,-33.874797015733634
108339,228.633,262.55023374512086,-33.91723813965211
180000,85.92,119.86262140486672,-33.9426232359214
101400,73.13,107.08104859584117,-33.9510513424232
22101,39.7501,73.71617728775752,-33.96607810562861
167055,74.28,108.24857773041703,-33.96857895112015
69400,57.54,91.51270432346128,-33.972703407933935
112283,7.4,41.38081812860892,-33.98081803324149
46230,0.0,33.994873421229734,-33.994873421229734
23803,38.5,72.51044761749381,-34.01044761749381
126960,224.745,258.7759994820021,-34.03100436481458
36387,22.34,56.377284493942646,-34.037284341354756
126045,18.4,52.449307087897715,-34.04930746936744
119509,51.0,85.0602844463126,-34.06028444631259
118966,88.7,122.76227916901412,-34.062282220771934
180000,85.75,119.86262140486672,-34.112621404866715
57201,52.441,86.58520628039662,-34.144204388306775
171008,198.85,233.07422841268232,-34.22422230916669
151637,635.56,669.7913889476829,-34.23139138908914
35354,23.25,57.51138903515408,-34.26138903515408
144000,31.87,66.1521936565581,-34.2821928173247
102957,58.0,92.28592317149574,-34.28592317149574
59400,25.26,59.55704682367732,-34.29704659479548
156483,501.278,535.6525644701712,-34.37454933345248
65000,62.04,96.43054910446315,-34.39054818893581
51920,56.3,90.69577192860044,-34.39577269153989
60100,157.2,191.61497745035555,-34.414980502113366
66203,72.6952,107.12973699866703,-34.434538939584996
219608,505.26,539.7020694380294,-34.44205967240441
97838,442.0,476.4430724593413,-34.443072459341295
243072,398.525,432.9709513137315,-34.44595741724714
9000,14.98,49.45146011673637,-34.47146057450004
82789,26.52,60.999096465550636,-34.479096007786964
116121,404.95,439.4376124274744,-34.48760022044314
162549,85.7298,120.2215696136214,-34.49177225034015
9569,53.1476,87.64049030174573,-34.492892035144166
47984,52.6,87.09741906155259,-34.49742058743149
161969,152.5,187.00168758470028,-34.50168758470028
180000,85.36,119.86262140486672,-34.50262079451515
177708,129.0,163.50905549379706,-34.509055493797064
129664,229.85,264.364248823844,-34.514242720328355
77500,48.38,82.92114105555942,-34.54113998744418
64583,115.13,149.69151407222267,-34.561516818804705
106523,260.738,295.31966741302153,-34.58166082122466
100813,169.273,203.85520093123887,-34.58220593612168
65000,61.82,96.43054910446315,-34.610549409638935
79700,75.24,109.85284544164244,-34.61284757787291
155100,145.71,180.34137910352257,-34.63137238965538
35354,22.875,57.51138903515408,-34.63638903515408
87200,156.0,190.6397543469163,-34.639754346916305
104294,122.03,156.69534208539181,-34.66534330609494
43094,19.25,53.92936793427608,-34.67936793427608
73044,56.784,91.46740339265335,-34.68340299592484
70800,65.91,100.59692575143912,-34.68692208932974
233937,269.0,303.6943419529466,-34.694341952946615
69400,56.81,91.51270432346128,-34.70270295017026
101400,72.36,107.08104859584117,-34.721047985489605
23803,37.78,72.51044761749381,-34.730448838196935
239638,271.0,305.73217919994926,-34.73217919994926
22000,26.39,61.16436187749794,-34.7743624878495
271492,39.757,74.53280512952514,-34.77580516004272
57201,51.801,86.58520628039662,-34.78420759265248
23803,37.67,72.51044761749381,-34.8404494485485
219608,504.85,539.7020694380294,-34.85206333451379
41861,5.0,39.88969071725503,-34.88969071725503
60100,156.7,191.61497745035555,-34.914980502113366
64583,114.75,149.69151407222267,-34.941514072222674
9000,14.48,49.45146011673637,-34.97146057450004
35253,76.8333,111.81619961357337,-34.98290188408119
26187,63.78,98.76715630555593,-34.987157526259054
112283,6.39,41.38081812860892,-34.99081826212333
64818,43.3167,78.37583279247283,-35.05913281078338
45224,38.25,73.32295407489268,-35.07295407489268
28862,38.23,73.31426962211711,-35.08427007988078
113988,92.15,127.23480903796708,-35.084807512088176
134114,122.19,157.2748331863624,-35.08483074495615
105000,197.92,233.0179597824745,-35.09796161352918
16500,48.48,83.5948751998898,-35.11487565765347
49975,21.4062,56.56837217281457,-35.16217176387902
37800,28.15,63.31257688081704,-35.16257726228677
149762,838.275,873.4518663680286,-35.17684195396612
171008,197.875,233.07422841268232,-35.19922841268232
133072,75.009,110.23620267791098,-35.227199992364106
81580,204.5,239.73292916022604,-35.232929160226035
128682,22.3,57.58399398001554,-35.283994742954995
72332,184.053,219.3387453443446,-35.28575156993054
75228,97.0,132.29578839442866,-35.295788394428655
745671,951.0,986.2969036256823,-35.29690362568226
105167,663.079,698.3886292797871,-35.3096497875996
328760,699.65,734.9606495921611,-35.310625178098576
305268,82.6628,117.98425630868269,-35.321452658780345
99700,86.93,122.26493246147383,-35.33493215629805
216050,187.0,222.36267831293594,-35.36267831293594
94399,45.715,81.09548138969086,-35.38048123710297
113988,91.85,127.23480903796708,-35.38481056384599
22000,25.76,61.16436187749794,-35.4043616486161
207000,439.38,474.81716252666666,-35.437157643854164
204029,378.275,413.7131442719543,-35.438150375469945
111623,141.0,176.4388686973958,-35.438868697395804
152471,66.9,102.35184354356376,-35.451842017684854
96929,0.0,35.453775503813034,-35.453775503813034
81881,88.5,123.96557221326145,-35.46557221326145
15876,48.8952,84.36521756420449,-35.470018742183
155807,63.5,98.97552938451851,-35.47552938451851
155807,63.5,98.97552938451851,-35.47552938451851
184098,591.558,627.1424160075418,-35.58443260910428
77500,47.32,82.92114105555942,-35.6011413607352
64560,134.68,170.2860568948832,-35.60606421910194
70800,64.98,100.59692575143912,-35.61692239450552
344798,886.0,921.620763865022,-35.62076386502201
282946,227.75,263.3754930126251,-35.6254930126251
45305,41.385,77.05402755879665,-35.669029237263445
68211,131.25,166.92017581058727,-35.67017581058727
43955,74.02,109.69021020205719,-35.67021355899078
45224,37.63,73.32295407489268,-35.692953006777444
178270,22.355,58.04955479367146,-35.69455525143513
65913,95.8333,131.52865649910893,-35.695358769616746
27995,0.0,35.69987448207459,-35.69987448207459
27995,0.0,35.69987448207459,-35.69987448207459
27995,0.0,35.69987448207459,-35.69987448207459
104016,63.75,99.45519738358038,-35.70519738358038
150887,72.594,108.29999420021122,-35.705992430191685
168696,70.0,105.70833076013291,-35.70833076013291
77844,51.78,87.54997850088311,-35.76997972158624
113580,87.2502,123.04470541110781,-35.79450704685
29192,12.95,48.76006857294362,-35.81006876367848
100813,168.035,203.85520093123887,-35.820197269129494
94988,30.224,66.04714714819919,-35.823146217413054
144900,180.0,215.83014309855787,-35.83014309855787
33743,66.32,102.18416684786591,-35.86416715304169
64113,46.16,82.02477535511987,-35.86477550770776
387638,26.8246,62.709790158800075,-35.88518993907351
43955,73.8,109.69021020205719,-35.890207150299375
87131,82.609,118.50223802419774,-35.89323686452977
66121,98.0,133.9063732487111,-35.906373248711105
62800,89.49,125.41469576714209,-35.92469790337256
79949,130.147,166.07517786095895,-35.92817468713082
64113,46.03,82.02477535511987,-35.994776575822996
15876,48.3662,84.36521756420449,-35.99901807079628
104667,47.6333,83.67276039191054,-36.03945961066054
64113,45.89,82.02477535511987,-36.134775965471434
182943,584.102,620.2518894061445,-36.14989966005078
99541,58.05,94.22317074570154,-36.17317150864099
51920,54.49,90.69577192860044,-36.20577025013364
64113,45.81,82.02477535511987,-36.214773981828856
82789,24.78,60.999096465550636,-36.21909577890513
88480,97.9981,134.2215673236592,-36.22346704289748
94399,44.855,81.09548138969086,-36.24048184745453
64583,113.44,149.69151407222267,-36.251511630816424
10743,0.0,36.26509901856411,-36.26509901856411
10743,0.0,36.26509901856411,-36.26509901856411
10743,0.0,36.26509901856411,-36.26509901856411
10743,0.0,36.26509901856411,-36.26509901856411
60100,155.325,191.61497745035555,-36.289980502113366
46484,73.81,110.11349258468039,-36.30349502608664
163959,105.48,141.79413811125335,-36.31413475431975
108971,114.8,151.15234512631167,-36.35234207455386
64743,106.109,142.47266701093585,-36.36366585126788
57673,3.9419,40.334680482270954,-36.392780467393635
57673,3.9419,40.334680482270954,-36.392780467393635
57673,3.9419,40.334680482270954,-36.392780467393635
57673,3.9419,40.334680482270954,-36.392780467393635
57673,3.9419,40.334680482270954,-36.392780467393635
57673,3.9419,40.334680482270954,-36.392780467393635
57673,3.9419,40.334680482270954,-36.392780467393635
47984,50.68,87.09741906155259,-36.417418756376804
106511,37.637,74.06120459992707,-36.42420356232941
57201,50.14,86.58520628039662,-36.44520689074818
118338,375.5,411.99979701573363,-36.499797015733634
46484,73.61,110.11349258468039,-36.503491974328824
23803,35.98,72.51044761749381,-36.53044807525748
81372,93.733,130.29351170570138,-36.560509996717
181328,204.0,240.56206754538536,-36.56206754538536
181328,204.0,240.56206754538536,-36.56206754538536
64113,45.46,82.02477535511987,-36.564776270647215
137522,88.0,124.566979656218,-36.566979656217995
245637,190.0,226.5695228239282,-36.569522823928196
60606,136.598,173.18415925996723,-36.58615205781879
64113,45.42,82.02477535511987,-36.60477718617456
50000,27.27,63.88725651604469,-36.617256058281015
60977,21.4,58.02815912623764,-36.628159507707366
72193,77.82,114.48018878073024,-36.660189085906026
118966,86.09,122.76227916901412,-36.672282831123496
63847,198.049,234.73177876872276,-36.682782797043075
233937,267.0,303.6943419529466,-36.694341952946615
207115,438.612,475.3141157367733,-36.70211622505457
106511,37.261,74.06120459992707,-36.800203013013004
202435,324.02,360.8704678979174,-36.85047888424555
117814,29.275,66.13522308584638,-36.8602234673161
90635,151.7,188.57160995302846,-36.87161300478627
237704,151.596,188.4720388998697,-36.8760458578775
66900,52.0,88.88360894660983,-36.883608946609826
130067,196.0,232.91878450263349,-36.918784502633486
130067,196.0,232.91878450263349,-36.918784502633486
553210,359.47,396.39464826051767,-36.924647039814545
108971,114.225,151.15234512631167,-36.92734665219058
43992,208.15,245.07974080121127,-36.9297469047269
93206,245.0,281.99509710566355,-36.99509710566355
16500,46.59,83.5948751998898,-37.00487504730191
233341,160.0,197.0319609342693,-37.03196093426931
86375,151.1,188.13447896477538,-37.03447286125976
117814,29.1,66.13522308584638,-37.03522270437665
243072,395.875,432.9709513137315,-37.09595131373152
408000,643.38,680.4859150027135,-37.105910119900955
47934,94.3,131.41217723766079,-37.11217418590297
70832,106.77,143.88471041364593,-37.11471377057953
45224,36.18,73.32295407489268,-37.1429537697169
110380,195.625,232.77897561013052,-37.153975610130516
86714,30.5575,67.76092386176282,-37.20342302252942
218024,150.0,187.21198291919106,-37.21198291919106
237704,151.245,188.4720388998697,-37.22704378268219
23803,35.28,72.51044761749381,-37.230448838196935
111635,95.64,132.87572876588484,-37.23572937623641
214505,750.375,787.6107948569525,-37.23579485695245
38598,28.0,65.25679238145119,-37.25679238145119
150887,71.0262,108.29999420021122,-37.273794859390904
91273,90.97,128.24550737497643,-37.2755061542733
150695,867.46,904.7761953101565,-37.31617333750023
168791,37.725,75.05522706316026,-37.330228589039166
101400,69.75,107.08104859584117,-37.33104859584117
83800,92.25,129.58576344164652,-37.33576344164652
56497,148.625,185.96325235934196,-37.338252359341965
71421,62.47,99.82992526136076,-37.35992404065763
178270,20.68,58.04955479367146,-37.36955448849568
53130,61.4304,98.80295451665741,-37.372553668268736
91254,61.0,98.3964828793077,-37.3964828793077
83043,246.4,283.8124254486754,-37.41243155219104
85164,24.711,62.12982568518678,-37.4188252426819
237704,151.042,188.4720388998697,-37.430031453580625
70042,172.1,209.54633916512242,-37.44633306160679
328760,697.5,734.9606495921611,-37.460649592161076
204029,376.25,413.7131442719543,-37.46314427195432
74682,163.61,201.0963092056237,-37.486308595272135
42755,34.0,71.50197785423241,-37.50197785423241
148829,162.63,200.15346486354,-37.523459980727495
177281,339.065,376.5889862839994,-37.52398384259317
193294,925.16,962.7211891113225,-37.561215966791224
327256,891.72,929.3100436754685,-37.59007297234348
171008,195.475,233.07422841268232,-37.59922230916669
44564,49.0,86.620599200529,-37.620599200529
21472,24.25,61.897768973311585,-37.647768973311585
69876,154.8,192.45281586928834,-37.65281281753053
75929,431.917,469.61170027226115,-37.694708084761146
168696,68.0,105.70833076013291,-37.70833076013291
141461,449.515,487.2384668581306,-37.72345220969311
105791,134.783,172.5334976190286,-37.75049285828641
115788,213.802,251.64614657717954,-37.844144624054536
106511,36.212,74.06120459992707,-37.84920279938996
73277,126.0,163.85076775230544,-37.850767752305444
73277,126.0,163.85076775230544,-37.850767752305444
187174,314.522,352.41482775024036,-37.89282457641224
43992,207.18,245.07974080121127,-37.89974812543002
86714,29.815,67.76092386176282,-37.9459233277052
4607,34.24,72.19877123485193,-37.958769556385136
115788,213.671,251.64614657717954,-37.9751413281561
129716,452.75,490.75596544221,-38.00596544221003
141461,449.195,487.2384668581306,-38.04345953391186
204998,341.558,379.6055414834429,-38.04752756742727
273234,861.582,899.6352102204693,-38.053240005625526
56497,147.9,185.96325235934196,-38.06325846285759
275610,96.3,134.3808477991984,-38.08084474744058
809530,134.58,172.67594423419908,-38.09594240314439
106511,35.954,74.06120459992707,-38.10720603425324
152312,428.609,466.7172848802885,-38.108276091226
26187,60.64,98.76715630555593,-38.12715691590749
47934,93.25,131.41217723766079,-38.162177237660785
394000,629.82,667.9862093220904,-38.16620199787167
131710,158.35,196.5228638995413,-38.17285779602568
149704,68.5,106.69170156945394,-38.19170156945394
117814,27.925,66.13522308584638,-38.21022384878583
53000,43.2,81.41279764632372,-38.21279688338427
111195,133.0,171.2247750857169,-38.224775085716914
38598,27.0,65.25679238145119,-38.25679238145119
100813,165.583,203.85520093123887,-38.27220837752793
100813,165.541,203.85520093123887,-38.31420056502793
116872,123.54,161.86242711476467,-38.32242619923733
60977,19.7,58.02815912623764,-38.328158363298186
51920,52.35,90.69577192860044,-38.34577345447934
288800,595.95,634.3435119042247,-38.39349969719342
270413,190.421,228.8302432918739,-38.40923804285046
65000,58.0,96.43054910446315,-38.430549104463154
99700,83.8,122.26493246147383,-38.46492940971602
16726,27.985,66.45064065067227,-38.46564004032071
102856,68.13,106.60952837424533,-38.47953112082736
96124,145.65,184.13046255271308,-38.48046865622871
53000,42.92,81.41279764632372,-38.49279947737841
98900,102.8,141.2952021662272,-38.495199114469386
86120,119.48,157.98160241091173,-38.50159905397814
86091,287.75,326.25192767266293,-38.50192767266293
91363,270.775,309.3088858511139,-38.53389195462955
12500,512.0,550.562741293759,-38.56274129375902
154706,958.0,996.5970599576602,-38.597059957660235
20584,30.52,69.140539141848,-38.62053868408432
5258,55.05,93.69021088726765,-38.64021165020711
202829,121.47,160.13233995148073,-38.662338730777606
81881,85.3,123.96557221326145,-38.66556916150364
65657,409.4,448.0672156416802,-38.66722174519583
142672,73.572,112.2596150432741,-38.68761644708269
150318,536.5,575.1932973330046,-38.69329733300458
51732,25.47,64.18494614572003,-38.71494683236554
99700,83.54,122.26493246147383,-38.72493154594649
193723,125.0,163.727659602302,-38.727659602302
305268,79.2465,117.98425630868269,-38.73775820077253
305268,79.2228,117.98425630868269,-38.761455100186595
86465,117.25,156.01211916823806,-38.76211916823806
16500,44.81,83.5948751998898,-38.78487382659878
60100,152.825,191.61497745035555,-38.789980502113366
356000,118.56,157.35920943052133,-38.79921187192758
47934,92.6,131.41217723766079,-38.81217876353969
95100,63.21,102.09205448865687,-38.882055404184214
36744,90.72,129.61788150425338,-38.89788028355025
66121,95.0,133.9063732487111,-38.906373248711105
77844,48.64,87.54997850088311,-38.90997911123468
60977,19.1,58.02815912623764,-38.92815874476791
85623,32.0,70.96031609100551,-38.96031609100551
53000,42.44,81.41279764632372,-38.97279901961474
82789,22.02,60.999096465550636,-38.979096007786964
20584,30.15,69.140539141848,-38.99053952331772
207115,436.323,475.3141157367733,-38.99111768989832
161969,148.0,187.00168758470028,-39.00168758470028
74682,162.09,201.0963092056237,-39.00631286773307
157933,216.925,255.94139935814349,-39.01639630638567
60977,19.0,58.02815912623764,-39.02815912623764
202937,358.0,397.02891710963456,-39.02891710963456
118966,83.71,122.76227916901412,-39.052280084541465
134114,118.18,157.2748331863624,-39.09483288118662
103200,304.76,343.91486905530076,-39.154859289675755
192152,429.073,468.2316859119968,-39.158687865121806
104016,60.25,99.45519738358038,-39.20519738358038
64583,110.47,149.69151407222267,-39.22151285151955
60606,133.96,173.18415925996723,-39.22415254610004
229973,348.0,387.22993546013765,-39.22993546013765
81580,200.5,239.73292916022604,-39.232929160226035
108392,52.0,91.23442179468206,-39.23442179468206
171008,193.8,233.07422841268232,-39.274225360924504
133100,93.489,132.7679573791534,-39.27895896606745
62800,86.13,125.41469576714209,-39.28469851372412
46484,70.82,110.11349258468039,-39.29349288985617
150673,109.627,148.92755080784673,-39.30055190647954
240026,125.925,165.23582793875096,-39.310824886993146
83043,244.5,283.8124254486754,-39.31242544867541
72332,180.015,219.3387453443446,-39.323745954696165
77500,43.59,82.92114105555942,-39.331140902971526
152559,258.031,297.36405343594816,-39.333047576573165
64583,110.34,149.69151407222267,-39.35151773433205
53000,42.02,81.41279764632372,-39.39279718856005
60977,18.6,58.02815912623764,-39.42815874476791
23803,33.08,72.51044761749381,-39.43044578643912
492898,383.0,422.440029221261,-39.440029221261
94399,41.6425,81.09548138969086,-39.45297955863617
118966,83.3,122.76227916901412,-39.46227611725631
22101,34.25,73.71617728775752,-39.46617728775752
52141,42.4651,81.9438004329225,-39.478701098205704
205141,167.0,206.49000208006953,-39.49000208006953
62205,62.2,101.70138266734581,-39.50138190440636
43992,205.54,245.07974080121127,-39.53974751507846
245637,187.0,226.5695228239282,-39.569522823928196
21472,22.3,61.897768973311585,-39.59776973625104
138316,296.6,336.2114132903778,-39.61140718686215
86714,28.1475,67.76092386176282,-39.61342477729016
118338,372.375,411.99979701573363,-39.624797015733634
160673,444.5,484.13695989998547,-39.63695989998547
156483,496.006,535.6525644701712,-39.6465525072806
64583,110.01,149.69151407222267,-39.681511935992205
65000,56.73,96.43054910446315,-39.700549562226826
168696,66.0,105.70833076013291,-39.70833076013291
83800,89.87,129.58576344164652,-39.71576069506449
66600,25.63,65.40980640194115,-39.77980724117455
86714,27.9625,67.76092386176282,-39.798424243232546
33743,62.38,102.18416684786591,-39.804165779750676
70832,104.07,143.88471041364593,-39.814710718821715
184098,587.323,627.1424160075418,-39.81941796066678
103800,32.88,72.70178334957741,-39.82178228146218
74443,140.901,180.73524468056496,-39.83424370400246
150673,109.052,148.92755080784673,-39.87554885472173
41861,0.0,39.88969071725503,-39.88969071725503
41861,0.0,39.88969071725503,-39.88969071725503
41861,0.0,39.88969071725503,-39.88969071725503
41861,0.0,39.88969071725503,-39.88969071725503
41861,0.0,39.88969071725503,-39.88969071725503
41861,0.0,39.88969071725503,-39.88969071725503
41861,0.0,39.88969071725503,-39.88969071725503
41861,0.0,39.88969071725503,-39.88969071725503
30160,3.5,43.398355647414725,-39.898355647414725
47275,39.4,79.31726861495288,-39.917267089073974
130067,193.0,232.91878450263349,-39.918784502633486
65000,56.51,96.43054910446315,-39.92055078292995
150887,68.362,108.29999420021122,-39.937994688492466
21469,0.0,39.94433602651463,-39.94433602651463
21469,0.0,39.94433602651463,-39.94433602651463
47439,113.7,153.64556906179624,-39.94557211355405
132518,175.5,215.4556585677141,-39.955658567714096
178270,18.074,58.04955479367146,-39.975555388764235
179559,493.07,533.0834721915626,-40.01346486734383
22334,51.59,91.61699688537199,-40.0269967327841
60977,18.0,58.02815912623764,-40.02815912623764
157545,141.975,182.01542427431616,-40.040418170800535
45240,51.4848,91.53120554385463,-40.04640711245814
28862,33.23,73.31426962211711,-40.08427007988078
130581,86.25,126.33973507717745,-40.08973507717745
15876,44.2299,84.36521756420449,-40.13531720409706
53000,41.23,81.41279764632372,-40.1827981040874
237704,148.284,188.4720388998697,-40.18804231783844
153700,752.457,792.6468324129391,-40.1898621980954
85732,136.097,176.32713159648773,-40.23013147441742
51732,23.95,64.18494614572003,-40.23494538278058
118338,371.75,411.99979701573363,-40.249797015733634
56497,145.7,185.96325235934196,-40.26325541109978
305268,77.694,117.98425630868269,-40.29025606454206
51732,23.89,64.18494614572003,-40.294946756071596
63847,194.425,234.73177876872276,-40.30677571696495
60977,17.7,58.02815912623764,-40.328158363298186
51732,23.85,64.18494614572003,-40.33494576425031
9000,9.11,49.45146011673637,-40.341460460059125
114166,124.34,164.74919753445585,-40.40920119656522
60977,17.6,58.02815912623764,-40.42815874476791
150887,67.848,108.29999420021122,-40.45199462745731
70800,60.13,100.59692575143912,-40.46692468332388
809530,132.2,172.67594423419908,-40.47594728595689
282152,154.0,194.49510441076836,-40.49510441076836
70800,60.1,100.59692575143912,-40.49692727731802
113580,82.5,123.04470541110781,-40.54470541110781
563782,566.0,606.5622168709724,-40.56221687097241
22000,20.59,61.16436187749794,-40.57436172491005
105000,192.44,233.0179597824745,-40.57795734106824
305268,77.386,117.98425630868269,-40.598254721768626
126960,218.175,258.7759994820021,-40.600996430244265
84300,55.19,95.86388601390425,-40.673887387195265
48392,189.069,229.75574595331832,-40.6867457091777
168696,65.0,105.70833076013291,-40.70833076013291
216526,83.43,124.14765509578125,-40.717654790605465
53000,40.69,81.41279764632372,-40.72279901961474
150673,108.18,148.92755080784673,-40.74755050267095
250000,973.261,1014.0126709648727,-40.751684636747655
94399,40.3375,81.09548138969086,-40.757979863811954
51732,23.42,64.18494614572003,-40.76494606942609
301307,203.0,243.78480482531464,-40.78480482531464
387638,21.9102,62.709790158800075,-40.79959003978152
120836,633.0,673.8223967752388,-40.82239677523876
102957,51.4,92.28592317149574,-40.88592164561683
109588,405.391,446.27715079315226,-40.88615958221476
73200,77.13,118.01822999378687,-40.888232740368906
64113,41.1,82.02477535511987,-40.92477688099878
118966,81.81,122.76227916901412,-40.95228161042037
225014,128.0,168.96841801675487,-40.96841801675487
155807,58.0,98.97552938451851,-40.97552938451851
53303,384.2,425.19307893756763,-40.993066730536384
187174,311.411,352.41482775024036,-41.00381700805286
66600,24.39,65.40980640194115,-41.019807012292716
60977,17.0,58.02815912623764,-41.02815912623764
202937,356.0,397.02891710963456,-41.02891710963456
180806,379.0,420.0418057164399,-41.04180571643991
46484,69.05,110.11349258468039,-41.063489532922574
350000,289.12,330.21671316976483,-41.09671805257733
273234,858.538,899.6352102204693,-41.097185318125526
118966,81.65,122.76227916901412,-41.112277643135215
83043,242.7,283.8124254486754,-41.112428500433225
60977,16.9,58.02815912623764,-41.128159507707366
182500,146.1,187.2399092969563,-41.13990319344069
194441,651.213,692.3594942510504,-41.146481555737864
115788,210.481,251.64614657717954,-41.16514376956235
85732,135.161,176.32713159648773,-41.166136113089294
461647,1119.72,1160.9033059683068,-41.18333526518177
48411,157.49,198.68188181110997,-41.19187631794591
118966,81.57,122.76227916901412,-41.1922794741899
809530,131.47,172.67594423419908,-41.205943013495954
95100,60.87,102.09205448865687,-41.222055556772105
229973,346.0,387.22993546013765,-41.22993546013765
258491,147.0,188.27621293718522,-41.27621293718522
111635,91.57,132.87572876588484,-41.305729071060625
16584,55.6358,96.98286491978654,-41.34706551182755
94399,39.665,81.09548138969086,-41.43048047416352
46484,68.68,110.11349258468039,-41.433492279504605
180000,78.42,119.86262140486672,-41.4426232359214
183460,389.46,430.91710310797566,-41.45711165289754
60100,150.125,191.61497745035555,-41.48997745035555
245637,185.0,226.5695228239282,-41.569522823928196
45224,31.74,73.32295407489268,-41.582954303774514
64113,40.44,82.02477535511987,-41.58477672841089
44564,45.0,86.620599200529,-41.620599200529
131745,38.021,79.67019960302535,-41.64919969457809
216526,82.47,124.14765509578125,-41.67765387507812
150318,533.5,575.1932973330046,-41.69329733300458
177216,489.0,530.6950493438038,-41.69504934380382
177216,489.0,530.6950493438038,-41.69504934380382
98829,67.24,108.94827957708048,-41.70828171331095
168696,64.0,105.70833076013291,-41.70833076013291
168696,64.0,105.70833076013291,-41.70833076013291
168696,64.0,105.70833076013291,-41.70833076013291
81580,198.0,239.73292916022604,-41.732929160226035
125507,296.75,338.54081004480196,-41.79081004480196
47984,45.3,87.09741906155259,-41.79741982449204
63348,312.07,353.8889700163009,-41.81896269208215
181805,414.0,455.8272082897085,-41.827208289708494
181805,414.0,455.8272082897085,-41.827208289708494
56388,31.0839,72.92864052983418,-41.84474007817403
40451,30.675,72.52081961435991,-41.84582037729936
182500,145.36,187.2399092969563,-41.87990868660475
64153,11.8653,53.75432503284644,-41.889024854318606
237704,146.581,188.4720388998697,-41.89104524752594
809530,130.78,172.67594423419908,-41.895945454902204
94175,321.4,363.3058689234733,-41.90587502698895
130067,191.0,232.91878450263349,-41.918784502633486
116121,397.499,439.4376124274744,-41.93861950755252
30543,44.04,85.98134994425105,-41.94134902872371
428647,1318.0,1359.9465007974802,-41.94650079748021
193202,101.952,143.90187591967418,-41.949872440670276
95100,60.12,102.09205448865687,-41.972055556772105
89858,18.5085,60.5010461969114,-41.99254705140359
131797,6.73,48.735275697307706,-42.00527567823422
60977,16.0,58.02815912623764,-42.02815912623764
160673,442.1,484.13695989998547,-42.036953796469845
100481,324.25,366.3107338222408,-42.06073382224082
105505,26.42,68.48450060075061,-42.06450052445666
271300,72.49,114.56615837559549,-42.07616051182596
21903,34.7,76.80909051279772,-42.10908974985827
170000,130.04,172.17640488176923,-42.13641159563642
111518,201.725,243.8752585977585,-42.150252494242864
53303,383.025,425.19307893756763,-42.16808504108326
15876,42.1959,84.36521756420449,-42.16931760082558
153299,122.545,164.7466338017977,-42.2016356328524
84300,53.64,95.86388601390425,-42.22388662425581
70837,148.42,190.64544667279523,-42.22544850384992
47439,111.39,153.64556906179624,-42.2555696721478
150673,106.65,148.92755080784673,-42.27754928196782
66661,97.412,139.72083062382745,-42.30882806035089
56137,0.0,42.3111057578752,-42.3111057578752
22000,18.81,61.16436187749794,-42.354362411555556
64818,35.9833,78.37583279247283,-42.39253353710174
105000,190.62,233.0179597824745,-42.39796466528699
45305,34.6275,77.05402755879665,-42.42652893208766
69600,58.48,100.95469507941164,-42.47469553717531
51920,48.2,90.69577192860044,-42.49577116566098
142672,69.761,112.2596150432741,-42.49861345636003
148101,112.09,154.5936055795324,-42.50360924164178
86465,113.5,156.01211916823806,-42.51211916823806
89770,117.82,160.3422818375774,-42.52228214275317
33743,59.66,102.18416684786591,-42.5241670004538
381221,462.478,505.0185808444137,-42.540584018241816
243072,390.425,432.9709513137315,-42.54596352076277
171008,190.525,233.07422841268232,-42.54923451619794
117814,23.575,66.13522308584638,-42.560222322906924
12500,508.0,550.562741293759,-42.56274129375902
57201,44.015,86.58520628039662,-42.57020689074818
38686,156.306,198.87820013820019,-42.57220038234081
84300,53.29,95.86388601390425,-42.573885098376905
450000,1193.13,1235.7242122358653,-42.59420735305275
154706,954.0,996.5970599576602,-42.597059957660235
679614,58.291,100.91892446498059,-42.627924098769654
171008,190.425,233.07422841268232,-42.649225360924504
205472,326.15,368.8126989194217,-42.6627050229373
70042,166.767,209.54633916512242,-42.77934087410679
45305,34.2575,77.05402755879665,-42.79652786397243
131797,5.93,48.735275697307706,-42.80527586896908
118966,79.95,122.76227916901412,-42.812282220771934
137065,97.35,140.1744496529808,-42.824451178859704
105505,25.66,68.48450060075061,-42.8245007533385
101262,97.93,140.76445811348955,-42.83445780831377
91149,510.306,553.2333649124221,-42.9273651565627
47439,110.68,153.64556906179624,-42.965568756620456
65657,405.1,448.0672156416802,-42.96720953816458
22000,18.19,61.16436187749794,-42.97436134344032
159384,300.0,343.0014627080198,-43.0014627080198
161969,144.0,187.00168758470028,-43.00168758470028
86091,283.25,326.25192767266293,-43.00192767266293
233341,154.0,197.0319609342693,-43.03196093426931
137046,0.6,43.6419614849979,-43.04196146115604
131797,5.68,48.735275697307706,-43.05527586896908
150673,105.862,148.92755080784673,-43.06555129612798
65657,405.0,448.0672156416802,-43.06721564168021
180000,76.77,119.86262140486672,-43.09262476180031
75929,426.517,469.61170027226115,-43.09470198124552
71088,92.0,135.09937514591948,-43.09937514591948
109588,403.161,446.27715079315226,-43.11614005096476
33743,59.05,102.18416684786591,-43.13416761080536
150887,65.146,108.29999420021122,-43.153990477066685
70800,57.41,100.59692575143912,-43.18692590402701
125507,295.325,338.54081004480196,-43.21579783777071
81580,196.5,239.73292916022604,-43.232929160226035
155807,55.7,98.97552938451851,-43.275528621579056
237546,435.656,478.93568516009276,-43.27967930071776
233863,244.9,288.1978690022786,-43.29787510579422
34072,0.0,43.31795448611616,-43.31795448611616
34072,0.0,43.31795448611616,-43.31795448611616
34072,0.0,43.31795448611616,-43.31795448611616
34072,0.0,43.31795448611616,-43.31795448611616
34072,0.0,43.31795448611616,-43.31795448611616
34072,0.0,43.31795448611616,-43.31795448611616
110000,52.66,95.97805314507585,-43.31805329766374
69600,57.63,100.95469507941164,-43.3246940112964
179559,489.74,533.0834721915626,-43.34348195718758
288800,590.99,634.3435119042247,-43.35352166984967
101400,63.68,107.08104859584117,-43.401048290665386
170000,128.75,172.17640488176923,-43.42640488176923
105000,189.59,233.0179597824745,-43.42796344458387
45305,33.62,77.05402755879665,-43.43402862691188
111623,133.0,176.4388686973958,-43.438868697395804
47984,43.62,87.09741906155259,-43.47742012966782
55516,107.391,150.86933596327978,-43.47833712294775
110000,52.48,95.97805314507585,-43.49805360283952
42755,28.0,71.50197785423241,-43.50197785423241
53130,55.2874,98.80295451665741,-43.51555522466522
183460,387.4,430.91710310797566,-43.51710921149129
394000,624.41,667.9862093220904,-43.57623617755917
51920,47.11,90.69577192860044,-43.585771318248874
137046,0.0541,43.6419614849979,-43.58786148562971
237704,144.875,188.4720388998697,-43.59703889986969
139113,40.9,84.50359798919082,-43.603596463311916
68094,271.659,315.273054807729,-43.61405822569776
118338,368.375,411.99979701573363,-43.624797015733634
87200,147.0,190.6397543469163,-43.639754346916305
130794,67.375,111.03177508704026,-43.65677508704026
109588,402.573,446.27715079315226,-43.70415274627726
22000,17.46,61.16436187749794,-43.70436279302528
29469,0.1365,43.84579213733377,-43.70929213638009
29469,0.0683,43.84579213733377,-43.777492136010544
22000,17.38,61.16436187749794,-43.78436271673134
29469,0.0,43.84579213733377,-43.84579213733377
29469,0.0,43.84579213733377,-43.84579213733377
29469,0.0,43.84579213733377,-43.84579213733377
29469,0.0,43.84579213733377,-43.84579213733377
180000,75.98,119.86262140486672,-43.88261804793312
261091,200.507,244.39647565772987,-43.88947187355018
130067,189.0,232.91878450263349,-43.918784502633486
213762,93.2501,137.22416557729,-43.97406639516109
161969,143.0,187.00168758470028,-44.00168758470028
139113,40.5,84.50359798919082,-44.00359798919082
120836,629.817,673.8223967752388,-44.00538017367626
233341,153.0,197.0319609342693,-44.03196093426931
150887,64.2662,108.29999420021122,-44.03379699562137
108971,107.1,151.15234512631167,-44.05234665219058
43992,201.01,245.07974080121127,-44.069746294375335
408000,636.41,680.4859150027135,-44.075941858182205
118966,78.68,122.76227916901412,-44.08227886383834
25401,0.0,44.083301216440105,-44.083301216440105
154706,952.5,996.5970599576602,-44.097059957660235
118858,400.914,445.0934769183514,-44.17947545350768
88486,56.32,100.51803659247284,-44.19803689764862
75929,425.4,469.61170027226115,-44.21170637577677
155882,316.0,360.2133095557216,-44.213309555721594
108392,47.0,91.23442179468206,-44.23442179468206
131745,35.412,79.67019960302535,-44.258200854246056
258491,144.0,188.27621293718522,-44.27621293718522
157070,134.92,179.19819036012302,-44.27819219117771
387638,18.4291,62.709790158800075,-44.28069012217898
31666,220.692,264.98099477752817,-44.28899343475473
180000,75.57,119.86262140486672,-44.292621710042496
305268,73.6488,117.98425630868269,-44.33545259774519
133594,49.7,94.05099893609146,-44.35099817315201
150673,104.575,148.92755080784673,-44.35255385960454
216050,178.0,222.36267831293594,-44.36267831293594
142901,185.2,229.5892728283069,-44.3892758800647
150887,63.9035,108.29999420021122,-44.39649459693973
45305,32.6425,77.05402755879665,-44.41152572774196
109588,401.857,446.27715079315226,-44.42015616424601
62205,57.27,101.70138266734581,-44.43138220958214
53303,380.75,425.19307893756763,-44.443078937567634
132394,158.0,202.47204672042318,-44.47204672042318
42755,27.0,71.50197785423241,-44.50197785423241
177708,119.0,163.50905549379706,-44.509055493797064
86465,111.5,156.01211916823806,-44.51211916823806
288800,589.82,634.3435119042247,-44.52350458000592
45305,32.52,77.05402755879665,-44.534027101032976
150887,63.7555,108.29999420021122,-44.544493406754185
100481,321.75,366.3107338222408,-44.56073382224082
181328,196.0,240.56206754538536,-44.56206754538536
98900,96.73,141.2952021662272,-44.565198809293605
125701,279.9,324.4719536659452,-44.57195976946082
69600,56.37,100.95469507941164,-44.58469614752687
139113,39.9,84.50359798919082,-44.603596463311916
84300,51.25,95.86388601390425,-44.61388601390425
182500,142.62,187.2399092969563,-44.61991417976881
553210,351.75,396.39464826051767,-44.64464826051767
134114,112.58,157.2748331863624,-44.69483135530771
128682,12.8571,57.58399398001554,-44.72689444693449
148101,109.85,154.5936055795324,-44.743607105411314
186840,95.25,140.009430268829,-44.75943026882899
153999,143.0,187.80271157268805,-44.802711572688054
819577,1523.04,1567.879015226122,-44.838976163621965
69400,46.67,91.51270432346128,-44.842706154515966
154706,951.75,996.5970599576602,-44.847059957660235
69876,147.6,192.45281586928834,-44.85280976577272
22000,16.3,61.16436187749794,-44.86436264043739
45305,32.18,77.05402755879665,-44.874027253620866
150887,63.4225,108.29999420021122,-44.877493589859654
376507,158.32,203.21563190985316,-44.89562458563441
503634,471.0,515.8994400356414,-44.89944003564142
139113,39.6,84.50359798919082,-44.90359951506973
35605,41.4078,86.37710753881348,-44.96930877172363
420885,887.629,932.7145570248197,-45.08552870450717
91363,264.153,309.3088858511139,-45.15587071439518
35033,27.93,73.16281797532928,-45.232817670153494
183460,385.67,430.91710310797566,-45.24708968024129
399331,444.0,489.2977917993175,-45.29779179931751
69600,55.64,100.95469507941164,-45.3146956897632
73200,72.64,118.01822999378687,-45.37823060413844
126985,59.13,104.52932854178425,-45.39932747366902
214505,742.15,787.6107948569525,-45.46077044288995
100813,158.349,203.85520093123887,-45.50620190780137
136522,87.425,132.94986803481342,-45.52486498305561
85732,130.77,176.32713159648773,-45.557127324026794
875000,1434.21,1479.7770206063994,-45.56705966889945
84300,50.23,95.86388601390425,-45.63388647166792
70800,54.91,100.59692575143912,-45.68692590402701
48411,152.99,198.68188181110997,-45.69187631794591
66013,26.1509,71.85826474655329,-45.70736485946833
193723,118.0,163.727659602302,-45.727659602302
327256,883.57,929.3100436754685,-45.74003635124973
182500,141.48,187.2399092969563,-45.75991356941725
111360,83.5,129.3188353434009,-45.818835343400906
64743,96.5708,142.47266701093585,-45.90186622968585
19446,15.6667,61.575486210799156,-45.908785847639976
74682,155.09,201.0963092056237,-46.00631286773307
186840,94.0,140.009430268829,-46.00943026882899
186840,94.0,140.009430268829,-46.00943026882899
74682,155.07,201.0963092056237,-46.02630188140495
129532,65.012,111.06161541494338,-46.04961437734572
174924,196.0,242.05418410596482,-46.05418410596482
420885,886.641,932.7145570248197,-46.07356581388217
30525,167.84,213.9148967881912,-46.07490045030056
150887,62.2017,108.29999420021122,-46.09829589698856
118489,208.343,254.45819482874495,-46.11519250940901
111424,44.974,91.09185346291108,-46.117854439473575
102856,60.48,106.60952837424533,-46.129528832009
131271,338.4,384.5447051295255,-46.14471123304111
26187,52.58,98.76715630555593,-46.18715447450124
139113,38.3,84.50359798919082,-46.203598752130276
218024,141.0,187.21198291919106,-46.21198291919106
155882,314.0,360.2133095557216,-46.213309555721594
47275,33.1,79.31726861495288,-46.217270140831786
182500,141.01,187.2399092969563,-46.229914790120375
36180,227.0,273.2553258757108,-46.25532587571081
29775,140.375,186.63343886940194,-46.25843886940194
68094,268.929,315.273054807729,-46.344069212025886
69600,54.6,100.95469507941164,-46.35469660529054
19823,75.625,122.00064198061145,-46.37564198061145
169290,177.175,223.58796070879634,-46.41295765703853
69600,54.53,100.95469507941164,-46.42469630011476
426472,316.0,362.4585585652382,-46.45855856523821
47934,84.95,131.41217723766079,-46.4621802894186
99700,75.79,122.26493246147383,-46.47493154594649
118489,207.965,254.45819482874495,-46.493198490854326
99325,116.56,163.07313549076477,-46.51313793217102
52141,35.3944,81.9438004329225,-46.54939888262953
245637,180.0,226.5695228239282,-46.569522823928196
102856,60.04,106.60952837424533,-46.569527458717985
155682,79.37,125.95948568358907,-46.589482937007034
139113,37.9,84.50359798919082,-46.603596463311916
36744,82.86,129.61788150425338,-46.75788089390181
19446,14.7917,61.575486210799156,-46.783785847639976
85732,129.527,176.32713159648773,-46.80013879863617
64113,35.22,82.02477535511987,-46.804774134416746
102856,59.76,106.60952837424533,-46.849530052712126
139113,37.6,84.50359798919082,-46.90359951506973
219608,492.76,539.7020694380294,-46.94205967240441
205472,321.83,368.8126989194217,-46.98271234715605
58041,0.0,47.05703520932854,-47.05703520932854
76903,0.0,47.067730689326375,-47.067730689326375
76903,0.0,47.067730689326375,-47.067730689326375
76903,0.0,47.067730689326375,-47.067730689326375
76903,0.0,47.067730689326375,-47.067730689326375
121062,20.4,67.47481075878693,-47.07481114025666
184098,580.065,627.1424160075418,-47.07741356613553
43992,197.99,245.07974080121127,-47.08973530804721
35605,39.2678,86.37710753881348,-47.10930816137207
77469,163.15,210.3204192567057,-47.170425360221316
151637,622.59,669.7913889476829,-47.20136209221414
22000,13.95,61.16436187749794,-47.2143620682328
69600,53.74,100.95469507941164,-47.21469340094484
174601,163.0,210.2189108675609,-47.21891086756091
111195,124.0,171.2247750857169,-47.224775085716914
157933,208.675,255.94139935814349,-47.26639630638567
258491,141.0,188.27621293718522,-47.27621293718522
394000,620.67,667.9862093220904,-47.31622641193417
72193,67.15,114.48018878073024,-47.33018725485134
153299,117.378,164.7466338017977,-47.36863544974693
179559,485.67,533.0834721915626,-47.4134587638282
47275,31.9,79.31726861495288,-47.41726899642261
91273,80.8,128.24550737497643,-47.445504323218614
182500,139.74,187.2399092969563,-47.49990380379225
66013,24.3557,71.85826474655329,-47.50256520736872
99325,115.56,163.07313549076477,-47.51313793217102
56995,213.318,260.90920928900937,-47.59121612494687
139113,36.9,84.50359798919082,-47.603596463311916
139113,36.9,84.50359798919082,-47.603596463311916
22000,13.51,61.16436187749794,-47.6543616486161
47439,105.97,153.64556906179624,-47.67556784109311
69400,43.83,91.51270432346128,-47.68270249240659
104016,51.75,99.45519738358038,-47.70519738358038
34565,93.1274,140.87871062522328,-47.751307365945934
144900,168.0,215.83014309855787,-47.83014309855787
131745,31.819,79.67019960302535,-47.85119935888473
66200,54.07,101.95519577413693,-47.885196079312706
408000,632.6,680.4859150027135,-47.885939416775955
166856,235.825,283.73101376496606,-47.90601681672388
77469,162.4,210.3204192567057,-47.920425360221316
62837,200.446,248.40557204283598,-47.95957289732817
90400,357.66,405.68319902028577,-48.023195358176395
233341,149.0,197.0319609342693,-48.03196093426931
50327,0.0,48.03663620557968,-48.03663620557968
174924,194.0,242.05418410596482,-48.05418410596482
193960,114.0,162.09759348154546,-48.09759348154546
139113,36.4,84.50359798919082,-48.103596463311916
48392,181.561,229.75574595331832,-48.19474131464645
155100,132.13,180.34137910352257,-48.21137422071007
283000,332.73,380.99160520837177,-48.26159422204364
258491,140.0,188.27621293718522,-48.27621293718522
745671,938.0,986.2969036256823,-48.29690362568226
134114,108.97,157.2748331863624,-48.304831965659275
35605,38.0634,86.37710753881348,-48.31370727025879
75929,421.183,469.61170027226115,-48.42868635624552
111623,128.0,176.4388686973958,-48.438868697395804
104016,51.0,99.45519738358038,-48.45519738358038
95079,139.2,187.66992448650547,-48.46992753826328
66013,23.3839,71.85826474655329,-48.474365057832586
84300,47.38,95.86388601390425,-48.483884945789015
282152,146.0,194.49510441076836,-48.49510441076836
69600,52.45,100.95469507941164,-48.50469431647218
88300,128.22,176.75424031376585,-48.53423909306272
114166,116.187,164.74919753445585,-48.56220107449491
563782,558.0,606.5622168709724,-48.56221687097241
59498,0.0,48.57663055786556,-48.57663055786556
214252,0.0,48.602601422703465,-48.602601422703465
275610,85.73,134.3808477991984,-48.6508444422648
55516,102.202,150.86933596327978,-48.667332484275875
393530,491.0,539.6929860816812,-48.69298608168117
177216,482.0,530.6950493438038,-48.69504934380382
205472,320.09,368.8126989194217,-48.72270258153105
180806,371.312,420.0418057164399,-48.72979399768991
56388,24.1839,72.92864052983418,-48.7447396967043
162549,71.4686,120.2215696136214,-48.75297220151202
157545,133.254,182.01542427431616,-48.761426471581785
275610,85.605,134.3808477991984,-48.7758444422648
143093,110.78,159.5636615206117,-48.78366274131483
234819,192.0,240.80216072390851,-48.802160723908514
99975,235.41,284.2229488047075,-48.81294514259815
94399,32.28,81.09548138969086,-48.815482610393985
56629,35.75,84.602373841273,-48.85237384127301
69600,52.08,100.95469507941164,-48.87469324835695
45305,28.155,77.05402755879665,-48.89902687215114
250000,965.058,1014.0126709648727,-48.954687566435155
199722,154.936,203.93255756137344,-48.99655292270157
161969,138.0,187.00168758470028,-49.00168758470028
86091,277.25,326.25192767266293,-49.00192767266293
219608,490.68,539.7020694380294,-49.02207676224816
278795,176.45,225.4772542573112,-49.027257309069
83800,80.52,129.58576344164652,-49.065766798580114
442438,1533.94,1583.0083855525718,-49.06844414632178
155807,49.9,98.97552938451851,-49.0755278586396
205472,319.72,368.8126989194217,-49.09269769871855
69600,51.86,100.95469507941164,-49.09469446906007
179559,483.98,533.0834721915626,-49.10346120523445
179115,400.0,449.11223049695457,-49.11223049695457
112536,115.1,164.22713646287875,-49.12713798875765
170000,123.03,172.17640488176923,-49.146406102472355
149762,824.3,873.4518663680286,-49.15187857505987
131212,192.243,241.40590339222342,-49.16290717640311
157545,132.852,182.01542427431616,-49.16341926943335
37265,45.3,94.48063016843949,-49.18063093137894
150318,526.0,575.1932973330046,-49.19329733300458
131710,147.31,196.5228638995413,-49.212866340947556
72800,26.61,75.8490683537759,-49.23906774342434
108971,101.85,151.15234512631167,-49.30234665219058
69600,51.64,100.95469507941164,-49.3146956897632
98829,59.58,108.94827957708048,-49.3682777460258
43992,195.71,245.07974080121127,-49.369734087344085
262156,225.092,274.5210589133958,-49.42906367413798
111623,127.0,176.4388686973958,-49.438868697395804
125701,275.02,324.4719536659452,-49.45196465227332
57436,1.2898,50.76909114129893,-49.47929109342448
4071,28.35,77.86951697258688,-49.51951659111715
152312,417.175,466.7172848802885,-49.54229708731975
58562,91.15,140.74267598829437,-49.59267446241546
155682,76.31,125.95948568358907,-49.649488124995315
43992,195.42,245.07974080121127,-49.65974263226596
91316,72.0,121.72889418449093,-49.728894184490926
88486,50.76,100.51803659247284,-49.758038270939636
63348,304.12,353.8889700163009,-49.7689748991134
5258,43.92,93.69021088726765,-49.77021271832234
133100,82.875,132.7679573791534,-49.89295737915339
124289,0.0,49.89351455405133,-49.89351455405133
124289,0.0,49.89351455405133,-49.89351455405133
124289,0.0,49.89351455405133,-49.89351455405133
124289,0.0,49.89351455405133,-49.89351455405133
69400,41.59,91.51270432346128,-49.92270417087339
237702,331.0,380.97897339947025,-49.97897339947025
94399,31.08,81.09548138969086,-50.015481465984806
79949,116.013,166.07517786095895,-50.062177372677695
30543,35.89,85.98134994425105,-50.09135055460261
45305,26.9375,77.05402755879665,-50.11652755879665
69400,41.3,91.51270432346128,-50.21270508640073
56388,22.6971,72.92864052983418,-50.23154084416524
258491,138.0,188.27621293718522,-50.27621293718522
207115,425.03,475.3141157367733,-50.28411695747644
62837,198.119,248.40557204283598,-50.28656874693755
110000,45.69,95.97805314507585,-50.28805451836686
113580,72.75,123.04470541110781,-50.29470541110781
113580,72.75,123.04470541110781,-50.29470541110781
399331,439.0,489.2977917993175,-50.29779179931751
45305,26.7425,77.05402755879665,-50.311527253620866
73597,40.842,91.18746475932662,-50.34546570537154
21539,77.6,127.95131600271785,-50.35131752859675
110000,45.62,95.97805314507585,-50.35805421319108
98829,58.59,108.94827957708048,-50.35827942449259
153299,114.372,164.7466338017977,-50.374632153848495
74682,150.71,201.0963092056237,-50.38630249175651
128126,475.525,525.9228669774627,-50.39787308097834
4607,21.7597,72.19877123485193,-50.43907045970545
207115,424.859,475.3141157367733,-50.45510694771082
104016,49.0,99.45519738358038,-50.45519738358038
169290,173.125,223.58796070879634,-50.462960708796345
420885,882.248,932.7145570248197,-50.46657118497592
152312,416.25,466.7172848802885,-50.4672848802885
48994,16.69,67.15886980636122,-50.46886927230361
282152,144.0,194.49510441076836,-50.49510441076836
442438,1532.48,1583.0083855525718,-50.52840508382178
56388,22.3945,72.92864052983418,-50.53413979741231
45240,40.9879,91.53120554385463,-50.54330576358119
563782,556.0,606.5622168709724,-50.56221687097241
304333,1462.5,1513.0803304467377,-50.58033044673766
56388,22.3033,72.92864052983418,-50.62533967229024
51920,40.04,90.69577192860044,-50.65577101307309
69600,50.29,100.95469507941164,-50.66469416388429
77500,32.25,82.92114105555942,-50.67114105555942
88486,49.8,100.51803659247284,-50.71803735541229
126960,208.048,258.7759994820021,-50.72799533161145
140345,132.08,182.81018742598226,-50.730185594927576
57436,0.0334,50.76909114129893,-50.735691142157236
57436,0.0334,50.76909114129893,-50.735691142157236
57436,0.0166,50.76909114129893,-50.75249114155821
57436,0.0166,50.76909114129893,-50.75249114155821
57436,0.0166,50.76909114129893,-50.75249114155821
57436,0.0166,50.76909114129893,-50.75249114155821
57436,0.0166,50.76909114129893,-50.75249114155821
111424,40.232,91.09185346291108,-50.85985501930756
77844,36.67,87.54997850088311,-50.8799803319378
553210,345.48,396.39464826051767,-50.914637274189545
127632,302.0,352.9154120660212,-50.91541206602119
152312,415.762,466.7172848802885,-50.95529147208538
65657,397.1,448.0672156416802,-50.96720953816458
73488,91.9944,142.97411333186804,-50.97971330745398
118966,71.77,122.76227916901412,-50.992282525947715
129716,439.75,490.75596544221,-51.00596544221003
186840,89.0,140.009430268829,-51.00943026882899
73597,40.168,91.18746475932662,-51.01946549174849
4071,26.85,77.86951697258688,-51.01951659111715
150673,97.905,148.92755080784673,-51.02255202854985
66013,20.8222,71.85826474655329,-51.036063971406804
174924,191.0,242.05418410596482,-51.05418410596482
193960,111.0,162.09759348154546,-51.09759348154546
199722,152.832,203.93255756137344,-51.10055682895157
134114,106.15,157.2748331863624,-51.124831660483494
105000,181.88,233.0179597824745,-51.13795489966199
111518,192.7,243.8752585977585,-51.1752616495163
139113,33.3,84.50359798919082,-51.203598752130276
152312,415.467,466.7172848802885,-51.25027438224163
108971,99.875,151.15234512631167,-51.27734512631167
399331,438.0,489.2977917993175,-51.29779179931751
26507,7.9167,59.21928039186098,-51.302580505538955
243072,381.65,432.9709513137315,-51.32095741724714
53130,47.4379,98.80295451665741,-51.36505397344452
53130,47.4379,98.80295451665741,-51.36505397344452
4607,20.8002,72.19877123485193,-51.39857172618494
111623,125.0,176.4388686973958,-51.438868697395804
30143,241.275,292.7399584355604,-51.46496453907605
33743,50.71,102.18416684786591,-51.474167763393254
37265,43.0,94.48063016843949,-51.48063016843949
21657,0.0,51.485678818256744,-51.485678818256744
21657,0.0,51.485678818256744,-51.485678818256744
21657,0.0,51.485678818256744,-51.485678818256744
21657,0.0,51.485678818256744,-51.485678818256744
21657,0.0,51.485678818256744,-51.485678818256744
21657,0.0,51.485678818256744,-51.485678818256744
336650,1200.55,1252.0401643932785,-51.490115565153474
177708,112.0,163.50905549379706,-51.509055493797064
10932,0.0,51.52376941730643,-51.52376941730643
10932,0.0,51.52376941730643,-51.52376941730643
10932,0.0,51.52376941730643,-51.52376941730643
10932,0.0,51.52376941730643,-51.52376941730643
10932,0.0,51.52376941730643,-51.52376941730643
245637,175.0,226.5695228239282,-51.569522823928196
555243,395.28,446.860206871798,-51.58020809250115
111360,77.7,129.3188353434009,-51.61883839515872
48994,15.54,67.15886980636122,-51.6188698445082
75929,417.967,469.61170027226115,-51.64468977421427
43992,193.43,245.07974080121127,-51.64974812543002
126985,52.81,104.52932854178425,-51.71932716849324
194441,640.639,692.3594942510504,-51.720517200269114
122922,264.984,316.7091629641167,-51.72515417505417
65000,44.7,96.43054910446315,-51.7305483415237
239638,254.0,305.73217919994926,-51.73217919994926
45305,25.3,77.05402755879665,-51.7540283217361
180806,368.25,420.0418057164399,-51.79180571643991
43992,193.27,245.07974080121127,-51.809736528750335
155682,74.07,125.95948568358907,-51.88948598876485
283000,329.1,380.99160520837177,-51.89159910485614
109588,394.38,446.27715079315226,-51.89714591033976
127632,301.0,352.9154120660212,-51.91541206602119
77500,31.0,82.92114105555942,-51.92114105555942
225014,117.0,168.96841801675487,-51.96841801675487
36744,77.54,129.61788150425338,-52.07788058872603
142901,177.4,229.5892728283069,-52.189278931822514
155882,308.0,360.2133095557216,-52.213309555721594
111195,119.0,171.2247750857169,-52.224775085716914
220703,1251.14,1303.365986529714,-52.225971881276564
401753,218.1,270.35362210351707,-52.25361600000144
48392,177.466,229.75574595331832,-52.289742535349575
134748,222.547,274.85263650688063,-52.30563943656813
105505,16.17,68.48450060075061,-52.31450052445666
85732,123.993,176.32713159648773,-52.33413538066742
69600,48.58,100.95469507941164,-52.37469324835695
73597,38.781,91.18746475932662,-52.40646652934615
34565,88.4488,140.87871062522328,-52.429911491922496
77500,30.49,82.92114105555942,-52.43114128444125
153700,740.155,792.6468324129391,-52.49180311606415
60606,120.679,173.18415925996723,-52.50515840547504
10779,0.0,52.50951464063677,-52.50951464063677
10779,0.0,52.50951464063677,-52.50951464063677
10779,0.0,52.50951464063677,-52.50951464063677
10779,0.0,52.50951464063677,-52.50951464063677
10779,0.0,52.50951464063677,-52.50951464063677
10779,0.0,52.50951464063677,-52.50951464063677
153299,112.234,164.7466338017977,-52.512632642129745
53303,372.675,425.19307893756763,-52.518091144598884
4071,25.3,77.86951697258688,-52.56951773552633
105505,15.86,68.48450060075061,-52.62450094407336
43992,192.41,245.07974080121127,-52.6697371391019
199722,151.261,203.93255756137344,-52.67155597445938
99325,110.38,163.07313549076477,-52.6931382373468
150318,522.5,575.1932973330046,-52.69329733300458
153299,112.036,164.7466338017977,-52.710630689004745
262156,221.779,274.5210589133958,-52.74205195538798
86091,273.5,326.25192767266293,-52.75192767266293
94175,310.525,363.3058689234733,-52.78087502698895
142901,176.8,229.5892728283069,-52.78926977654908
102856,53.81,106.60952837424533,-52.79952700095431
553210,343.55,396.39464826051767,-52.84466046754892
4071,25.0,77.86951697258688,-52.86951697258688
86375,135.26,188.13447896477538,-52.874484457939445
132518,162.57,215.4556585677141,-52.885651243495346
503634,463.0,515.8994400356414,-52.89944003564142
234476,278.746,331.70978337316245,-52.96378117589683
55516,97.8837,150.86933596327978,-52.985638453514156
105505,15.46,68.48450060075061,-53.024500562603635
45305,24.0225,77.05402755879665,-53.03152847432399
233341,144.0,197.0319609342693,-53.03196093426931
233341,144.0,197.0319609342693,-53.03196093426931
30543,32.93,85.98134994425105,-53.05134963907527
332447,222.0,275.05455627048576,-53.05455627048576
156483,482.581,535.6525644701712,-53.07157081782748
282946,210.29,263.3754930126251,-53.08549972649229
278795,172.383,225.4772542573112,-53.09425865184244
153700,739.552,792.6468324129391,-53.09483045981415
25609,0.0,53.09767337235978,-53.09767337235978
25609,0.0,53.09767337235978,-53.09767337235978
131745,26.543,79.67019960302535,-53.12720033544723
103138,433.387,486.52717620877064,-53.140182800567516
294812,246.237,299.38857644367727,-53.151576931958516
112536,111.07,164.22713646287875,-53.15713676805453
110000,42.76,95.97805314507585,-53.218054823542644
90635,135.33,188.57160995302846,-53.24160812197377
192152,414.955,468.2316859119968,-53.27669933973118
113580,69.75,123.04470541110781,-53.29470541110781
104604,217.0,270.31630969883395,-53.31630969883395
271300,61.17,114.56615837559549,-53.39616020665018
16411,5.31,58.722898878588495,-53.412898935808954
16411,5.31,58.722898878588495,-53.412898935808954
16411,5.31,58.722898878588495,-53.412898935808954
16411,5.31,58.722898878588495,-53.412898935808954
16411,5.31,58.722898878588495,-53.412898935808954
370024,373.0,426.44080641084673,-53.44080641084673
152312,413.266,466.7172848802885,-53.451293669351
275610,80.8975,134.3808477991984,-53.483348714725736
83800,76.09,129.58576344164652,-53.495767103755895
129716,437.25,490.75596544221,-53.50596544221003
61274,151.038,204.63283170248116,-53.59483731771553
61274,151.038,204.63283170248116,-53.59483731771553
61274,151.031,204.63283170248116,-53.601825843106155
149704,53.0,106.69170156945394,-53.69170156945394
128126,472.224,525.9228669774627,-53.69886795402522
88480,80.5002,134.2215673236592,-53.72136895940139
91316,68.0,121.72889418449093,-53.728894184490926
43992,191.35,245.07974080121127,-53.72973469769565
77500,29.15,82.92114105555942,-53.771141437029144
91273,74.47,128.24550737497643,-53.7755061542733
157070,125.409,179.19819036012302,-53.78919377809177
90635,134.78,188.57160995302846,-53.79161117373158
181805,402.0,455.8272082897085,-53.827208289708494
130067,179.0,232.91878450263349,-53.918784502633486
169290,169.65,223.58796070879634,-53.93796681231197
86091,272.25,326.25192767266293,-54.00192767266293
193202,89.864,143.90187591967418,-54.037877506588245
133100,78.729,132.7679573791534,-54.03896110229792
19823,67.9583,122.00064198061145,-54.04234425111926
111424,37.013,91.09185346291108,-54.078852974629825
105791,118.45,172.5334976190286,-54.08350067078641
156483,481.534,535.6525644701712,-54.11856788813998
43992,190.96,245.07974080121127,-54.119734087344085
192152,414.099,468.2316859119968,-54.132686888559306
102856,52.47,106.60952837424533,-54.139527153542204
53303,371.05,425.19307893756763,-54.143091144598884
7043,0.0,54.159659748202486,-54.159659748202486
7043,0.0,54.159659748202486,-54.159659748202486
7043,0.0,54.159659748202486,-54.159659748202486
113988,73.05,127.23480903796708,-54.18480598620927
88480,80.0,134.2215673236592,-54.2215673236592
111195,117.0,171.2247750857169,-54.224775085716914
90635,134.31,188.57160995302846,-54.26161239443471
149762,819.175,873.4518663680286,-54.27687857505987
111518,189.525,243.8752585977585,-54.350264701274114
138316,281.8,336.2114132903778,-54.41142549740903
37265,40.0,94.48063016843949,-54.48063016843949
74682,146.6,201.0963092056237,-54.49630310210807
77500,28.41,82.92114105555942,-54.51114120814731
185200,139.0,193.64519216799664,-54.64519216799664
179559,478.37,533.0834721915626,-54.71347707437508
30543,31.25,85.98134994425105,-54.73134994425105
155100,125.61,180.34137910352257,-54.73137849317101
207115,420.569,475.3141157367733,-54.74511549263269
111518,189.1,243.8752585977585,-54.775252494242864
160673,429.35,484.13695989998547,-54.786953796469845
234819,186.0,240.80216072390851,-54.802160723908514
123612,164.2,219.01841243460865,-54.81841548636646
108971,96.325,151.15234512631167,-54.827348178069485
80942,128.321,183.1534888387348,-54.83248969322699
33012,0.0,54.84626325842555,-54.84626325842555
33012,0.0,54.84626325842555,-54.84626325842555
33012,0.0,54.84626325842555,-54.84626325842555
81881,69.1,123.96557221326145,-54.86557373914036
155682,71.06,125.95948568358907,-54.899488124995315
74682,146.18,201.0963092056237,-54.91631652984245
91149,498.293,553.2333649124221,-54.94036564484395
37265,39.5,94.48063016843949,-54.98063016843949
118858,390.013,445.0934769183514,-55.08047643007018
137065,85.07,140.1744496529808,-55.10444995815658
55516,95.6955,150.86933596327978,-55.1738327284165
350000,275.04,330.21671316976483,-55.176704624842955
91273,73.05,128.24550737497643,-55.195504323218614
99975,228.99,284.2229488047075,-55.232943311543465
162549,64.9618,120.2215696136214,-55.25976999203937
282946,208.04,263.3754930126251,-55.33549972649229
77500,27.51,82.92114105555942,-55.41114082667758
77469,154.89,210.3204192567057,-55.43041986705725
162549,64.764,120.2215696136214,-55.457569674656554
123612,163.55,219.01841243460865,-55.46840938285084
40950,107.9,163.43124028621995,-55.53123876034104
233937,248.0,303.6943419529466,-55.694341952946615
105167,642.685,698.3886292797871,-55.70363172119335
213762,81.5,137.22416557729,-55.724165577289995
222434,87.8228,143.55125915533304,-55.728459472715855
134114,101.47,157.2748331863624,-55.804831965659275
142901,173.625,229.5892728283069,-55.96427282830689
128126,469.95,525.9228669774627,-55.97285477043147
233341,141.0,197.0319609342693,-56.03196093426931
184098,571.092,627.1424160075418,-56.05043602707303
153299,108.661,164.7466338017977,-56.085630689004745
156483,479.514,535.6525644701712,-56.13855690181185
64723,1.8082,57.96190658833145,-56.15370658661484
137065,84.0,140.1744496529808,-56.1744496529808
190817,619.45,675.630808969207,-56.18079676217576
272278,405.18,461.36207272183134,-56.18208004605009
186840,83.75,140.009430268829,-56.25943026882899
37265,38.2,94.48063016843949,-56.28062940550004
166395,248.0,304.2959679643859,-56.29596796438591
166395,248.0,304.2959679643859,-56.29596796438591
166395,248.0,304.2959679643859,-56.29596796438591
235000,314.11,370.4077681017563,-56.29778275019379
36744,73.32,129.61788150425338,-56.29788180942916
116121,383.126,439.4376124274744,-56.31160534739627
59071,0.0,56.342167889423116,-56.342167889423116
59071,0.0,56.342167889423116,-56.342167889423116
59071,0.0,56.342167889423116,-56.342167889423116
59071,0.0,56.342167889423116,-56.342167889423116
59071,0.0,56.342167889423116,-56.342167889423116
149762,817.0,873.4518663680286,-56.45186636802862
194441,635.8,692.3594942510504,-56.559506458081614
62800,68.85,125.41469576714209,-56.564697293021
148829,143.57,200.15346486354,-56.583457539321245
192152,411.645,468.2316859119968,-56.58669689832493
192152,411.635,468.2316859119968,-56.596676146371806
90635,131.97,188.57160995302846,-56.60160873232533
98900,84.69,141.2952021662272,-56.60519972482095
220703,1246.74,1303.365986529714,-56.625996295339064
275610,77.745,134.3808477991984,-56.63584505261636
226042,539.83,596.488857664748,-56.658840574904275
261091,187.671,244.39647565772987,-56.72547040870643
155100,123.57,180.34137910352257,-56.77137940869835
149704,49.9,106.69170156945394,-56.791700043575034
33739,19.14,76.03326810400009,-56.89326871435165
122122,248.0,304.9177275269143,-56.91772752691429
30543,29.06,85.98134994425105,-56.92135047830867
278795,168.533,225.4772542573112,-56.944249496569
156483,478.642,535.6525644701712,-57.0105661791556
233341,140.0,197.0319609342693,-57.03196093426931
109263,78.88,135.92494486404087,-57.0449476106229
150294,194.65,251.74743543960705,-57.09744154312267
179559,475.97,533.0834721915626,-57.11347097085945
91273,71.04,128.24550737497643,-57.20550645944908
268480,153.202,210.42514181285284,-57.22314596324347
243072,375.725,432.9709513137315,-57.24594521021589
63847,177.48,234.73177876872276,-57.2517830411837
81881,66.7,123.96557221326145,-57.265575265019265
111518,186.575,243.8752585977585,-57.3002616495163
104604,213.0,270.31630969883395,-57.31630969883395
119262,100.0,157.32746455550753,-57.32746455550753
90635,131.15,188.57160995302846,-57.42161605654408
230259,147.19,204.64542960102528,-57.455427159619035
207115,417.802,475.3141157367733,-57.51211378364832
350000,272.65,330.21671316976483,-57.566719273280455
68693,230.75,288.3336933551416,-57.58369335514158
83800,71.97,129.58576344164652,-57.615762220943395
111424,33.444,91.09185346291108,-57.64785321877045
553210,338.72,396.39464826051767,-57.674647039814545
261188,2438.13,2495.8661686140485,-57.73628580154855
73597,33.429,91.18746475932662,-57.75846390483443
111518,186.1,243.8752585977585,-57.775252494242864
198488,832.0,889.7766324151529,-57.7766324151529
109588,388.469,446.27715079315226,-57.80815665252726
108971,93.3,151.15234512631167,-57.85234207455386
65657,390.2,448.0672156416802,-57.86720343464896
149762,815.575,873.4518663680286,-57.87685416099737
282946,205.49,263.3754930126251,-57.88548751946104
120694,339.84,397.73046325465265,-57.89046691676202
111518,185.975,243.8752585977585,-57.900252494242864
63348,295.96,353.8889700163009,-57.92897856122278
262156,216.549,274.5210589133958,-57.9720629417161
161969,129.0,187.00168758470028,-58.00168758470028
98829,50.88,108.94827957708048,-58.06827850896525
166514,58.35,116.516837538662,-58.16683906454091
192152,410.035,468.2316859119968,-58.19668224988743
91363,251.068,309.3088858511139,-58.24089268705143
95526,79.71,137.96724439431074,-58.25724530983808
202829,101.81,160.13233995148073,-58.32234239288698
163959,83.45,141.79413811125335,-58.34414116301116
202829,101.73,160.13233995148073,-58.40233659454714
283000,322.53,380.99160520837177,-58.46160642907489
189425,129.0,187.55360453964565,-58.55360453964565
563782,548.0,606.5622168709724,-58.56221687097241
55516,92.2947,150.86933596327978,-58.57463534072119
131212,182.812,241.40590339222342,-58.593906932262485
111518,185.25,243.8752585977585,-58.62525859775849
68094,256.643,315.273054807729,-58.63004943663526
262156,215.857,274.5210589133958,-58.66406428448954
36744,70.95,129.61788150425338,-58.66788455601119
102856,47.94,106.60952837424533,-58.669529747536345
149762,814.775,873.4518663680286,-58.67684195396612
270034,350.3,408.9986724895473,-58.69868469657854
104016,40.75,99.45519738358038,-58.70519738358038
61274,145.911,204.63283170248116,-58.72183621908272
91316,63.0,121.72889418449093,-58.728894184490926
301307,185.0,243.78480482531464,-58.78480482531464
149704,47.9,106.69170156945394,-58.791700043575034
234819,182.0,240.80216072390851,-58.802160723908514
234819,182.0,240.80216072390851,-58.802160723908514
111518,185.05,243.8752585977585,-58.825255546000676
220703,1244.54,1303.365986529714,-58.825947467214064
130581,67.5,126.33973507717745,-58.83973507717745
150673,90.0875,148.92755080784673,-58.84004928196782
154706,937.75,996.5970599576602,-58.847059957660235
545351,576.673,635.6722651476589,-58.99929151484639
332447,216.0,275.05455627048576,-59.05455627048576
108971,92.05,151.15234512631167,-59.10234207455386
179559,473.98,533.0834721915626,-59.10346120523445
46484,50.98,110.11349258468039,-59.13349304244406
234476,272.568,331.70978337316245,-59.14179020909995
155882,301.0,360.2133095557216,-59.213309555721594
50552,154.579,213.79266891273667,-59.21367416176011
118858,385.877,445.0934769183514,-59.21646275819518
103800,13.39,72.70178334957741,-59.31178300625466
356000,98.01,157.35920943052133,-59.34920729429086
149704,47.3,106.69170156945394,-59.39170233239339
142901,170.175,229.5892728283069,-59.41426977654908
132518,156.04,215.4556585677141,-59.41566528158128
62800,65.98,125.41469576714209,-59.4346924102085
111623,117.0,176.4388686973958,-59.438868697395804
153299,105.269,164.7466338017977,-59.4776366094149
103800,13.15,72.70178334957741,-59.55178373104714
65657,388.5,448.0672156416802,-59.56721564168021
153299,105.131,164.7466338017977,-59.61563709769615
87200,131.0,190.6397543469163,-59.639754346916305
113988,67.575,127.23480903796708,-59.659812089724895
182500,127.52,187.2399092969563,-59.71991265388991
91316,62.0,121.72889418449093,-59.728894184490926
156483,475.833,535.6525644701712,-59.81955665767123
250000,954.172,1014.0126709648727,-59.840673894560155
262156,214.626,274.5210589133958,-59.895051833317666
122122,245.0,304.9177275269143,-59.91772752691429
428647,1300.0,1359.9465007974802,-59.94650079748021
93206,222.0,281.99509710566355,-59.99509710566355
161969,127.0,187.00168758470028,-60.00168758470028
186840,80.0001,140.009430268829,-60.00933108670009
4607,12.1601,72.19877123485193,-60.0386712516366
102856,46.49,106.60952837424533,-60.11952669577853
157070,118.982,179.19819036012302,-60.21618810182224
75900,94.08,154.31126786882737,-60.231266037772684
77469,150.06,210.3204192567057,-60.26042169811194
179559,472.77,533.0834721915626,-60.3134831778907
95526,77.64,137.96724439431074,-60.3272450046623
75900,93.91,154.31126786882737,-60.401264206718
50552,153.379,213.79266891273667,-60.4136711100023
160673,423.7,484.13695989998547,-60.43694769295422
113580,62.5,123.04470541110781,-60.54470541110781
153700,732.006,792.6468324129391,-60.64085096762665
204998,318.915,379.6055414834429,-60.69053293852102
142901,168.875,229.5892728283069,-60.71427282830689
282200,353.25,413.96836488381973,-60.71836488381973
95079,126.95,187.66992448650547,-60.71992753826328
95079,126.925,187.66992448650547,-60.74492143474765
86714,6.98,67.76092386176282,-60.78092384268933
235000,309.58,370.4077681017563,-60.827781529490665
77500,22.02,82.92114105555942,-60.901140597795745
193202,82.944,143.90187591967418,-60.95787567553356
55516,89.8772,150.86933596327978,-60.99213869765478
150673,87.9125,148.92755080784673,-61.015052333725635
123612,157.986,219.01841243460865,-61.032420002968024
132518,154.38,215.4556585677141,-61.075653684901596
61274,143.366,204.63283170248116,-61.26683438802803
55516,89.5652,150.86933596327978,-61.30413515761572
43992,183.76,245.07974080121127,-61.319746294375335
166856,222.23,283.73101376496606,-61.501018037427
9569,26.125,87.64049030174573,-61.51549030174573
148101,92.97,154.5936055795324,-61.62360435882928
155100,118.59,180.34137910352257,-61.751382765631945
206054,467.5,529.3317513697473,-61.83175136974728
170000,110.25,172.17640488176923,-61.92640488176923
243072,371.025,432.9709513137315,-61.94595741724714
77500,20.97,82.92114105555942,-61.951141742204925
123612,156.975,219.01841243460865,-62.043406331093024
125507,276.475,338.54081004480196,-62.06580394128633
553210,334.3,396.39464826051767,-62.09466046754892
4607,10.0797,72.19877123485193,-62.11907076488123
131212,179.282,241.40590339222342,-62.12390571155936
356000,95.19,157.35920943052133,-62.16920698911508
229973,325.0,387.22993546013765,-62.22993546013765
101262,78.52,140.76445811348955,-62.24446147042315
399331,427.0,489.2977917993175,-62.29779179931751
399331,427.0,489.2977917993175,-62.29779179931751
89770,98.0,160.3422818375774,-62.34228183757739
89770,97.97,160.3422818375774,-62.372280616874264
167066,284.43,346.88081728420934,-62.45082460842809
75900,91.82,154.31126786882737,-62.49126817400315
182943,557.725,620.2518894061445,-62.52691382020703
254766,241.44,304.0705613478686,-62.63055890646234
125701,261.815,324.4719536659452,-62.65695122453894
233937,241.0,303.6943419529466,-62.694341952946615
387638,0.0,62.709790158800075,-62.709790158800075
387638,0.0,62.709790158800075,-62.709790158800075
387638,0.0,62.709790158800075,-62.709790158800075
387638,0.0,62.709790158800075,-62.709790158800075
387638,0.0,62.709790158800075,-62.709790158800075
387638,0.0,62.709790158800075,-62.709790158800075
387638,0.0,62.709790158800075,-62.709790158800075
387638,0.0,62.709790158800075,-62.709790158800075
387638,0.0,62.709790158800075,-62.709790158800075
387638,0.0,62.709790158800075,-62.709790158800075
387638,0.0,62.709790158800075,-62.709790158800075
387638,0.0,62.709790158800075,-62.709790158800075
387638,0.0,62.709790158800075,-62.709790158800075
387638,0.0,62.709790158800075,-62.709790158800075
387638,0.0,62.709790158800075,-62.709790158800075
387638,0.0,62.709790158800075,-62.709790158800075
387638,0.0,62.709790158800075,-62.709790158800075
387638,0.0,62.709790158800075,-62.709790158800075
387638,0.0,62.709790158800075,-62.709790158800075
387638,0.0,62.709790158800075,-62.709790158800075
387638,0.0,62.709790158800075,-62.709790158800075
387638,0.0,62.709790158800075,-62.709790158800075
387638,0.0,62.709790158800075,-62.709790158800075
387638,0.0,62.709790158800075,-62.709790158800075
387638,0.0,62.709790158800075,-62.709790158800075
387638,0.0,62.709790158800075,-62.709790158800075
387638,0.0,62.709790158800075,-62.709790158800075
387638,0.0,62.709790158800075,-62.709790158800075
387638,0.0,62.709790158800075,-62.709790158800075
387638,0.0,62.709790158800075,-62.709790158800075
387638,0.0,62.709790158800075,-62.709790158800075
387638,0.0,62.709790158800075,-62.709790158800075
387638,0.0,62.709790158800075,-62.709790158800075
387638,0.0,62.709790158800075,-62.709790158800075
387638,0.0,62.709790158800075,-62.709790158800075
387638,0.0,62.709790158800075,-62.709790158800075
261091,181.603,244.39647565772987,-62.79347883155799
123612,156.175,219.01841243460865,-62.84340938285084
69876,129.6,192.45281586928834,-62.85280976577272
66121,71.0,133.9063732487111,-62.906373248711105
151900,56.275,119.18625202672861,-62.911250500849704
148101,91.68,154.5936055795324,-62.91360527435663
128126,463.0,525.9228669774627,-62.92286697746272
59200,81.37,144.33938762585132,-62.969384879269285
237702,318.0,380.97897339947025,-62.97897339947025
83043,220.8,283.8124254486754,-63.0124223969176
233341,134.0,197.0319609342693,-63.03196093426931
68693,225.275,288.3336933551416,-63.0586994586572
553210,333.23,396.39464826051767,-63.164637274189545
186840,76.75,140.009430268829,-63.25943026882899
230259,141.37,204.64542960102528,-63.275434483837785
136817,131.45,194.7504305426388,-63.30043359439662
252952,85.5008,148.83228953468972,-63.33148844826394
129716,427.4,490.75596544221,-63.35597154572565
90635,125.19,188.57160995302846,-63.38160751162221
193800,133.04,196.48379335704252,-63.4438000709097
182943,556.8,620.2518894061445,-63.45190161317578
86091,262.75,326.25192767266293,-63.50192767266293
34565,77.3376,140.87871062522328,-63.541109917215465
108339,198.9,262.55023374512086,-63.65023984863649
120694,334.08,397.73046325465265,-63.65047668238702
120694,334.08,397.73046325465265,-63.65047668238702
268480,146.719,210.42514181285284,-63.70614767222784
4607,8.48,72.19877123485193,-63.718771692615604
100813,140.074,203.85520093123887,-63.781195804285744
59200,80.42,144.33938762585132,-63.919389456906
116121,375.475,439.4376124274744,-63.96260632395877
225014,105.0,168.96841801675487,-63.96841801675487
262156,210.36,274.5210589133958,-64.16105830304423
114166,100.559,164.74919753445585,-64.19019942654569
81580,175.5,239.73292916022604,-64.23292916022604
4071,13.6,77.86951697258688,-64.26951659111715
268480,146.112,210.42514181285284,-64.31314230113409
4071,13.55,77.86951697258688,-64.31951678185202
179559,468.72,533.0834721915626,-64.36347097085945
90635,124.18,188.57160995302846,-64.39160964785268
193202,79.488,143.90187591967418,-64.41387695727184
214505,723.1,787.6107948569525,-64.51081927101495
4071,13.35,77.86951697258688,-64.51951659111715
563782,542.0,606.5622168709724,-64.5622168709724
155807,34.3,98.97552938451851,-64.67553014745796
149704,42.0,106.69170156945394,-64.69170156945394
56995,196.164,260.90920928900937,-64.74520782416562
66121,69.0,133.9063732487111,-64.9063732487111
127632,288.0,352.9154120660212,-64.91541206602119
809530,107.76,172.67594423419908,-64.91594209796861
99700,57.31,122.26493246147383,-64.95493108818282
155100,115.37,180.34137910352257,-64.97137635694054
104200,188.13,253.13825045868995,-65.00824557587745
63348,288.88,353.8889700163009,-65.0089651334884
153700,727.569,792.6468324129391,-65.07786268637665
40950,98.35,163.43124028621995,-65.08124181209885
157070,113.988,179.19819036012302,-65.21019139772068
131212,176.153,241.40590339222342,-65.25290351429373
38598,0.0,65.25679238145119,-65.25679238145119
166395,239.0,304.2959679643859,-65.29596796438591
270034,343.7,408.9986724895473,-65.29866028251604
123612,153.7,219.01841243460865,-65.31841548636646
4607,6.72,72.19877123485193,-65.47877144466028
3853,1.0245,66.54581061520122,-65.52131060280345
250000,948.445,1014.0126709648727,-65.5676636406539
809530,107.06,172.67594423419908,-65.61594667560533
73597,25.483,91.18746475932662,-65.70446495769087
283000,315.27,380.99160520837177,-65.72161619469989
157070,113.448,179.19819036012302,-65.75019231324802
153700,726.827,792.6468324129391,-65.81980604575165
111518,177.925,243.8752585977585,-65.95025554600068
143093,93.61,159.5636615206117,-65.95366091026014
58562,74.7833,140.74267598829437,-65.95937368116546
151900,53.225,119.18625202672861,-65.96125355260752
73488,76.9968,142.97411333186804,-65.97731004817663
73488,76.9951,142.97411333186804,-65.9790114031571
73488,76.9949,142.97411333186804,-65.97920976741491
207000,408.8,474.81716252666666,-66.01717473369791
193202,77.76,143.90187591967418,-66.14187378344371
4071,11.725,77.86951697258688,-66.14451659111715
5258,27.54,93.69021088726765,-66.15020997174031
118489,188.275,254.45819482874495,-66.18320093226058
4071,11.675,77.86951697258688,-66.19451678185202
184098,560.866,627.1424160075418,-66.27638817551053
399331,423.0,489.2977917993175,-66.29779179931751
68637,231.29,297.63463707176237,-66.34464378562956
142901,163.225,229.5892728283069,-66.36426672479126
16726,0.0,66.45064065067227,-66.45064065067227
16726,0.0,66.45064065067227,-66.45064065067227
73597,24.736,91.18746475932662,-66.45146469829146
322341,963.65,1030.148479454454,-66.49845504039149
66661,73.15,139.72083062382745,-66.57082909794855
41617,96.6505,163.2785538961119,-66.62805645958846
95079,121.025,187.66992448650547,-66.64492296062656
6412,0.0,66.64539297182893,-66.64539297182893
6412,0.0,66.64539297182893,-66.64539297182893
6412,0.0,66.64539297182893,-66.64539297182893
6412,0.0,66.64539297182893,-66.64539297182893
166514,49.75,116.516837538662,-66.766837538662
182943,553.475,620.2518894061445,-66.77691382020703
234819,174.0,240.80216072390851,-66.80216072390851
98212,209.926,276.788577492043,-66.8625826189961
461647,1094.04,1160.9033059683068,-66.86326690580677
18860,0.0,66.87815498933773,-66.87815498933773
18860,0.0,66.87815498933773,-66.87815498933773
18860,0.0,66.87815498933773,-66.87815498933773
18860,0.0,66.87815498933773,-66.87815498933773
18860,0.0,66.87815498933773,-66.87815498933773
18860,0.0,66.87815498933773,-66.87815498933773
160673,417.25,484.13695989998547,-66.88695989998547
4607,5.28,72.19877123485193,-66.91877102504358
56851,77.629,144.5619113183663,-66.93291351563192
65913,64.5833,131.52865649910893,-66.94535876961675
93206,215.0,281.99509710566355,-66.99509710566355
166514,49.5,116.516837538662,-67.016837538662
166856,216.664,283.73101376496606,-67.06701230012231
4607,5.12,72.19877123485193,-67.07877134929285
83800,62.49,129.58576344164652,-67.09576176317972
99700,55.05,122.26493246147383,-67.21493322441329
174601,143.0,210.2189108675609,-67.21891086756091
99325,95.85,163.07313549076477,-67.22313701664368
140345,115.49,182.81018742598226,-67.32018956221273
119262,90.0,157.32746455550753,-67.32746455550753
100813,136.457,203.85520093123887,-67.398200198817
99700,54.85,122.26493246147383,-67.41493398735274
131271,317.025,384.5447051295255,-67.51971123304111
122922,249.076,316.7091629641167,-67.63315893579636
148101,86.93,154.5936055795324,-67.66360527435663
325217,477.01,544.6984712620099,-67.68846149638489
77500,15.07,82.92114105555942,-67.8511413607352
144900,147.96,215.83014309855787,-67.87013638469068
92288,693.458,761.4599746283645,-68.00196681586453
182943,552.149,620.2518894061445,-68.10290258973828
99325,94.91,163.07313549076477,-68.1631318286554
77500,14.7,82.92114105555942,-68.22114124629428
90400,337.41,405.68319902028577,-68.2731953581764
170000,103.9,172.17640488176923,-68.27640335589032
138977,113.441,181.93299727110568,-68.49199537901583
34565,72.303,140.87871062522328,-68.57570922141468
129532,42.48,111.06161541494338,-68.58161587270705
155100,111.7,180.34137910352257,-68.64138215528038
254766,235.38,304.0705613478686,-68.69055646505609
34565,72.0668,140.87871062522328,-68.81190764670765
181805,387.0,455.8272082897085,-68.8272082897085
43992,176.22,245.07974080121127,-68.85973958050815
37265,25.6,94.48063016843949,-68.88062978696976
66121,65.0,133.9063732487111,-68.9063732487111
63847,165.812,234.73177876872276,-68.91978230876182
114166,95.8031,164.74919753445585,-68.94609694851835
73488,73.995,142.97411333186804,-68.97911058528601
34565,71.8838,140.87871062522328,-68.99491393332875
66661,70.663,139.72083062382745,-69.0578286096673
155100,111.28,180.34137910352257,-69.0613803242257
90400,336.61,405.68319902028577,-69.07321366872327
268480,141.294,210.42514181285284,-69.13113546519659
15250,0.0,69.25336727592274,-69.25336727592274
15250,0.0,69.25336727592274,-69.25336727592274
15250,0.0,69.25336727592274,-69.25336727592274
15250,0.0,69.25336727592274,-69.25336727592274
15250,0.0,69.25336727592274,-69.25336727592274
15250,0.0,69.25336727592274,-69.25336727592274
125701,255.192,324.4719536659452,-69.27995232317176
182943,550.925,620.2518894061445,-69.32690161317578
119262,88.0,157.32746455550753,-69.32746455550753
27926,0.0,69.43858683946416,-69.43858683946416
27926,0.0,69.43858683946416,-69.43858683946416
27926,0.0,69.43858683946416,-69.43858683946416
27926,0.0,69.43858683946416,-69.43858683946416
27926,0.0,69.43858683946416,-69.43858683946416
27926,0.0,69.43858683946416,-69.43858683946416
27926,0.0,69.43858683946416,-69.43858683946416
27926,0.0,69.43858683946416,-69.43858683946416
27926,0.0,69.43858683946416,-69.43858683946416
27926,0.0,69.43858683946416,-69.43858683946416
27926,0.0,69.43858683946416,-69.43858683946416
336650,1182.53,1252.0401643932785,-69.51013509640347
71224,0.0,69.53177877239092,-69.53177877239092
71224,0.0,69.53177877239092,-69.53177877239092
71224,0.0,69.53177877239092,-69.53177877239092
71224,0.0,69.53177877239092,-69.53177877239092
71224,0.0,69.53177877239092,-69.53177877239092
252952,79.2825,148.83228953468972,-69.5497883139866
190817,606.067,675.630808969207,-69.56379236764451
118858,375.507,445.0934769183514,-69.5864883929608
148101,84.96,154.5936055795324,-69.63360649505975
87200,121.0,190.6397543469163,-69.6397543469163
40950,93.65,163.43124028621995,-69.78123876034104
73597,21.354,91.18746475932662,-69.83346466777388
86375,118.29,188.13447896477538,-69.84447804924804
77469,140.45,210.3204192567057,-69.8704223084635
179559,463.19,533.0834721915626,-69.89346975015633
161969,117.0,187.00168758470028,-70.00168758470028
140345,112.75,182.81018742598226,-70.06018742598226
143093,89.45,159.5636615206117,-70.11366457236952
4607,2.08,72.19877123485193,-70.11877131114588
144900,145.71,215.83014309855787,-70.12013638469068
194111,126.0,196.27777134177333,-70.27777134177333
166395,234.0,304.2959679643859,-70.29596796438591
73597,20.876,91.18746475932662,-70.31146530864302
119262,87.0,157.32746455550753,-70.32746455550753
156483,465.264,535.6525644701712,-70.38855690181185
4607,1.7601,72.19877123485193,-70.43867122779474
4607,1.76,72.19877123485193,-70.43877124438868
150294,181.25,251.74743543960705,-70.49743543960705
4607,1.6,72.19877123485193,-70.59877121101007
86375,117.5,188.13447896477538,-70.63447896477538
283000,310.35,380.99160520837177,-70.64159910485614
394000,597.32,667.9862093220904,-70.66620199787167
239638,235.0,305.73217919994926,-70.73217919994926
181805,385.0,455.8272082897085,-70.8272082897085
63348,283.04,353.8889700163009,-70.84896147137903
77500,11.97,82.92114105555942,-70.95114078853061
85623,0.0,70.96031609100551,-70.96031609100551
128126,454.9,525.9228669774627,-71.02287308097834
103200,272.88,343.91486905530076,-71.03486417248826
63348,282.85,353.8889700163009,-71.03896391278528
450000,1164.56,1235.7242122358653,-71.16415364211525
155100,109.13,180.34137910352257,-71.2113818501046
155882,289.0,360.2133095557216,-71.2133095557216
91149,482.0,553.2333649124221,-71.23336491242208
63847,163.447,234.73177876872276,-71.28477254313682
131212,170.107,241.40590339222342,-71.29890876331717
216050,151.0,222.36267831293594,-71.36267831293594
122922,245.344,316.7091629641167,-71.36516882349167
167066,275.49,346.88081728420934,-71.39082704983434
186572,0.0,71.41608906385036,-71.41608906385036
144900,144.36,215.83014309855787,-71.4701424882063
252952,77.34,148.83228953468972,-71.4922931967991
252952,77.2975,148.83228953468972,-71.53478892433816
2720,0.0,71.56653296328108,-71.56653296328108
2720,0.0,71.56653296328108,-71.56653296328108
2720,0.0,71.56653296328108,-71.56653296328108
2720,0.0,71.56653296328108,-71.56653296328108
122746,97.7141,169.4339466678289,-71.71984296909844
111518,172.075,243.8752585977585,-71.8002616495163
442438,1511.1,1583.0083855525718,-71.90840996663428
53860,0.0,71.93530689627042,-71.93530689627042
53860,0.0,71.93530689627042,-71.93530689627042
53860,0.0,71.93530689627042,-71.93530689627042
93206,210.0,281.99509710566355,-71.99509710566355
93206,210.0,281.99509710566355,-71.99509710566355
126985,32.53,104.52932854178425,-71.99932976248738
280225,1106.32,1178.329089375308,-72.00914308624556
166514,44.5,116.516837538662,-72.016837538662
109000,14.83,86.93123716638574,-72.10123724267969
139683,773.0,845.1931430367855,-72.1931430367855
150318,503.0,575.1932973330046,-72.19329733300458
206054,457.001,529.3317513697473,-72.33074428966916
154706,924.25,996.5970599576602,-72.34705995766024
381221,432.658,505.0185808444137,-72.36059134246057
216050,150.0,222.36267831293594,-72.36267831293594
131212,169.03,241.40590339222342,-72.37590461292655
125701,251.938,324.4719536659452,-72.53395012590613
98900,68.75,141.2952021662272,-72.5452021662272
245637,154.0,226.5695228239282,-72.5695228239282
89770,87.76,160.3422818375774,-72.58227970134692
166514,43.925,116.516837538662,-72.59183830160146
27000,0.0,72.67887999204895,-72.67887999204895
27000,0.0,72.67887999204895,-72.67887999204895
27000,0.0,72.67887999204895,-72.67887999204895
27000,0.0,72.67887999204895,-72.67887999204895
27000,0.0,72.67887999204895,-72.67887999204895
27000,0.0,72.67887999204895,-72.67887999204895
27000,0.0,72.67887999204895,-72.67887999204895
27000,0.0,72.67887999204895,-72.67887999204895
91316,49.0,121.72889418449093,-72.72889418449093
207000,402.03,474.81716252666666,-72.78716374736979
356000,84.57,157.35920943052133,-72.78920973569711
181805,383.0,455.8272082897085,-72.8272082897085
104089,76.0,148.84298668027222,-72.84298668027222
174601,137.3,210.2189108675609,-72.9189078158031
73597,18.169,91.18746475932662,-73.01846413371626
179115,376.0,449.11223049695457,-73.11223049695457
179115,376.0,449.11223049695457,-73.11223049695457
65913,58.3333,131.52865649910893,-73.19535495491948
166514,43.225,116.516837538662,-73.29183906454091
399331,416.0,489.2977917993175,-73.29779179931751
399331,416.0,489.2977917993175,-73.29779179931751
111530,80.3,153.77331856306316,-73.47331551130534
408000,606.99,680.4859150027135,-73.49592476833845
230259,131.05,204.64542960102528,-73.59542654926747
237518,960.112,1033.7266117966929,-73.6146122849741
40950,89.81,163.43124028621995,-73.6212427276262
69876,118.8,192.45281586928834,-73.65281281753053
114166,91.0469,164.74919753445585,-73.70229964627225
166514,42.8,116.516837538662,-73.71683830160146
154706,922.75,996.5970599576602,-73.84705995766024
118858,371.144,445.0934769183514,-73.94946446717955
332447,201.0,275.05455627048576,-74.05455627048576
49990,102.4,176.4937967038835,-74.0937951780046
332884,503.943,578.076293883577,-74.13330071951452
73597,17.034,91.18746475932662,-74.1534643625981
98900,67.1,141.2952021662272,-74.1952036921061
79949,91.8683,166.07517786095895,-74.20687646935738
123612,144.725,219.01841243460865,-74.29340633109302
65657,373.7,448.0672156416802,-74.36720343464896
205141,132.0,206.49000208006953,-74.49000208006953
148101,80.07,154.5936055795324,-74.52360588470819
199037,163.375,237.9264228507778,-74.55142285077781
103200,269.36,343.91486905530076,-74.55488370373826
143093,84.99,159.5636615206117,-74.57366365684217
250000,939.297,1014.0126709648727,-74.71567389456015
33739,1.29,76.03326810400009,-74.74326814214706
74886,326.0,400.8094717582333,-74.80947175823331
204998,304.67,379.6055414834429,-74.93552805570852
73488,67.9958,142.97411333186804,-74.97831712825476
138977,106.932,181.93299727110568,-75.00099806456271
86091,251.25,326.25192767266293,-75.00192767266293
68094,240.261,315.273054807729,-75.01205322081495
70837,115.34,190.64544667279523,-75.3054503349046
83800,54.17,129.58576344164652,-75.41576527270121
81372,54.822,130.29351170570138,-75.47151310950997
174601,134.7,210.2189108675609,-75.51891391931872
166856,208.143,283.73101376496606,-75.58800839387231
157070,103.521,179.19819036012302,-75.67718663697849
86375,112.38,188.13447896477538,-75.75448171135741
100813,128.1,203.85520093123887,-75.75519482772324
86120,82.12,157.98160241091173,-75.8615996643297
138316,260.0,336.2114132903778,-76.21141329037778
196043,66.293,142.57311008764637,-76.28011082006824
81372,53.965,130.29351170570138,-76.32851155311349
196043,66.22,142.57311008764637,-76.35310886694324
809530,96.26,172.67594423419908,-76.41594209796861
90697,97.1,173.55121613287517,-76.45121765875408
157070,102.472,179.19819036012302,-76.72619023805271
100813,127.124,203.85520093123887,-76.73120038192246
90697,96.8,173.55121613287517,-76.75121308111736
58703,0.0,76.76906599693291,-76.76906599693291
16584,20.1867,96.98286491978654,-76.79616409886368
181805,379.0,455.8272082897085,-76.8272082897085
101555,0.0,76.8793916439436,-76.8793916439436
125701,247.56,324.4719536659452,-76.91195610735144
222434,66.515,143.55125915533304,-77.0362597656846
157933,178.825,255.94139935814349,-77.1164024099013
142901,152.425,229.5892728283069,-77.16426977654908
140092,199.94,277.1298744655527,-77.18987202414644
89770,83.13,160.3422818375774,-77.21228458415942
166514,39.275,116.516837538662,-77.2418360127831
33743,24.88,102.18416684786591,-77.30416768709931
237518,956.345,1033.7266117966929,-77.38164109356785
325217,467.28,544.6984712620099,-77.41847248271301
545351,558.205,635.6722651476589,-77.46724805781514
66661,62.124,139.72083062382745,-77.59683007451105
167066,269.27,346.88081728420934,-77.61082827053747
166514,38.575,116.516837538662,-77.94183677572255
73488,64.9981,142.97411333186804,-77.97601305110632
192152,390.187,468.2316859119968,-78.0446741932468
278369,240.0,318.0542574749598,-78.0542574749598
220703,1225.18,1303.365986529714,-78.18593281877656
184098,548.943,627.1424160075418,-78.19942284347928
237518,955.513,1033.7266117966929,-78.2136113084116
83800,51.34,129.58576344164652,-78.24576328905863
137065,61.91,140.1744496529808,-78.26444980556869
63847,156.448,234.73177876872276,-78.28378072184776
119262,79.0,157.32746455550753,-78.32746455550753
350000,251.76,330.21671316976483,-78.45671866292889
75900,75.81,154.31126786882737,-78.50127031023362
563782,528.0,606.5622168709724,-78.5622168709724
65657,369.5,448.0672156416802,-78.5672156416802
65913,52.9167,131.52865649910893,-78.61195804329839
234819,162.0,240.80216072390851,-78.80216072390851
193800,117.64,196.48379335704252,-78.84379396739408
79949,87.1571,166.07517786095895,-78.91808099816598
130067,154.0,232.91878450263349,-78.91878450263349
328760,656.01,734.9606495921611,-78.95063982653608
83800,50.57,129.58576344164652,-79.0157637468223
250000,934.836,1014.0126709648727,-79.1766724297164
193800,117.22,196.48379335704252,-79.26379213633939
109000,7.55,86.93123716638574,-79.38123697565088
95079,108.225,187.66992448650547,-79.44492601238437
90697,94.1,173.55121613287517,-79.45121765875408
199722,124.429,203.93255756137344,-79.50355670688126
174601,130.7,210.2189108675609,-79.51891391931872
270413,149.285,228.8302432918739,-79.54523962976452
98212,197.191,276.788577492043,-79.59758322934766
105167,618.69,698.3886292797871,-79.69862683838085
239638,226.0,305.73217919994926,-79.73217919994926
234476,251.918,331.70978337316245,-79.79178410558433
75000,0.0,79.79379303597848,-79.79379303597848
111530,73.975,153.77331856306316,-79.79832008894206
252952,69.02,148.83228953468972,-79.81229289162331
104089,69.0,148.84298668027222,-79.84298668027222
222434,63.5108,143.55125915533304,-80.04045974737406
194111,116.0,196.27777134177333,-80.27777134177333
104294,76.33,156.69534208539181,-80.36534025433713
185200,113.25,193.64519216799664,-80.39519216799664
150695,824.34,904.7761953101565,-80.43616845468773
205141,126.0,206.49000208006953,-80.49000208006953
545351,555.168,635.6722651476589,-80.50423536250264
234476,251.109,331.70978337316245,-80.60078984288901
230259,124.01,204.64542960102528,-80.63542746479482
131212,160.6,241.40590339222342,-80.8058972887078
174924,161.0,242.05418410596482,-81.05418410596482
125701,243.32,324.4719536659452,-81.15194634172644
91149,472.0,553.2333649124221,-81.23336491242208
60606,91.871,173.18415925996723,-81.3131570627016
278795,144.117,225.4772542573112,-81.36024986277994
270413,147.336,228.8302432918739,-81.49424475671765
65913,50.0,131.52865649910893,-81.52865649910893
563782,525.0,606.5622168709724,-81.5622168709724
139683,763.563,845.1931430367855,-81.6301547555355
63348,272.22,353.8889700163009,-81.66896879559778
278369,236.125,318.0542574749598,-81.9292574749598
52141,0.0,81.9438004329225,-81.9438004329225
237702,299.0,380.97897339947025,-81.97897339947025
81372,48.31,130.29351170570138,-81.98351033241036
233341,115.0,197.0319609342693,-82.0319609342693
95079,105.5,187.66992448650547,-82.16992448650547
194111,114.0,196.27777134177333,-82.27777134177333
194111,114.0,196.27777134177333,-82.27777134177333
194111,114.0,196.27777134177333,-82.27777134177333
399331,407.0,489.2977917993175,-82.29779179931751
150393,184.067,266.3872817571869,-82.32028041441345
65913,49.1667,131.52865649910893,-82.36195804329839
487433,0.0,82.6511249021135,-82.6511249021135
487433,0.0,82.6511249021135,-82.6511249021135
487433,0.0,82.6511249021135,-82.6511249021135
487433,0.0,82.6511249021135,-82.6511249021135
90697,90.9,173.55121613287517,-82.65121460699626
350000,247.52,330.21671316976483,-82.69670889730389
55516,68.1645,150.86933596327978,-82.7048385877915
150393,183.665,266.3872817571869,-82.72228847105407
104294,73.96,156.69534208539181,-82.73534300091916
36180,190.5,273.2553258757108,-82.75532587571081
233341,114.0,197.0319609342693,-83.0319609342693
37265,11.1,94.48063016843949,-83.38062978696976
37265,11.1,94.48063016843949,-83.38062978696976
138316,252.8,336.2114132903778,-83.41141023861996
93206,198.5,281.99509710566355,-83.49509710566355
93206,198.5,281.99509710566355,-83.49509710566355
155100,96.7,180.34137910352257,-83.64138215528038
59200,60.67,144.33938762585132,-83.669389456906
194111,112.0,196.27777134177333,-84.27777134177333
15876,0.0,84.36521756420449,-84.36521756420449
15876,0.0,84.36521756420449,-84.36521756420449
90697,89.0,173.55121613287517,-84.55121613287517
328760,650.39,734.9606495921611,-84.57063494372358
87200,106.0,190.6397543469163,-84.6397543469163
185200,109.0,193.64519216799664,-84.64519216799664
204998,294.94,379.6055414834429,-84.66553904203664
98212,192.115,276.788577492043,-84.67357199887891
128126,441.1,525.9228669774627,-84.82286087394709
204998,294.66,379.6055414834429,-84.94553782133352
118858,360.126,445.0934769183514,-84.9674698382733
37265,9.4,94.48063016843949,-85.08063054990922
105167,613.277,698.3886292797871,-85.1116517407246
91149,468.0,553.2333649124221,-85.23336491242208
204998,294.342,379.6055414834429,-85.26353098539602
108339,177.283,262.55023374512086,-85.26722898437868
37265,9.0,94.48063016843949,-85.48063016843949
116872,76.33,161.86242711476467,-85.53242528370998
63847,149.183,234.73177876872276,-85.5487801114962
187174,266.631,352.41482775024036,-85.78381578734974
261188,2410.07,2495.8661686140485,-85.79610025467355
104089,63.0,148.84298668027222,-85.84298668027222
91149,467.0,553.2333649124221,-86.23336491242208
103200,257.64,343.91486905530076,-86.27485440686326
194111,110.0,196.27777134177333,-86.27777134177333
90697,87.2,173.55121613287517,-86.35121918463298
116872,75.39,161.86242711476467,-86.47242772511623
220703,1216.6,1303.365986529714,-86.76601094377656
118858,358.3,445.0934769183514,-86.79348912538268
81372,43.409,130.29351170570138,-86.88451130897286
73488,55.9958,142.97411333186804,-86.97831331355749
47984,0.0,87.09741906155259,-87.09741906155259
55516,63.7005,150.86933596327978,-87.16883547499853
150318,488.0,575.1932973330046,-87.19329733300458
116872,74.57,161.86242711476467,-87.29242741994045
37265,7.1,94.48063016843949,-87.38063026380692
150695,817.34,904.7761953101565,-87.43616845468773
356000,69.87,157.35920943052133,-87.4892066839393
9569,0.0,87.64049030174573,-87.64049030174573
9569,0.0,87.64049030174573,-87.64049030174573
9569,0.0,87.64049030174573,-87.64049030174573
37265,6.8,94.48063016843949,-87.68062997770463
181805,368.0,455.8272082897085,-87.8272082897085
116872,73.98,161.86242711476467,-87.88242375783108
233341,109.0,197.0319609342693,-88.0319609342693
190817,587.583,675.630808969207,-88.04780115670701
69799,0.0,88.07081811126567,-88.07081811126567
69799,0.0,88.07081811126567,-88.07081811126567
69799,0.0,88.07081811126567,-88.07081811126567
69799,0.0,88.07081811126567,-88.07081811126567
69799,0.0,88.07081811126567,-88.07081811126567
69799,0.0,88.07081811126567,-88.07081811126567
69799,0.0,88.07081811126567,-88.07081811126567
273234,811.526,899.6352102204693,-88.10920924390678
111530,65.6,153.77331856306316,-88.17332008894206
194111,108.0,196.27777134177333,-88.27777134177333
194111,108.0,196.27777134177333,-88.27777134177333
37265,6.2,94.48063016843949,-88.28063035917435
37265,6.2,94.48063016843949,-88.28063035917435
38686,110.575,198.87820013820019,-88.303203189958
125701,235.93,324.4719536659452,-88.54196099016394
12500,462.0,550.562741293759,-88.56274129375902
239638,217.0,305.73217919994926,-88.73217919994926
270413,139.796,228.8302432918739,-89.03423804285046
192152,379.181,468.2316859119968,-89.05068615613743
332447,186.0,275.05455627048576,-89.05455627048576
90697,84.4,173.55121613287517,-89.15121460699626
37265,5.3,94.48063016843949,-89.18062997770463
108339,173.333,262.55023374512086,-89.21724119140993
59200,55.11,144.33938762585132,-89.22938701549975
111518,154.55,243.8752585977585,-89.32525554600068
60606,83.778,173.18415925996723,-89.40615938203754
220703,1213.74,1303.365986529714,-89.62599629533906
83800,39.78,129.58576344164652,-89.80576466234965
230259,114.79,204.64542960102528,-89.85542868549794
65913,41.6667,131.52865649910893,-89.86195804329839
81337,8.6003,98.52767046262538,-89.9273706274203
73488,52.9962,142.97411333186804,-89.9779127703446
195437,203.491,293.5527209995151,-90.06172368506196
270413,138.705,228.8302432918739,-90.12524146081921
112956,0.0,90.37873685394825,-90.37873685394825
201350,145.662,236.04257098163987,-90.3805684181633
65657,357.5,448.0672156416802,-90.5672156416802
278795,134.833,225.4772542573112,-90.64426170360025
59200,53.18,144.33938762585132,-91.15938732067553
158000,124.59,215.75795041243782,-91.1679540745472
108392,0.0,91.23442179468206,-91.23442179468206
108392,0.0,91.23442179468206,-91.23442179468206
122746,78.1582,169.4339466678289,-91.2757435428289
207115,383.993,475.3141157367733,-91.32110426216394
125701,233.125,324.4719536659452,-91.3469536659452
370024,335.0,426.44080641084673,-91.44080641084673
45240,0.0,91.53120554385463,-91.53120554385463
160038,0.1342,91.67178586365603,-91.53758585693262
160038,0.1342,91.67178586365603,-91.53758585693262
201350,144.49,236.04257098163987,-91.5525654884758
160038,0.0667,91.67178586365603,-91.60508586706541
69876,100.8,192.45281586928834,-91.65281281753053
104294,65.02,156.69534208539181,-91.67534544232541
116872,70.06,161.86242711476467,-91.80242955617092
179449,280.95,372.75962880079385,-91.8096165937626
35253,20.0,111.81619961357337,-91.81619961357337
267536,543.143,634.9900606018931,-91.84705523079936
126960,166.845,258.7759994820021,-91.93099826129895
98212,184.76,276.788577492043,-92.02858298520704
111195,79.0,171.2247750857169,-92.22477508571691
81337,6.143,98.52767046262538,-92.38467033674037
426472,270.0,362.4585585652382,-92.4585585652382
125701,231.935,324.4719536659452,-92.53695610735144
322341,937.525,1030.148479454454,-92.62345504039149
192152,375.455,468.2316859119968,-92.77669933973118
153999,95.0,187.80271157268805,-92.80271157268805
104089,56.0,148.84298668027222,-92.84298668027222
125701,231.327,324.4719536659452,-93.14495781633582
235000,277.13,370.4077681017563,-93.27776321894379
194111,103.0,196.27777134177333,-93.27777134177333
81372,36.946,130.29351170570138,-93.34751256019356
185200,100.25,193.64519216799664,-93.39519216799664
105167,604.987,698.3886292797871,-93.40162976806835
193800,103.05,196.48379335704252,-93.4337903052847
850354,1938.05,2031.5649549488821,-93.51490612075713
204998,285.998,379.6055414834429,-93.60755564359914
344798,828.0,921.620763865022,-93.62076386502201
125701,230.785,324.4719536659452,-93.68695000383582
184098,533.435,627.1424160075418,-93.70741844894803
239638,212.0,305.73217919994926,-93.73217919994926
118338,318.258,411.99979701573363,-93.74180141026488
166856,189.952,283.73101376496606,-93.77901791535669
214505,693.8,787.6107948569525,-93.8108070639837
104294,62.86,156.69534208539181,-93.83534147504025
350000,236.37,330.21671316976483,-93.84671805257733
350000,236.22,330.21671316976483,-93.9967119490617
194111,102.0,196.27777134177333,-94.27777134177333
158000,121.45,215.75795041243782,-94.30795346419563
81372,35.93,130.29351170570138,-94.3635114005256
167066,252.35,346.88081728420934,-94.53081118069372
63348,259.25,353.8889700163009,-94.6389700163009
181805,361.0,455.8272082897085,-94.8272082897085
111530,58.875,153.77331856306316,-94.89831856306316
237518,938.779,1033.7266117966929,-94.9476200974741
233341,102.0,197.0319609342693,-95.0319609342693
190817,580.483,675.630808969207,-95.14783777780076
150695,809.55,904.7761953101565,-95.22620751718773
75228,37.0,132.29578839442866,-95.29578839442866
60606,77.795,173.18415925996723,-95.38916109102192
16584,1.5,96.98286491978654,-95.48286491978654
16584,1.5,96.98286491978654,-95.48286491978654
344798,826.0,921.620763865022,-95.62076386502201
199037,142.225,237.9264228507778,-95.70141674726219
59200,48.59,144.33938762585132,-95.74938747326343
56851,48.476,144.5619113183663,-96.08590957886435
35253,15.6667,111.81619961357337,-96.1494992504142
270034,312.8,408.9986724895473,-96.19868469657854
152946,65.662,162.19644335761348,-96.53444079413691
268480,113.878,210.42514181285284,-96.54714346080206
150294,155.05,251.74743543960705,-96.69743238784923
187174,255.671,352.41482775024036,-96.74382250121693
33370,0.0,96.76623678222678,-96.76623678222678
33370,0.0,96.76623678222678,-96.76623678222678
33370,0.0,96.76623678222678,-96.76623678222678
34400,151.96,248.80430081087607,-96.84429409700888
161969,90.0,187.00168758470028,-97.00168758470028
59200,47.32,144.33938762585132,-97.0193879310271
179115,352.0,449.11223049695457,-97.11223049695457
201350,138.893,236.04257098163987,-97.14956561054612
91149,456.0,553.2333649124221,-97.23336491242208
166395,207.0,304.2959679643859,-97.29596796438591
328760,637.5,734.9606495921611,-97.46064959216108
268480,112.898,210.42514181285284,-97.52713918834112
155807,1.3306,98.97552938451851,-97.64492936124886
155807,1.2898,98.97552938451851,-97.68572933664406
239638,208.0,305.73217919994926,-97.73217919994926
288800,536.41,634.3435119042247,-97.93353875969342
278369,220.0,318.0542574749598,-98.0542574749598
34400,150.66,248.80430081087607,-98.1442971487667
73813,264.485,362.66429192041716,-98.17930656885466
73813,264.485,362.66429192041716,-98.17930656885466
73813,264.485,362.66429192041716,-98.17930656885466
155100,82.03,180.34137910352257,-98.3113803242257
261188,2397.55,2495.8661686140485,-98.31611978592355
484376,4584.97,4683.457949977874,-98.4877351341238
118858,346.568,445.0934769183514,-98.52548375428893
81337,0.0,98.52767046262538,-98.52767046262538
81337,0.0,98.52767046262538,-98.52767046262538
81337,0.0,98.52767046262538,-98.52767046262538
81337,0.0,98.52767046262538,-98.52767046262538
81337,0.0,98.52767046262538,-98.52767046262538
81337,0.0,98.52767046262538,-98.52767046262538
563782,508.0,606.5622168709724,-98.5622168709724
192152,369.527,468.2316859119968,-98.70467785535618
53130,0.0,98.80295451665741,-98.80295451665741
53130,0.0,98.80295451665741,-98.80295451665741
53130,0.0,98.80295451665741,-98.80295451665741
53130,0.0,98.80295451665741,-98.80295451665741
53130,0.0,98.80295451665741,-98.80295451665741
53130,0.0,98.80295451665741,-98.80295451665741
53130,0.0,98.80295451665741,-98.80295451665741
53130,0.0,98.80295451665741,-98.80295451665741
53130,0.0,98.80295451665741,-98.80295451665741
53130,0.0,98.80295451665741,-98.80295451665741
53130,0.0,98.80295451665741,-98.80295451665741
53130,0.0,98.80295451665741,-98.80295451665741
53130,0.0,98.80295451665741,-98.80295451665741
53130,0.0,98.80295451665741,-98.80295451665741
53130,0.0,98.80295451665741,-98.80295451665741
53130,0.0,98.80295451665741,-98.80295451665741
53130,0.0,98.80295451665741,-98.80295451665741
53130,0.0,98.80295451665741,-98.80295451665741
53130,0.0,98.80295451665741,-98.80295451665741
53130,0.0,98.80295451665741,-98.80295451665741
53130,0.0,98.80295451665741,-98.80295451665741
53130,0.0,98.80295451665741,-98.80295451665741
53130,0.0,98.80295451665741,-98.80295451665741
53130,0.0,98.80295451665741,-98.80295451665741
53130,0.0,98.80295451665741,-98.80295451665741
104294,57.85,156.69534208539181,-98.84534361127072
31666,166.108,264.98099477752817,-98.87299306854379
118489,155.523,254.45819482874495,-98.93519983362776
428647,1261.0,1359.9465007974802,-98.94650079748021
37241,0.0,99.04887659598579,-99.04887659598579
37241,0.0,99.04887659598579,-99.04887659598579
37241,0.0,99.04887659598579,-99.04887659598579
37241,0.0,99.04887659598579,-99.04887659598579
37241,0.0,99.04887659598579,-99.04887659598579
37241,0.0,99.04887659598579,-99.04887659598579
37241,0.0,99.04887659598579,-99.04887659598579
37241,0.0,99.04887659598579,-99.04887659598579
37241,0.0,99.04887659598579,-99.04887659598579
37241,0.0,99.04887659598579,-99.04887659598579
37241,0.0,99.04887659598579,-99.04887659598579
37241,0.0,99.04887659598579,-99.04887659598579
37241,0.0,99.04887659598579,-99.04887659598579
174924,143.0,242.05418410596482,-99.05418410596482
131271,285.425,384.5447051295255,-99.11971733655673
126960,159.613,258.7759994820021,-99.1629928902052
26953,0.0,99.32054412004912,-99.32054412004912
26953,0.0,99.32054412004912,-99.32054412004912
26953,0.0,99.32054412004912,-99.32054412004912
26953,0.0,99.32054412004912,-99.32054412004912
26953,0.0,99.32054412004912,-99.32054412004912
26953,0.0,99.32054412004912,-99.32054412004912
34400,149.39,248.80430081087607,-99.41430142122763
93860,0.0,100.0134331094763,-100.0134331094763
93860,0.0,100.0134331094763,-100.0134331094763
93860,0.0,100.0134331094763,-100.0134331094763
93860,0.0,100.0134331094763,-100.0134331094763
93860,0.0,100.0134331094763,-100.0134331094763
93860,0.0,100.0134331094763,-100.0134331094763
93860,0.0,100.0134331094763,-100.0134331094763
332447,175.0,275.05455627048576,-100.05455627048576
111530,53.375,153.77331856306316,-100.39831856306316
59200,43.73,144.33938762585132,-100.60938808361499
111530,53.125,153.77331856306316,-100.64831856306316
184098,526.442,627.1424160075418,-100.70039940597928
79900,0.0,100.89239257329773,-100.89239257329773
79900,0.0,100.89239257329773,-100.89239257329773
262156,173.618,274.5210589133958,-100.90306269757548
254766,203.08,304.0705613478686,-100.9905595168139
150695,803.52,904.7761953101565,-101.25617577890648
56851,43.111,144.5619113183663,-101.45091125733114
63847,133.082,234.73177876872276,-101.64977803630089
259989,1286.01,1387.913414546317,-101.90340478069197
272278,359.32,461.36207272183134,-102.04206539761259
154706,894.5,996.5970599576602,-102.09705995766024
59200,42.2,144.33938762585132,-102.13938686291186
126985,2.26,104.52932854178425,-102.269328551321
42731,183.472,285.8014530234961,-102.32945290142578
270034,306.6,408.9986724895473,-102.39866638603166
24456,0.0,102.49922772539561,-102.49922772539561
24456,0.0,102.49922772539561,-102.49922772539561
24456,0.0,102.49922772539561,-102.49922772539561
24456,0.0,102.49922772539561,-102.49922772539561
24456,0.0,102.49922772539561,-102.49922772539561
24456,0.0,102.49922772539561,-102.49922772539561
24456,0.0,102.49922772539561,-102.49922772539561
24456,0.0,102.49922772539561,-102.49922772539561
24456,0.0,102.49922772539561,-102.49922772539561
24456,0.0,102.49922772539561,-102.49922772539561
24456,0.0,102.49922772539561,-102.49922772539561
24456,0.0,102.49922772539561,-102.49922772539561
24456,0.0,102.49922772539561,-102.49922772539561
24456,0.0,102.49922772539561,-102.49922772539561
24456,0.0,102.49922772539561,-102.49922772539561
24456,0.0,102.49922772539561,-102.49922772539561
24456,0.0,102.49922772539561,-102.49922772539561
24456,0.0,102.49922772539561,-102.49922772539561
24456,0.0,102.49922772539561,-102.49922772539561
24456,0.0,102.49922772539561,-102.49922772539561
24456,0.0,102.49922772539561,-102.49922772539561
24456,0.0,102.49922772539561,-102.49922772539561
24456,0.0,102.49922772539561,-102.49922772539561
24456,0.0,102.49922772539561,-102.49922772539561
461647,1058.4,1160.9033059683068,-102.50328155424427
201350,133.335,236.04257098163987,-102.70756426777268
204998,276.81,379.6055414834429,-102.79554392484914
181805,353.0,455.8272082897085,-102.8272082897085
118338,309.0,411.99979701573363,-102.99979701573363
204998,276.572,379.6055414834429,-103.03355051664602
304333,1410.03,1513.0803304467377,-103.05030114986266
282200,310.86,413.96836488381973,-103.10837953225723
201350,132.857,236.04257098163987,-103.18557635273362
206054,426.0,529.3317513697473,-103.33175136974728
356000,53.85,157.35920943052133,-103.50921095640024
60606,69.55,173.18415925996723,-103.63415620820942
108339,158.85,262.55023374512086,-103.70022764160524
461647,1057.2,1160.9033059683068,-103.70335479643177
138316,232.4,336.2114132903778,-103.8114193938934
270034,304.9,408.9986724895473,-104.09867859306291
158000,111.32,215.75795041243782,-104.4379507176136
408000,576.0,680.4859150027135,-104.48591500271345
356000,52.86,157.35920943052133,-104.49920882016977
126985,0.0,104.52932854178425,-104.52932854178425
126985,0.0,104.52932854178425,-104.52932854178425
126985,0.0,104.52932854178425,-104.52932854178425
126985,0.0,104.52932854178425,-104.52932854178425
126985,0.0,104.52932854178425,-104.52932854178425
126985,0.0,104.52932854178425,-104.52932854178425
450000,1131.17,1235.7242122358653,-104.55416829055275
201350,131.465,236.04257098163987,-104.57757464374924
503634,411.0,515.8994400356414,-104.89944003564142
250000,909.103,1014.0126709648727,-104.90964362112265
19823,17.0417,122.00064198061145,-104.95894161745227
861524,865.604,970.5879822551885,-104.98397834893854
108339,157.4,262.55023374512086,-105.15023984863649
118858,339.932,445.0934769183514,-105.16147008241393
671507,1209.27,1314.4549027253754,-105.1848831941254
108339,157.083,262.55023374512086,-105.46724119140993
254766,198.58,304.0705613478686,-105.4905595168139
36180,167.75,273.2553258757108,-105.50532587571081
59200,38.7,144.33938762585132,-105.63938686291186
149704,1.049,106.69170156945394,-105.64270154465841
139683,739.5,845.1931430367855,-105.6931430367855
283000,275.22,380.99160520837177,-105.77160398766864
282200,308.16,413.96836488381973,-105.80836122171036
428647,1254.0,1359.9465007974802,-105.94650079748021
138316,230.0,336.2114132903778,-106.21141329037778
138316,230.0,336.2114132903778,-106.21141329037778
461647,1054.56,1160.9033059683068,-106.34324737455677
450000,1129.19,1235.7242122358653,-106.53427082961525
190817,569.017,675.630808969207,-106.61378016061326
108339,155.633,262.55023374512086,-106.91723813965211
158000,108.81,215.75795041243782,-106.94795285384407
108339,155.383,262.55023374512086,-107.16723813965211
111195,64.0,171.2247750857169,-107.22477508571691
273234,792.401,899.6352102204693,-107.23420924390678
272278,354.04,461.36207272183134,-107.32206417690946
370024,319.0,426.44080641084673,-107.44080641084673
207115,367.737,475.3141157367733,-107.57711622505457
127632,245.0,352.9154120660212,-107.91541206602119
270034,300.9,408.9986724895473,-108.09867859306291
91149,445.0,553.2333649124221,-108.23336491242208
745671,878.0,986.2969036256823,-108.29690362568226
36180,164.75,273.2553258757108,-108.50532587571081
91149,444.5,553.2333649124221,-108.73336491242208
161969,78.0,187.00168758470028,-109.00168758470028
179115,340.0,449.11223049695457,-109.11223049695457
59200,34.87,144.33938762585132,-109.46938869396655
154706,887.0,996.5970599576602,-109.59705995766024
294812,189.617,299.38857644367727,-109.77157204914602
86120,48.05,157.98160241091173,-109.93160317385119
119262,47.0,157.32746455550753,-110.32746455550753
442438,1472.31,1583.0083855525718,-110.69832695882178
193800,85.4,196.48379335704252,-111.08379183116361
108339,151.15,262.55023374512086,-111.40023984863649
237518,921.932,1033.7266117966929,-111.79460496075535
127632,241.0,352.9154120660212,-111.91541206602119
356000,45.39,157.35920943052133,-111.9692100408729
99975,172.08,284.2229488047075,-112.14294697365284
111195,59.0,171.2247750857169,-112.22477508571691
111195,59.0,171.2247750857169,-112.22477508571691
111195,59.0,171.2247750857169,-112.22477508571691
63348,241.63,353.8889700163009,-112.2589651334884
190817,563.2,675.630808969207,-112.43079676217576
59200,31.54,144.33938762585132,-112.79938671032397
174924,129.0,242.05418410596482,-113.05418410596482
59200,31.1,144.33938762585132,-113.23938724438159
68693,175.0,288.3336933551416,-113.33369335514158
166489,0.0,113.48848531554127,-113.48848531554127
272278,347.87,461.36207272183134,-113.49207760464384
271300,0.72,114.56615837559549,-113.84615834698526
143973,182.442,296.3328540166615,-113.89085267388805
350000,216.31,330.21671316976483,-113.90671561117108
271300,0.64,114.56615837559549,-113.9261583899006
103200,229.7,343.91486905530076,-114.21487210705857
237518,919.362,1033.7266117966929,-114.3646122849741
322341,915.65,1030.148479454454,-114.49845504039149
503634,401.0,515.8994400356414,-114.89944003564142
503634,401.0,515.8994400356414,-114.89944003564142
116186,167.095,282.02003694459665,-114.92503572389353
261188,2380.87,2495.8661686140485,-114.99605142654855
279840,583.3,698.6256467920473,-115.32565899907854
116186,166.317,282.02003694459665,-115.70303560182322
174601,94.5,210.2189108675609,-115.71891086756091
671507,1198.59,1314.4549027253754,-115.8649369050629
166856,167.748,283.73101376496606,-115.98301266633325
174924,126.0,242.05418410596482,-116.05418410596482
174924,126.0,242.05418410596482,-116.05418410596482
204349,324.13,440.2521419065407,-116.12213702372821
68693,172.2,288.3336933551416,-116.13369640689939
294812,183.175,299.38857644367727,-116.21357339191945
356000,41.1,157.35920943052133,-116.25921095640024
450000,1119.31,1235.7242122358653,-116.41415364211525
235000,253.95,370.4077681017563,-116.4577711535141
88300,59.97,176.75424031376585,-116.78423909306272
272278,344.53,461.36207272183134,-116.83207394253446
503634,399.0,515.8994400356414,-116.89944003564142
138316,219.2,336.2114132903778,-117.01141634213559
90697,56.5,173.55121613287517,-117.05121613287517
204349,322.63,440.2521419065407,-117.62213702372821
143228,754.0,871.6615900076947,-117.66159000769471
73200,0.0,118.01822999378687,-118.01822999378687
68693,169.025,288.3336933551416,-119.3086994586572
190817,556.117,675.630808969207,-119.51380457467576
59200,24.73,144.33938762585132,-119.60938808361499
555243,326.76,446.860206871798,-120.10019710617303
279840,578.525,698.6256467920473,-120.10062237798479
81390,120.062,240.18261134876292,-120.12061488880198
74886,280.0,400.8094717582333,-120.80947175823331
150318,454.0,575.1932973330046,-121.19329733300458
184098,505.603,627.1424160075418,-121.53941918136991
118489,132.678,254.45819482874495,-121.78020105433089
322341,908.35,1030.148479454454,-121.79850386851649
350000,208.35,330.21671316976483,-121.8667070662492
90900,42.97,165.19638811422217,-122.22638689351905
82548,0.0939,122.43459414597746,-122.3406941434383
82548,0.0939,122.43459414597746,-122.3406941434383
34400,125.96,248.80430081087607,-122.84430172640342
207000,351.62,474.81716252666666,-123.19716740947916
279840,575.15,698.6256467920473,-123.47562237798479
59200,20.69,144.33938762585132,-123.6493870917937
143973,172.537,296.3328540166615,-123.79585145318492
450000,1111.64,1235.7242122358653,-124.08419758742775
59200,20.15,144.33938762585132,-124.18938800732104
34400,124.52,248.80430081087607,-124.28430416780967
137522,0.0,124.566979656218,-124.566979656218
204998,254.947,379.6055414834429,-124.65853525785695
16472,154.663,279.62874314253787,-124.96574875777225
49990,51.3667,176.4937967038835,-125.1270974851335
267536,509.782,634.9900606018931,-125.20804766243998
259989,1262.57,1387.913414546317,-125.34346825725447
442438,1457.13,1583.0083855525718,-125.87838066975928
161969,61.0,187.00168758470028,-126.00168758470028
118489,128.02,254.45819482874495,-126.43819055628401
370024,300.0,426.44080641084673,-126.44080641084673
90411,0.0,126.9424267445607,-126.9424267445607
90411,0.0,126.9424267445607,-126.9424267445607
90411,0.0,126.9424267445607,-126.9424267445607
90411,0.0,126.9424267445607,-126.9424267445607
287419,0.0,127.00076750364413,-127.00076750364413
287419,0.0,127.00076750364413,-127.00076750364413
861524,842.531,970.5879822551885,-128.05697639581354
118489,126.25,254.45819482874495,-128.20819482874495
322341,901.6,1030.148479454454,-128.5485038685165
247471,207.499,336.1821165235474,-128.68312360362552
875000,1350.83,1479.7770206063994,-128.94706455171195
105167,569.137,698.3886292797871,-129.25160535400585
34400,119.55,248.80430081087607,-129.25429775911826
328760,605.33,734.9606495921611,-129.63063250231733
229000,259.48,389.49417768129007,-130.01416669496194
270034,278.9,408.9986724895473,-130.0986785930629
234476,201.599,331.70978337316245,-130.11078434972495
116186,151.37,282.02003694459665,-130.65004182740915
273234,768.939,899.6352102204693,-130.69618434156303
139683,714.25,845.1931430367855,-130.9431430367855
116186,150.778,282.02003694459665,-131.24203706666697
34400,117.48,248.80430081087607,-131.32429745394248
52957,0.0,131.3705206749869,-131.3705206749869
52957,0.0,131.3705206749869,-131.3705206749869
52957,0.0,131.3705206749869,-131.3705206749869
52957,0.0,131.3705206749869,-131.3705206749869
400000,1217.52,1349.0945370527375,-131.57451752148745
18717,0.0,131.811269537185,-131.811269537185
18717,0.0,131.811269537185,-131.811269537185
18717,0.0,131.811269537185,-131.811269537185
18717,0.0,131.811269537185,-131.811269537185
18717,0.0,131.811269537185,-131.811269537185
278369,185.8,318.0542574749598,-132.25425442320198
85039,237.68,370.00177881801653,-132.32178614223528
305047,309.579,441.9747944850977,-132.39578447533205
181805,323.0,455.8272082897085,-132.8272082897085
428647,1227.0,1359.9465007974802,-132.9465007974802
60088,0.0,132.97651905397544,-132.97651905397544
60088,0.0,132.97651905397544,-132.97651905397544
60088,0.0,132.97651905397544,-132.97651905397544
60088,0.0,132.97651905397544,-132.97651905397544
60088,0.0,132.97651905397544,-132.97651905397544
861524,837.518,970.5879822551885,-133.06997688409479
322341,897.075,1030.148479454454,-133.07346724742274
103924,0.0,133.3234116640171,-133.3234116640171
272278,327.93,461.36207272183134,-133.4320800460501
150318,441.5,575.1932973330046,-133.69329733300458
66121,0.0,133.9063732487111,-133.9063732487111
66121,0.0,133.9063732487111,-133.9063732487111
167066,212.86,346.88081728420934,-134.02081667385778
190817,541.267,675.630808969207,-134.36378016061326
105167,563.892,698.3886292797871,-134.49660047119335
259989,1253.04,1387.913414546317,-134.87337548381697
272278,326.36,461.36207272183134,-135.00208737026884
189425,52.5,187.55360453964565,-135.05360453964565
278369,183.0,318.0542574749598,-135.0542574749598
370024,291.0,426.44080641084673,-135.44080641084673
226042,460.95,596.488857664748,-135.53884545771677
328760,599.38,734.9606495921611,-135.58064470934858
344798,786.0,921.620763865022,-135.620763865022
118489,118.302,254.45819482874495,-136.15619287561995
139683,709.0,845.1931430367855,-136.1931430367855
745671,850.0,986.2969036256823,-136.29690362568226
250000,877.63,1014.0126709648727,-136.38266608206015
27814,169.75,306.41005068900006,-136.66005068900006
12185,25.5,162.22061328441106,-136.72061328441106
282200,276.63,413.96836488381973,-137.33836000100723
12185,24.6,162.22061328441106,-137.62061290294133
350000,192.51,330.21671316976483,-137.7067186629289
400000,1211.28,1349.0945370527375,-137.81450775586245
272278,322.55,461.36207272183134,-138.8120849288626
325217,405.59,544.6984712620099,-139.10847492411926
89456,0.0,139.4143177820109,-139.4143177820109
294812,159.82,299.38857644367727,-139.56856911945852
105167,558.541,698.3886292797871,-139.8476136547871
85039,229.93,370.00177881801653,-140.07178614223528
118489,114.2,254.45819482874495,-140.25819788050276
555243,306.48,446.860206871798,-140.3801958854699
7432,0.0,140.6190242294935,-140.6190242294935
7432,0.0,140.6190242294935,-140.6190242294935
34565,0.0,140.87871062522328,-140.87871062522328
262156,133.378,274.5210589133958,-141.14305293195048
12185,20.9,162.22061328441106,-141.32061366588078
229000,248.17,389.49417768129007,-141.32417951234476
12185,20.6,162.22061328441106,-141.62061290294133
250000,872.086,1014.0126709648727,-141.9266724297164
279840,556.475,698.6256467920473,-142.1506712061098
394000,525.77,667.9862093220904,-142.21618979084042
399331,347.0,489.2977917993175,-142.2977917993175
370024,284.0,426.44080641084673,-142.44080641084673
64743,0.0,142.47266701093585,-142.47266701093585
247471,193.604,336.1821165235474,-142.5781126172974
270034,266.0,408.9986724895473,-142.9986724895473
394000,524.78,667.9862093220904,-143.20618002521542
189425,44.25,187.55360453964565,-143.30360453964565
12185,18.7,162.22061328441106,-143.5206125214716
189425,43.5,187.55360453964565,-144.05360453964565
190817,531.45,675.630808969207,-144.18079676217576
37100,0.0,144.1811860548558,-144.1811860548558
37100,0.0,144.1811860548558,-144.1811860548558
37100,0.0,144.1811860548558,-144.1811860548558
37100,0.0,144.1811860548558,-144.1811860548558
37100,0.0,144.1811860548558,-144.1811860548558
37100,0.0,144.1811860548558,-144.1811860548558
59200,0.0,144.33938762585132,-144.33938762585132
59200,0.0,144.33938762585132,-144.33938762585132
59200,0.0,144.33938762585132,-144.33938762585132
59200,0.0,144.33938762585132,-144.33938762585132
59200,0.0,144.33938762585132,-144.33938762585132
59200,0.0,144.33938762585132,-144.33938762585132
59200,0.0,144.33938762585132,-144.33938762585132
59200,0.0,144.33938762585132,-144.33938762585132
59200,0.0,144.33938762585132,-144.33938762585132
59200,0.0,144.33938762585132,-144.33938762585132
59200,0.0,144.33938762585132,-144.33938762585132
59200,0.0,144.33938762585132,-144.33938762585132
59200,0.0,144.33938762585132,-144.33938762585132
59200,0.0,144.33938762585132,-144.33938762585132
59200,0.0,144.33938762585132,-144.33938762585132
59200,0.0,144.33938762585132,-144.33938762585132
59200,0.0,144.33938762585132,-144.33938762585132
59200,0.0,144.33938762585132,-144.33938762585132
59200,0.0,144.33938762585132,-144.33938762585132
59200,0.0,144.33938762585132,-144.33938762585132
59200,0.0,144.33938762585132,-144.33938762585132
305047,297.493,441.9747944850977,-144.4817830104883
12185,17.7046,162.22061328441106,-144.5160139039179
207000,329.91,474.81716252666666,-144.9071588645573
304333,1368.04,1513.0803304467377,-145.04029138423766
304333,1368.02,1513.0803304467377,-145.06031091548766
270034,263.8,408.9986724895473,-145.19868469657854
234476,186.386,331.70978337316245,-145.3237817862484
294812,153.671,299.38857644367727,-145.71757119465383
400000,1203.36,1349.0945370527375,-145.73455170117495
328760,588.88,734.9606495921611,-146.08064470934858
154706,850.0,996.5970599576602,-146.59705995766024
153700,646.002,792.6468324129391,-146.6448182527829
442438,1435.8,1583.0083855525718,-147.20833672444678
461647,1013.4,1160.9033059683068,-147.50328155424427
235000,222.88,370.4077681017563,-147.5277632189438
322341,882.225,1030.148479454454,-147.9235038685165
295000,974.63,1122.6746700490041,-148.04466516619163
288800,485.89,634.3435119042247,-148.45349725578717
585955,910.92,1059.7206216151667,-148.80063870501044
336650,1102.42,1252.0401643932785,-149.62012044796597
394000,518.35,667.9862093220904,-149.63623373615292
272278,311.19,461.36207272183134,-150.1720702804251
81580,89.4901,239.73292916022604,-150.2428321143276
85039,219.15,370.00177881801653,-150.85178492153216
104200,102.14,253.13825045868995,-150.99825106904152
190817,523.95,675.630808969207,-151.68079676217576
109588,294.428,446.27715079315226,-151.84914175994913
442438,1430.78,1583.0083855525718,-152.22835625569678
85039,217.52,370.00177881801653,-152.4817745455556
63348,201.07,353.8889700163009,-152.81896269208215
234476,178.841,331.70978337316245,-152.8687799551937
226042,443.29,596.488857664748,-153.19884911982615
279840,545.325,698.6256467920473,-153.30063458501604
12185,8.9046,162.22061328441106,-153.31601314097844
127632,199.5,352.9154120660212,-153.4154120660212
293990,260.905,414.8798689370292,-153.9748701577323
12185,8.2029,162.22061328441106,-154.01771335154973
12185,8.0031,162.22061328441106,-154.21751288920842
12185,7.8029,162.22061328441106,-154.41771344691716
270034,254.5,408.9986724895473,-154.4986724895473
325217,390.08,544.6984712620099,-154.61848468974426
282200,259.32,413.96836488381973,-154.64835755960098
270034,253.9,408.9986724895473,-155.0986785930629
325217,389.48,544.6984712620099,-155.21846027568176
293990,259.582,414.8798689370292,-155.2978682046073
322341,874.85,1030.148479454454,-155.2985038685165
328760,579.4,734.9606495921611,-155.56062517809858
238065,345.75,501.6835054345884,-155.93350543458843
12185,6.2031,162.22061328441106,-156.01751307994328
226042,440.32,596.488857664748,-156.16885034052927
77469,53.92,210.3204192567057,-156.40042108776038
115676,0.0,156.5017153738466,-156.5017153738466
104200,96.48,253.13825045868995,-156.65824710175636
461647,1004.04,1160.9033059683068,-156.86332794096302
127632,196.0,352.9154120660212,-156.9154120660212
237518,876.311,1033.7266117966929,-157.4156376755991
254766,146.19,304.0705613478686,-157.88055890646234
400000,1190.88,1349.0945370527375,-158.21453216992495
235000,210.53,370.4077681017563,-159.87776932245941
394000,507.26,667.9862093220904,-160.72619955646542
111518,83.025,243.8752585977585,-160.85025707187958
270034,248.1,408.9986724895473,-160.89866638603166
235000,208.95,370.4077681017563,-161.4577711535141
12185,0.1664,162.22061328441106,-162.05421328395806
671507,1151.5,1314.4549027253754,-162.9549027253754
41617,0.0,163.2785538961119,-163.2785538961119
41617,0.0,163.2785538961119,-163.2785538961119
41617,0.0,163.2785538961119,-163.2785538961119
41617,0.0,163.2785538961119,-163.2785538961119
41617,0.0,163.2785538961119,-163.2785538961119
229000,225.93,389.49417768129007,-163.56418500550882
344798,758.0,921.620763865022,-163.620763865022
193723,0.0,163.727659602302,-163.727659602302
861524,806.433,970.5879822551885,-164.15499885675104
850354,1866.92,2031.5649549488821,-164.64491100356963
40142,30.8333,195.9503806263049,-165.11708098946409
26944,0.0,165.33058499822445,-165.33058499822445
26944,0.0,165.33058499822445,-165.33058499822445
26944,0.0,165.33058499822445,-165.33058499822445
26944,0.0,165.33058499822445,-165.33058499822445
26944,0.0,165.33058499822445,-165.33058499822445
26944,0.0,165.33058499822445,-165.33058499822445
26944,0.0,165.33058499822445,-165.33058499822445
26944,0.0,165.33058499822445,-165.33058499822445
442438,1417.61,1583.0083855525718,-165.39840020100928
107730,0.0,166.37389607572766,-166.37389607572766
370024,260.0,426.44080641084673,-166.44080641084673
270034,241.9,408.9986724895473,-167.0986785930629
280225,1010.2,1178.329089375308,-168.1290771682768
428647,1191.0,1359.9465007974802,-168.9465007974802
122746,0.0,169.4339466678289,-169.4339466678289
122746,0.0,169.4339466678289,-169.4339466678289
122746,0.0,169.4339466678289,-169.4339466678289
85039,200.4,370.00177881801653,-169.60178492153216
97532,84.2594,253.9663692615684,-169.7069698475059
143228,699.0,871.6615900076947,-172.6615900076947
809530,0.0,172.67594423419908,-172.67594423419908
34400,75.67,248.80430081087607,-173.13430264193076
279840,525.4,698.6256467920473,-173.2256223779848
229000,214.71,389.49417768129007,-174.78417096742288
376507,27.79,203.21563190985316,-175.42563099432581
272278,285.71,461.36207272183134,-175.6520812667532
280225,1002.63,1178.329089375308,-175.69908449249556
34400,72.95,248.80430081087607,-175.85430386263388
671507,1138.48,1314.4549027253754,-175.9749222566254
336650,1075.69,1252.0401643932785,-176.35022298702847
450000,1059.26,1235.7242122358653,-176.46420247024025
166856,106.287,283.73101376496606,-177.4440112014895
376507,25.57,203.21563190985316,-177.64563221502894
85039,192.3,370.00177881801653,-177.70177576625872
328760,556.16,734.9606495921611,-178.80067644762983
34400,69.34,248.80430081087607,-179.46430447298545
226042,416.95,596.488857664748,-179.53884545771677
65359,0.0,180.1350278351708,-180.1350278351708
65359,0.0,180.1350278351708,-180.1350278351708
65359,0.0,180.1350278351708,-180.1350278351708
65359,0.0,180.1350278351708,-180.1350278351708
65359,0.0,180.1350278351708,-180.1350278351708
65359,0.0,180.1350278351708,-180.1350278351708
65359,0.0,180.1350278351708,-180.1350278351708
65359,0.0,180.1350278351708,-180.1350278351708
332884,397.922,578.076293883577,-180.15429681326452
376507,22.93,203.21563190985316,-180.28563160467738
92288,581.042,761.4599746283645,-180.41798244086453
229000,208.92,389.49417768129007,-180.57417951234476
150695,723.83,904.7761953101565,-180.94617822031273
7867,125.591,307.59799233552036,-182.0069889175516
80942,0.0,183.1534888387348,-183.1534888387348
80942,0.0,183.1534888387348,-183.1534888387348
80942,0.0,183.1534888387348,-183.1534888387348
80942,0.0,183.1534888387348,-183.1534888387348
80942,0.0,183.1534888387348,-183.1534888387348
80942,0.0,183.1534888387348,-183.1534888387348
80942,0.0,183.1534888387348,-183.1534888387348
80942,0.0,183.1534888387348,-183.1534888387348
80942,0.0,183.1534888387348,-183.1534888387348
80942,0.0,183.1534888387348,-183.1534888387348
247471,152.845,336.1821165235474,-183.33711530284427
226042,412.85,596.488857664748,-183.6388515612324
83957,0.0,184.6765721598071,-184.6765721598071
83957,0.0,184.6765721598071,-184.6765721598071
83957,0.0,184.6765721598071,-184.6765721598071
83957,0.0,184.6765721598071,-184.6765721598071
83957,0.0,184.6765721598071,-184.6765721598071
83957,0.0,184.6765721598071,-184.6765721598071
83957,0.0,184.6765721598071,-184.6765721598071
83957,0.0,184.6765721598071,-184.6765721598071
83957,0.0,184.6765721598071,-184.6765721598071
83957,0.0,184.6765721598071,-184.6765721598071
83957,0.0,184.6765721598071,-184.6765721598071
585955,874.8,1059.7206216151667,-184.92063382219794
97532,69.0,253.9663692615684,-184.9663692615684
34400,63.22,248.80430081087607,-185.58429959017295
34400,62.69,248.80430081087607,-186.1143021841671
218024,0.0,187.21198291919106,-187.21198291919106
376507,15.28,203.21563190985316,-187.93563217688197
237704,0.0,188.4720388998697,-188.4720388998697
376507,13.9,203.21563190985316,-189.31563229132288
340000,486.86,677.5347811429504,-190.67479579138785
376507,12.4,203.21563190985316,-190.81563229132288
376507,11.95,203.21563190985316,-191.26563210058802
234476,140.3,331.70978337316245,-191.40978032140464
99380,0.0,191.82231565136632,-191.82231565136632
99380,0.0,191.82231565136632,-191.82231565136632
99380,0.0,191.82231565136632,-191.82231565136632
340000,485.65,677.5347811429504,-191.88478724646598
376507,11.32,203.21563190985316,-191.89563221502894
376507,10.93,203.21563190985316,-192.28563160467738
305047,249.456,441.9747944850977,-192.51880083275393
325217,352.09,544.6984712620099,-192.60847492411926
850354,1838.79,2031.5649549488821,-192.77491588638213
376507,9.43,203.21563190985316,-193.78563160467738
577101,1827.87,2022.965188849383,-195.0951937321954
400000,1153.44,1349.0945370527375,-195.65459564648745
332884,382.063,578.076293883577,-196.01330560232702
143228,675.0,871.6615900076947,-196.6615900076947
267536,437.829,634.9900606018931,-197.16105059212748
295000,925.26,1122.6746700490041,-197.41466028337913
103286,0.0,198.39764755015386,-198.39764755015386
103286,0.0,198.39764755015386,-198.39764755015386
103286,0.0,198.39764755015386,-198.39764755015386
103286,0.0,198.39764755015386,-198.39764755015386
103286,0.0,198.39764755015386,-198.39764755015386
376507,4.57,203.21563190985316,-198.64563173819178
38686,0.0,198.87820013820019,-198.87820013820019
38686,0.0,198.87820013820019,-198.87820013820019
38686,0.0,198.87820013820019,-198.87820013820019
38686,0.0,198.87820013820019,-198.87820013820019
38686,0.0,198.87820013820019,-198.87820013820019
376507,3.79,203.21563190985316,-199.42563194800013
97532,54.0,253.9663692615684,-199.9663692615684
376507,1.63,203.21563190985316,-201.58563191462153
85039,168.36,370.00177881801653,-201.64177820766497
861524,768.722,970.5879822551885,-201.86599739190729
34400,46.86,248.80430081087607,-201.9443002005245
149762,670.95,873.4518663680286,-202.50185416099737
70852,126.832,330.6973032654089,-203.86530253298702
64619,0.0,204.0572778409249,-204.0572778409249
64619,0.0,204.0572778409249,-204.0572778409249
64619,0.0,204.0572778409249,-204.0572778409249
64619,0.0,204.0572778409249,-204.0572778409249
64619,0.0,204.0572778409249,-204.0572778409249
64619,0.0,204.0572778409249,-204.0572778409249
252268,0.0,204.73899906454778,-204.73899906454778
259989,1182.28,1387.913414546317,-205.63338524944197
394000,462.08,667.9862093220904,-205.9062227498248
305047,236.005,441.9747944850977,-205.96978960228518
34400,42.63,248.80430081087607,-206.17429974276084
484376,4476.85,4683.457949977874,-206.6078523216238
420885,725.83,932.7145570248197,-206.88453993497592
23685,0.0,207.2748390233936,-207.2748390233936
23685,0.0,207.2748390233936,-207.2748390233936
23685,0.0,207.2748390233936,-207.2748390233936
23685,0.0,207.2748390233936,-207.2748390233936
23685,0.0,207.2748390233936,-207.2748390233936
34400,41.09,248.80430081087607,-207.71430065828818
74886,193.0,400.8094717582333,-207.80947175823331
34400,40.69,248.80430081087607,-208.1143021841671
585955,850.2,1059.7206216151667,-209.52060940813544
194188,0.0,210.35453750199278,-210.35453750199278
194188,0.0,210.35453750199278,-210.35453750199278
194188,0.0,210.35453750199278,-210.35453750199278
194188,0.0,210.35453750199278,-210.35453750199278
194188,0.0,210.35453750199278,-210.35453750199278
194188,0.0,210.35453750199278,-210.35453750199278
194188,0.0,210.35453750199278,-210.35453750199278
194188,0.0,210.35453750199278,-210.35453750199278
45330,0.0,212.8147495567521,-212.8147495567521
45330,0.0,212.8147495567521,-212.8147495567521
45330,0.0,212.8147495567521,-212.8147495567521
45330,0.0,212.8147495567521,-212.8147495567521
45330,0.0,212.8147495567521,-212.8147495567521
97532,41.0,253.9663692615684,-212.9663692615684
259989,1174.93,1387.913414546317,-212.98336083537947
474680,615.89,828.9407222355082,-213.05070758707075
325217,330.72,544.6984712620099,-213.97847004130676
118489,40.0,254.45819482874495,-214.45819482874495
111518,29.15,243.8752585977585,-214.72525897922822
111518,28.675,243.8752585977585,-215.20025936069794
113866,746.721,962.280616538164,-215.5596082373828
325217,326.66,544.6984712620099,-218.0384675999005
111518,24.325,243.8752585977585,-219.55025783481904
83379,0.0,219.83548735849715,-219.83548735849715
83379,0.0,219.83548735849715,-219.83548735849715
83379,0.0,219.83548735849715,-219.83548735849715
83379,0.0,219.83548735849715,-219.83548735849715
83379,0.0,219.83548735849715,-219.83548735849715
83379,0.0,219.83548735849715,-219.83548735849715
83379,0.0,219.83548735849715,-219.83548735849715
83379,0.0,219.83548735849715,-219.83548735849715
76257,0.0,220.26800748661776,-220.26800748661776
76257,0.0,220.26800748661776,-220.26800748661776
76257,0.0,220.26800748661776,-220.26800748661776
76257,0.0,220.26800748661776,-220.26800748661776
76257,0.0,220.26800748661776,-220.26800748661776
76257,0.0,220.26800748661776,-220.26800748661776
305047,221.214,441.9747944850977,-220.7607899684961
745671,764.0,986.2969036256823,-222.29690362568226
216050,0.0,222.36267831293594,-222.36267831293594
237702,158.0,380.97897339947025,-222.97897339947025
305047,218.707,441.9747944850977,-223.2677937526758
325217,319.61,544.6984712620099,-225.0884859104474
336650,1026.54,1252.0401643932785,-225.50012533077847
111518,18.325,243.8752585977585,-225.55025783481904
261188,2269.86,2495.8661686140485,-226.00606119217355
305224,0.0,227.62045522497522,-227.62045522497522
305224,0.0,227.62045522497522,-227.62045522497522
305224,0.0,227.62045522497522,-227.62045522497522
305224,0.0,227.62045522497522,-227.62045522497522
305047,213.51,441.9747944850977,-228.46479997826174
111518,15.325,243.8752585977585,-228.55025878849335
48392,0.0,229.75574595331832,-229.75574595331832
48392,0.0,229.75574595331832,-229.75574595331832
48392,0.0,229.75574595331832,-229.75574595331832
48392,0.0,229.75574595331832,-229.75574595331832
48392,0.0,229.75574595331832,-229.75574595331832
92288,531.375,761.4599746283645,-230.08497462836453
111518,12.45,243.8752585977585,-231.42525878849335
155439,0.0,231.80195039273138,-231.80195039273138
155439,0.0,231.80195039273138,-231.80195039273138
155439,0.0,231.80195039273138,-231.80195039273138
155439,0.0,231.80195039273138,-231.80195039273138
155439,0.0,231.80195039273138,-231.80195039273138
155439,0.0,231.80195039273138,-231.80195039273138
155439,0.0,231.80195039273138,-231.80195039273138
155439,0.0,231.80195039273138,-231.80195039273138
155439,0.0,231.80195039273138,-231.80195039273138
155439,0.0,231.80195039273138,-231.80195039273138
261188,2263.24,2495.8661686140485,-232.62617837967355
111518,7.975,243.8752585977585,-235.90025869312592
74886,163.0,400.8094717582333,-237.80947175823331
111518,5.675,243.8752585977585,-238.20025840702363
111518,5.35,243.8752585977585,-238.52525869312592
238065,263.05,501.6835054345884,-238.63351764161968
92288,522.5,761.4599746283645,-238.95997462836453
394000,428.89,667.9862093220904,-239.09619467365292
492898,183.0,422.440029221261,-239.440029221261
113866,722.49,962.280616538164,-239.79062630378905
110235,0.0,240.67440159613253,-240.67440159613253
110235,0.0,240.67440159613253,-240.67440159613253
234819,0.0,240.80216072390851,-240.80216072390851
381221,263.433,505.0185808444137,-241.58556692839807
70852,88.647,330.6973032654089,-242.05030009158077
49073,0.0,242.67259143984117,-242.67259143984117
49073,0.0,242.67259143984117,-242.67259143984117
49073,0.0,242.67259143984117,-242.67259143984117
49073,0.0,242.67259143984117,-242.67259143984117
155882,116.76,360.2133095557216,-243.45330741949113
394000,423.08,667.9862093220904,-244.9062227498248
671507,1069.28,1314.4549027253754,-245.1748734285004
420885,686.772,932.7145570248197,-245.94258436856967
381221,258.834,505.0185808444137,-246.18456595183557
70852,83.839,330.6973032654089,-246.85830637820186
187647,0.0,247.79888376222385,-247.79888376222385
187647,0.0,247.79888376222385,-247.79888376222385
187647,0.0,247.79888376222385,-247.79888376222385
187647,0.0,247.79888376222385,-247.79888376222385
187647,0.0,247.79888376222385,-247.79888376222385
187647,0.0,247.79888376222385,-247.79888376222385
261188,2245.14,2495.8661686140485,-250.72627603592355
92288,509.958,761.4599746283645,-251.50196681586453
74886,149.0,400.8094717582333,-251.80947175823331
74886,149.0,400.8094717582333,-251.80947175823331
70852,78.461,330.6973032654089,-252.23630473025264
474680,576.19,828.9407222355082,-252.750719794102
97532,0.0405,253.9663692615684,-253.92586926144918
97532,0.0405,253.9663692615684,-253.92586926144918
97532,0.0405,253.9663692615684,-253.92586926144918
259989,1133.66,1387.913414546317,-254.25338036662947
261188,2240.88,2495.8661686140485,-254.98628580154855
16472,23.784,279.62874314253787,-255.84474274580936
150695,647.73,904.7761953101565,-257.0462148414065
16472,22.195,279.62874314253787,-257.43374344771365
16472,22.191,279.62874314253787,-257.43774315779666
261188,2238.41,2495.8661686140485,-257.45625650467355
585955,801.96,1059.7206216151667,-257.76059964251044
70852,72.832,330.6973032654089,-257.865302532987
238065,243.6,501.6835054345884,-258.0834993310728
16472,21.518,279.62874314253787,-258.11074349349
16472,20.624,279.62874314253787,-259.00474259322147
86250,0.0,259.87633940936547,-259.87633940936547
86250,0.0,259.87633940936547,-259.87633940936547
86250,0.0,259.87633940936547,-259.87633940936547
86250,0.0,259.87633940936547,-259.87633940936547
86250,0.0,259.87633940936547,-259.87633940936547
86250,0.0,259.87633940936547,-259.87633940936547
86250,0.0,259.87633940936547,-259.87633940936547
86250,0.0,259.87633940936547,-259.87633940936547
86250,0.0,259.87633940936547,-259.87633940936547
86250,0.0,259.87633940936547,-259.87633940936547
86250,0.0,259.87633940936547,-259.87633940936547
86250,0.0,259.87633940936547,-259.87633940936547
16472,17.057,279.62874314253787,-262.5717439359949
70852,67.531,330.6973032654089,-263.1663050354284
16472,16.056,279.62874314253787,-263.5727433866785
31666,0.0,264.98099477752817,-264.98099477752817
31666,0.0,264.98099477752817,-264.98099477752817
31666,0.0,264.98099477752817,-264.98099477752817
261188,2230.35,2495.8661686140485,-265.51607095779855
16472,13.507,279.62874314253787,-266.12174317305545
16472,13.391,279.62874314253787,-266.2377433485315
16472,12.603,279.62874314253787,-267.02574345534305
16472,12.595,279.62874314253787,-267.03374287550906
60809,0.0,268.4740785008974,-268.4740785008974
60809,0.0,268.4740785008974,-268.4740785008974
60809,0.0,268.4740785008974,-268.4740785008974
60809,0.0,268.4740785008974,-268.4740785008974
60809,0.0,268.4740785008974,-268.4740785008974
60809,0.0,268.4740785008974,-268.4740785008974
60809,0.0,268.4740785008974,-268.4740785008974
70852,61.873,330.6973032654089,-268.8243021667761
61904,0.0,269.06916873077216,-269.06916873077216
61904,0.0,269.06916873077216,-269.06916873077216
249457,457.25,728.4353757297193,-271.18537572971934
171084,158.735,431.1147095639468,-272.37970895359524
207000,200.45,474.81716252666666,-274.3671655784245
332447,0.0,275.05455627048576,-275.05455627048576
394000,392.5,667.9862093220904,-275.4862093220904
261188,2219.37,2495.8661686140485,-276.49605142654855
238065,224.65,501.6835054345884,-277.03351153810405
394000,390.33,667.9862093220904,-277.6562227498248
394000,389.65,667.9862093220904,-278.33621542560604
280225,898.818,1178.329089375308,-279.51109621124556
280225,898.702,1178.329089375308,-279.62706300812056
875000,1200.12,1479.7770206063994,-279.65702548921195
249457,448.458,728.4353757297193,-279.97736791721934
70852,50.447,330.6973032654089,-280.2503046692175
21958,141.35,422.1518407215899,-280.8018346180743
238065,219.4,501.6835054345884,-282.28351153810405
400000,1066.8,1349.0945370527375,-282.29448822461245
70852,48.278,330.6973032654089,-282.4193033874792
229973,104.0,387.22993546013765,-283.22993546013765
70852,47.254,330.6973032654089,-283.44330164797725
70852,45.194,330.6973032654089,-285.50330302126827
70852,45.046,330.6973032654089,-285.6513018310827
42731,0.0,285.8014530234961,-285.8014530234961
42731,0.0,285.8014530234961,-285.8014530234961
42731,0.0,285.8014530234961,-285.8014530234961
42731,0.0,285.8014530234961,-285.8014530234961
42731,0.0,285.8014530234961,-285.8014530234961
42731,0.0,285.8014530234961,-285.8014530234961
42731,0.0,285.8014530234961,-285.8014530234961
42731,0.0,285.8014530234961,-285.8014530234961
42731,0.0,285.8014530234961,-285.8014530234961
42731,0.0,285.8014530234961,-285.8014530234961
42731,0.0,285.8014530234961,-285.8014530234961
42731,0.0,285.8014530234961,-285.8014530234961
42731,0.0,285.8014530234961,-285.8014530234961
42731,0.0,285.8014530234961,-285.8014530234961
42731,0.0,285.8014530234961,-285.8014530234961
42731,0.0,285.8014530234961,-285.8014530234961
42731,0.0,285.8014530234961,-285.8014530234961
42731,0.0,285.8014530234961,-285.8014530234961
42731,0.0,285.8014530234961,-285.8014530234961
42731,0.0,285.8014530234961,-285.8014530234961
70852,44.615,330.6973032654089,-286.0823015869421
387500,2233.9,2521.7285079102476,-287.8286055664976
70852,42.074,330.6973032654089,-288.62330195315303
461647,871.44,1160.9033059683068,-289.4633035269005
819577,1277.52,1567.879015226122,-290.35899569487196
21958,130.18,422.1518407215899,-291.97184804580866
21958,129.37,422.1518407215899,-292.7818456044024
340000,383.6,677.5347811429504,-293.9347750394347
106523,0.0,295.31966741302153,-295.31966741302153
106523,0.0,295.31966741302153,-295.31966741302153
106523,0.0,295.31966741302153,-295.31966741302153
106523,0.0,295.31966741302153,-295.31966741302153
110272,0.0,296.52759111706195,-296.52759111706195
110272,0.0,296.52759111706195,-296.52759111706195
110272,0.0,296.52759111706195,-296.52759111706195
110272,0.0,296.52759111706195,-296.52759111706195
110272,0.0,296.52759111706195,-296.52759111706195
110272,0.0,296.52759111706195,-296.52759111706195
110272,0.0,296.52759111706195,-296.52759111706195
110272,0.0,296.52759111706195,-296.52759111706195
671507,1017.92,1314.4549027253754,-296.53491981521915
21958,123.59,422.1518407215899,-298.5618443836993
819577,1268.64,1567.879015226122,-299.23900057768446
585955,759.72,1059.7206216151667,-300.0006509120417
113866,660.718,962.280616538164,-301.56259896003905
387500,2220.05,2521.7285079102476,-301.6784590821226
259989,1084.5,1387.913414546317,-303.413414546317
233937,0.0,303.6943419529466,-303.6943419529466
233937,0.0,303.6943419529466,-303.6943419529466
70852,26.31,330.6973032654089,-304.3873037994665
122122,0.0,304.9177275269143,-304.9177275269143
143228,566.0,871.6615900076947,-305.6615900076947
92288,455.75,761.4599746283645,-305.70997462836453
239638,0.0,305.73217919994926,-305.73217919994926
239638,0.0,305.73217919994926,-305.73217919994926
21958,115.61,422.1518407215899,-306.54184011123834
400000,1042.08,1349.0945370527375,-307.01458099804995
249457,421.277,728.4353757297193,-307.1583676730787
7867,0.0,307.59799233552036,-307.59799233552036
7867,0.0,307.59799233552036,-307.59799233552036
7867,0.0,307.59799233552036,-307.59799233552036
7867,0.0,307.59799233552036,-307.59799233552036
7867,0.0,307.59799233552036,-307.59799233552036
171084,122.0,431.1147095639468,-309.1147095639468
394000,358.41,667.9862093220904,-309.57620565998104
875000,1169.12,1479.7770206063994,-310.65702548921195
150695,594.09,904.7761953101565,-310.68616845468773
68094,0.0,315.273054807729,-315.273054807729
68094,0.0,315.273054807729,-315.273054807729
68094,0.0,315.273054807729,-315.273054807729
68094,0.0,315.273054807729,-315.273054807729
68094,0.0,315.273054807729,-315.273054807729
68094,0.0,315.273054807729,-315.273054807729
671507,996.68,1314.4549027253754,-317.77491004959415
150695,584.29,904.7761953101565,-320.48621728281273
21958,100.74,422.1518407215899,-321.4118428578204
259989,1064.55,1387.913414546317,-323.363365718192
387500,2198.15,2521.7285079102476,-323.5786055664976
850354,1707.45,2031.5649549488821,-324.11500377700713
249457,402.944,728.4353757297193,-325.4913754855787
143228,546.0,871.6615900076947,-325.6615900076947
381221,179.2,505.0185808444137,-325.8185838961715
280225,851.024,1178.329089375308,-327.3051025589018
671507,986.469,1314.4549027253754,-327.9859085847504
200933,0.0,328.5366152219145,-328.5366152219145
200933,0.0,328.5366152219145,-328.5366152219145
200933,0.0,328.5366152219145,-328.5366152219145
200933,0.0,328.5366152219145,-328.5366152219145
200933,0.0,328.5366152219145,-328.5366152219145
200933,0.0,328.5366152219145,-328.5366152219145
200933,0.0,328.5366152219145,-328.5366152219145
200933,0.0,328.5366152219145,-328.5366152219145
200933,0.0,328.5366152219145,-328.5366152219145
200933,0.0,328.5366152219145,-328.5366152219145
200933,0.0,328.5366152219145,-328.5366152219145
200933,0.0,328.5366152219145,-328.5366152219145
381221,175.0,505.0185808444137,-330.0185808444137
850354,1701.17,2031.5649549488821,-330.39491100356963
280225,845.44,1178.329089375308,-332.8890869339018
381221,171.665,505.0185808444137,-333.3535875582809
428647,1026.0,1359.9465007974802,-333.9465007974802
577101,1688.0,2022.965188849383,-334.9651888493829
819577,1229.28,1567.879015226122,-338.59898592924696
150695,564.29,904.7761953101565,-340.48621728281273
150695,563.83,904.7761953101565,-340.94617822031273
93897,0.0,341.40743705984255,-341.40743705984255
93897,0.0,341.40743705984255,-341.40743705984255
93897,0.0,341.40743705984255,-341.40743705984255
93897,0.0,341.40743705984255,-341.40743705984255
93897,0.0,341.40743705984255,-341.40743705984255
93897,0.0,341.40743705984255,-341.40743705984255
93897,0.0,341.40743705984255,-341.40743705984255
267536,293.247,634.9900606018931,-341.74305132454936
340000,332.89,677.5347811429504,-344.64476649451285
387500,2176.35,2521.7285079102476,-345.3784102539976
249457,380.913,728.4353757297193,-347.5223813449537
249457,380.144,728.4353757297193,-348.29136327854746
12769,0.0,349.77089295120606,-349.77089295120606
12769,0.0,349.77089295120606,-349.77089295120606
12769,0.0,349.77089295120606,-349.77089295120606
12769,0.0,349.77089295120606,-349.77089295120606
12769,0.0,349.77089295120606,-349.77089295120606
12769,0.0,349.77089295120606,-349.77089295120606
336650,902.266,1252.0401643932785,-349.774173182341
381221,153.843,505.0185808444137,-351.17557852507775
143228,520.0,871.6615900076947,-351.6615900076947
387500,2169.16,2521.7285079102476,-352.5685958008726
36240,0.0,353.32371914294146,-353.32371914294146
36240,0.0,353.32371914294146,-353.32371914294146
36240,0.0,353.32371914294146,-353.32371914294146
36240,0.0,353.32371914294146,-353.32371914294146
36240,0.0,353.32371914294146,-353.32371914294146
340000,322.22,677.5347811429504,-355.3147799222472
121074,0.0,356.7852900239396,-356.7852900239396
121074,0.0,356.7852900239396,-356.7852900239396
121074,0.0,356.7852900239396,-356.7852900239396
121074,0.0,356.7852900239396,-356.7852900239396
671507,952.289,1314.4549027253754,-362.16590126053165
249457,366.025,728.4353757297193,-362.41038183323496
426472,0.0,362.4585585652382,-362.4585585652382
387500,2158.27,2521.7285079102476,-363.4584883789976
143228,507.0,871.6615900076947,-364.6615900076947
336650,885.539,1252.0401643932785,-366.5011629284347
249457,360.486,728.4353757297193,-367.9493832980787
295000,747.16,1122.6746700490041,-375.5146969044729
143228,492.0,871.6615900076947,-379.6615900076947
237702,0.0,380.97897339947025,-380.97897339947025
81576,0.0,385.65867643538155,-385.65867643538155
81576,0.0,385.65867643538155,-385.65867643538155
81576,0.0,385.65867643538155,-385.65867643538155
81576,0.0,385.65867643538155,-385.65867643538155
81576,0.0,385.65867643538155,-385.65867643538155
81576,0.0,385.65867643538155,-385.65867643538155
336650,864.322,1252.0401643932785,-387.7181429089035
764237,2649.41,3047.50091488479,-398.09100277541484
336650,847.404,1252.0401643932785,-404.6361726940597
280225,773.255,1178.329089375308,-405.07408449249556
387500,2116.52,2521.7285079102476,-405.2084883789976
280225,771.86,1178.329089375308,-406.46910402374556
336650,845.031,1252.0401643932785,-407.0091585339035
731945,3770.75,4178.777978100679,-408.0279781006793
585955,651.18,1059.7206216151667,-408.54062893938544
267536,222.623,634.9900606018931,-412.3670595032603
585955,644.94,1059.7206216151667,-414.78061917376044
585955,642.66,1059.7206216151667,-417.06064847063544
267536,215.934,634.9900606018931,-419.0560548645884
180806,0.0,420.0418057164399,-420.0418057164399
585955,639.3,1059.7206216151667,-420.42063382219794
267536,211.057,634.9900606018931,-423.9330537659556
731945,3753.93,4178.777978100679,-424.8480464600543
280225,751.138,1178.329089375308,-427.1910888870268
280225,748.493,1178.329089375308,-429.8361084182768
249457,298.103,728.4353757297193,-430.33237890354746
336650,821.325,1252.0401643932785,-430.7151521862472
249457,297.543,728.4353757297193,-430.8923764621412
171084,0.0,431.1147095639468,-431.1147095639468
267536,200.721,634.9900606018931,-434.2690675599009
671507,879.362,1314.4549027253754,-435.09290321365665
387500,2086.07,2521.7285079102476,-435.6584395508726
387500,2083.48,2521.7285079102476,-438.2485274414976
461647,721.2,1160.9033059683068,-439.7032937612755
336650,804.364,1252.0401643932785,-447.6761507214035
585955,612.0,1059.7206216151667,-447.7206216151667
280225,730.428,1178.329089375308,-447.90111085968306
850354,1583.52,2031.5649549488821,-448.04493541763213
200000,0.0,453.78538736028065,-453.78538736028065
200000,0.0,453.78538736028065,-453.78538736028065
200000,0.0,453.78538736028065,-453.78538736028065
484376,4226.57,4683.457949977874,-456.8881257591238
295000,657.53,1122.6746700490041,-465.14464075212913
295000,657.19,1122.6746700490041,-465.4846676075979
336650,784.676,1252.0401643932785,-467.3641390026535
295000,654.0,1122.6746700490041,-468.67467004900413
387500,2051.61,2521.7285079102476,-470.1184004883726
150695,434.56,904.7761953101565,-470.21619775156273
29961,0.0,470.34939868858584,-470.34939868858584
29961,0.0,470.34939868858584,-470.34939868858584
290625,0.0,473.72504434485063,-473.72504434485063
290625,0.0,473.72504434485063,-473.72504434485063
290625,0.0,473.72504434485063,-473.72504434485063
290625,0.0,473.72504434485063,-473.72504434485063
290625,0.0,473.72504434485063,-473.72504434485063
290625,0.0,473.72504434485063,-473.72504434485063
290625,0.0,473.72504434485063,-473.72504434485063
290625,0.0,473.72504434485063,-473.72504434485063
290625,0.0,473.72504434485063,-473.72504434485063
295000,648.85,1122.6746700490041,-473.82469446306663
295000,647.29,1122.6746700490041,-475.3846920216604
461647,682.8,1160.9033059683068,-478.103318175338
409028,1226.3,1708.8794429842608,-482.5793941561358
295000,639.66,1122.6746700490041,-483.0146969044729
295000,639.26,1122.6746700490041,-483.41466028337913
484376,4198.79,4683.457949977874,-484.6679109153738
76527,0.0,485.6866723189627,-485.6866723189627
76527,0.0,485.6866723189627,-485.6866723189627
76527,0.0,485.6866723189627,-485.6866723189627
399331,0.0,489.2977917993175,-489.2977917993175
295000,629.67,1122.6746700490041,-493.0046871388479
105545,0.0,495.8898136110418,-495.8898136110418
105545,0.0,495.8898136110418,-495.8898136110418
105545,0.0,495.8898136110418,-495.8898136110418
105545,0.0,495.8898136110418,-495.8898136110418
105545,0.0,495.8898136110418,-495.8898136110418
764237,2546.42,3047.50091488479,-501.08099300978984
764237,2545.3,3047.50091488479,-502.20086605666484
875000,970.917,1479.7770206063994,-508.86002841889945
336650,742.56,1252.0401643932785,-509.4801668346847
764237,2514.75,3047.50091488479,-532.7509148847898
731945,3644.53,4178.777978100679,-534.2479488038043
287594,3039.6,3575.414473307693,-535.8143756514428
130885,0.0,543.395184819627,-543.395184819627
130885,0.0,543.395184819627,-543.395184819627
130885,0.0,543.395184819627,-543.395184819627
130885,0.0,543.395184819627,-543.395184819627
130885,0.0,543.395184819627,-543.395184819627
130885,0.0,543.395184819627,-543.395184819627
130885,0.0,543.395184819627,-543.395184819627
130885,0.0,543.395184819627,-543.395184819627
527431,484.13,1041.787441509641,-557.6574366268285
259989,829.137,1387.913414546317,-558.7763906205357
409028,1145.23,1708.8794429842608,-563.6494625155108
484376,4114.44,4683.457949977874,-569.0180085716238
764237,2476.03,3047.50091488479,-571.4708855879148
484376,4099.96,4683.457949977874,-583.4979890403738
764237,2462.84,3047.50091488479,-584.6608269941648
731945,3593.66,4178.777978100679,-585.1180659913043
527431,447.23,1041.787441509641,-594.5574305233129
232139,0.0,600.4430314095656,-600.4430314095656
232139,0.0,600.4430314095656,-600.4430314095656
577101,1418.87,2022.965188849383,-604.0951937321954
275793,0.0,613.3374926623571,-613.3374926623571
275793,0.0,613.3374926623571,-613.3374926623571
288800,8.5,634.3435119042247,-625.8435119042247
409028,1074.33,1708.8794429842608,-634.5494869295733
267536,0.0,634.9900606018931,-634.9900606018931
409028,1063.0,1708.8794429842608,-645.8794429842608
92288,100.375,761.4599746283645,-661.0849746283645
731945,3515.34,4178.777978100679,-663.4378902100543
226506,0.0,671.1466220907954,-671.1466220907954
226506,0.0,671.1466220907954,-671.1466220907954
226506,0.0,671.1466220907954,-671.1466220907954
226506,0.0,671.1466220907954,-671.1466220907954
409028,1035.01,1708.8794429842608,-673.8694332186358
484376,4006.09,4683.457949977874,-677.3678620872488
577101,1336.94,2022.965188849383,-686.0252474431329
484376,3987.31,4683.457949977874,-696.1478913841238
764237,2346.73,3047.50091488479,-700.7709344160398
577101,1320.61,2022.965188849383,-702.3552034978204
875000,709.083,1479.7770206063994,-770.6940127938994
875000,707.5,1479.7770206063994,-772.2770206063994
161755,0.0,774.2883132719428,-774.2883132719428
161755,0.0,774.2883132719428,-774.2883132719428
161755,0.0,774.2883132719428,-774.2883132719428
161755,0.0,774.2883132719428,-774.2883132719428
161755,0.0,774.2883132719428,-774.2883132719428
161755,0.0,774.2883132719428,-774.2883132719428
161755,0.0,774.2883132719428,-774.2883132719428
161755,0.0,774.2883132719428,-774.2883132719428
409028,933.19,1708.8794429842608,-775.6894405428545
409028,916.78,1708.8794429842608,-792.0994136873858
577101,1229.74,2022.965188849383,-793.2251986150079
577101,1185.15,2022.965188849383,-837.8151644353204
764237,2182.67,3047.50091488479,-864.8309930097898
409028,840.6,1708.8794429842608,-868.2794673983233
370773,0.0,873.1832166517614,-873.1832166517614
370773,0.0,873.1832166517614,-873.1832166517614
370773,0.0,873.1832166517614,-873.1832166517614
370773,0.0,873.1832166517614,-873.1832166517614
370773,0.0,873.1832166517614,-873.1832166517614
370773,0.0,873.1832166517614,-873.1832166517614
370773,0.0,873.1832166517614,-873.1832166517614
731945,3300.36,4178.777978100679,-878.4178706788043
577101,1131.05,2022.965188849383,-891.9151400212579
764237,2110.29,3047.50091488479,-937.2108758222898
116607,0.0,938.5151548077315,-938.5151548077315
116607,0.0,938.5151548077315,-938.5151548077315
116607,0.0,938.5151548077315,-938.5151548077315
116607,0.0,938.5151548077315,-938.5151548077315
54644,0.0,944.9342924395368,-944.9342924395368
484376,3718.67,4683.457949977874,-964.7880281028738
745671,0.0,986.2969036256823,-986.2969036256823
409028,721.96,1708.8794429842608,-986.9194210116045
409028,718.43,1708.8794429842608,-990.4494503084795
409028,717.1,1708.8794429842608,-991.7794673983233
731945,3164.33,4178.777978100679,-1014.4478999756793
527431,0.0,1041.787441509641,-1041.787441509641
527431,0.0,1041.787441509641,-1041.787441509641
527431,0.0,1041.787441509641,-1041.787441509641
527431,0.0,1041.787441509641,-1041.787441509641
527431,0.0,1041.787441509641,-1041.787441509641
527431,0.0,1041.787441509641,-1041.787441509641
527431,0.0,1041.787441509641,-1041.787441509641
527431,0.0,1041.787441509641,-1041.787441509641
527431,0.0,1041.787441509641,-1041.787441509641
527431,0.0,1041.787441509641,-1041.787441509641
527431,0.0,1041.787441509641,-1041.787441509641
527431,0.0,1041.787441509641,-1041.787441509641
527431,0.0,1041.787441509641,-1041.787441509641
527431,0.0,1041.787441509641,-1041.787441509641
527431,0.0,1041.787441509641,-1041.787441509641
527431,0.0,1041.787441509641,-1041.787441509641
287594,2508.7,3575.414473307693,-1066.7145221358178
577101,921.184,2022.965188849383,-1101.7811678532892
731945,3055.43,4178.777978100679,-1123.3480464600543
128887,0.0,1134.768582189142,-1134.768582189142
128887,0.0,1134.768582189142,-1134.768582189142
128887,0.0,1134.768582189142,-1134.768582189142
128887,0.0,1134.768582189142,-1134.768582189142
156111,0.0,1160.0072093981707,-1160.0072093981707
156111,0.0,1160.0072093981707,-1160.0072093981707
156111,0.0,1160.0072093981707,-1160.0072093981707
156111,0.0,1160.0072093981707,-1160.0072093981707
156111,0.0,1160.0072093981707,-1160.0072093981707
156111,0.0,1160.0072093981707,-1160.0072093981707
156111,0.0,1160.0072093981707,-1160.0072093981707
287594,2384.0,3575.414473307693,-1191.4144733076928
287594,2375.0,3575.414473307693,-1200.4144733076928
731945,2956.87,4178.777978100679,-1221.9078609131793
111891,0.0,1270.4475037601624,-1270.4475037601624
111891,0.0,1270.4475037601624,-1270.4475037601624
111891,0.0,1270.4475037601624,-1270.4475037601624
111891,0.0,1270.4475037601624,-1270.4475037601624
111891,0.0,1270.4475037601624,-1270.4475037601624
111891,0.0,1270.4475037601624,-1270.4475037601624
287594,2271.0,3575.414473307693,-1304.4144733076928
731945,2871.16,4178.777978100679,-1307.6180659913043
731945,2865.81,4178.777978100679,-1312.9679195069293
287594,2254.6,3575.414473307693,-1320.8143756514428
287594,2198.6,3575.414473307693,-1376.8143756514428
731945,2771.22,4178.777978100679,-1407.5580073975543
731945,2756.09,4178.777978100679,-1422.6878902100543
182986,0.0,3458.769068585445,-3458.769068585445
182986,0.0,3458.769068585445,-3458.769068585445
182986,0.0,3458.769068585445,-3458.769068585445
182986,0.0,3458.769068585445,-3458.769068585445
182986,0.0,3458.769068585445,-3458.769068585445
