building_id,meter_reading,site_id,primary_use,square_feet,year_built,floor_count,energy_per_sqft,night_energy,energy_score,night_score,waste_score
1282,557.66437,14,Healthcare,12500,,,0.0446131494140625,559.1093,100.0,13.108555,65.24342203140259
803,3613.6199,7,Education,182986,1962.0,3.0,0.019748067464433753,3521.204,44.26512748774685,82.55612,59.58152598605631
54,329.2066,0,Education,7867,2011.0,,0.04184652396134565,313.869,93.79863226637666,7.358792,59.2226960910882
621,16.581238,4,Parking,387,1955.0,1.0,0.04284557569242571,15.371378,96.0379983371458,0.36038846,57.76695438539752
801,4650.1685,7,Education,484376,1952.0,5.0,0.009600327962226143,4265.2246,21.519054557488886,100.0,52.91143273449333
1088,3430.5916,13,Education,287594,,,0.011928592226313397,3115.4868,26.737839365703664,73.043915,45.26026915592122
404,180.29361,3,Public services,5783,,,0.031176484457745225,177.55554,69.88182826634987,4.162865,43.594243072251935
794,4125.028,7,Education,731945,1969.0,11.0,0.0056357073714982,3387.3064,12.632390776074129,79.41683,39.34616763520014
1,74.865395,0,Education,2720,2004.0,,0.0275240421295166,73.54438,61.69490944040089,1.7242792,37.706657354189566
223,2496.6824,2,Education,261188,,,0.009558947474795455,2454.7573,21.426300542194813,57.552826,35.876911840819815
285,452.47403,2,Utility,21958,,,0.0206063407205126,831.4679,46.188939788270766,19.494118,35.51101087232159
38,301.43085,0,Office,12769,2013.0,,0.02360645682261483,297.70013,52.91367485294335,6.9797063,34.54008742671962
44,7.1735215,0,Retail,283,1985.0,,0.025348132574937367,5.7519946,56.817626434925906,0.13485795,34.144519044228616
797,3106.0688,7,Education,764237,1979.0,13.0,0.0040642743647013296,2508.2903,9.110036879441267,58.807926,28.989192598856167
795,2429.2568,7,Education,387500,1960.0,6.0,0.006269049899193548,2172.345,14.052022736636212,50.93155,28.803833270887978
0,146.45497,0,Education,7432,2008.0,,0.019705997216560356,146.97931,44.1708273802092,3.4459922,27.880893296831267
1425,82.351746,15,Utility,4071,1990.0,,0.02022887388982283,40.189648,45.34285105513419,0.94226336,27.582615984957727
16,809.17926,0,Education,54644,1996.0,,0.01480819962400092,797.0372,33.192455180788535,18.686874,27.39022315043479
18,1248.2992,0,Education,111891,1996.0,,0.011156386075161876,1230.2117,25.00694575856435,28.842834,26.541301625670833
904,464.79358,9,Education,29961,,,0.015513286575934131,484.0448,34.77290166617153,11.348636,25.40319545984696
1195,286.96725,13,Office,16472,,,0.0174215186157523,200.66637,39.05018776876772,4.704708,25.311995924848585
157,88.37647,2,Office,5258,,,0.01680800161147671,50.252216,37.67499455256719,1.1781845,23.076270541211716
675,63.569344,5,Manufacturing/industrial,3853,1976.0,1.0,0.01649866170954958,55.409496,36.9816117585033,1.2990992,22.708606725950826
375,2048.0974,3,Office,850354,1989.0,,0.002408523288076936,1975.6549,5.398684736921411,46.320065,21.767237422963394
645,1538.9679,4,Education,304333,2006.0,12.0,0.005056855140611805,1418.3672,11.334898358504669,33.254223,20.10262816305202
4,976.5567,0,Education,116607,1975.0,,0.008374769110432103,934.9924,18.77197467657886,21.921291,20.031701346474662
799,1945.104,7,Education,527431,1976.0,26.0,0.0036878833513886177,1594.4979,8.266359581926672,37.383682,19.913288840281492
76,1008.4304,0,Education,128887,2009.0,,0.007824143784259661,954.41394,17.53775262903411,22.37664,19.47330751461529
1168,1963.8859,13,Office,577101,,,0.0034030193402156857,1573.6503,7.627839291576715,36.894897,19.334662940790757
1156,1479.0023,13,Education,259989,,,0.005688711135224712,1244.9869,12.75119826763805,29.189247,19.326418194591618
620,1299.2476,4,Education,220703,2011.0,9.0,0.005886859528840795,1208.4193,13.195346228986917,28.331903,19.249969501918518
791,1086.4836,7,Education,150695,,5.0,0.00720981879012658,993.31,16.160748310349003,23.288574,19.011878673709404
506,387.46783,3,Other,34400,,,0.011263599839321403,383.2248,25.24726451114659,8.984867,18.74230564043429
902,184.31818,9,Education,14561,,,0.01265834601123077,182.8436,28.373576350206598,4.2868457,18.738884059902706
1284,1568.2866,14,Education,442438,,,0.0035446472072781948,1487.4988,7.9452969669988995,34.875042,18.71719515560217
854,760.26324,8,Entertainment/public assembly,92288,,1.0,0.008237942577896435,760.3759,18.46527915220385,17.827337,18.210102683430463
110,308.8109,1,Education,27814,2006.0,8.0,0.011102714930823956,298.41507,24.886642338960883,6.9964676,17.730572487193058
648,992.12115,4,Education,154706,2009.0,11.0,0.006412945553405532,948.06287,14.374563637921758,22.227736,17.515832390516728
993,1398.9358,9,Education,428647,,,0.003263608029487259,1355.2102,7.315350008575136,31.773478,17.098601599078187
79,371.61948,0,Office,36240,2010.0,,0.01025440056066113,350.11948,22.985152797638726,8.208699,17.074571369134993
365,1584.8663,3,Healthcare,819577,1922.0,,0.001933761358612812,1539.9696,4.334509856421998,36.10524,17.04280167038396
29,919.2236,0,Education,113866,2006.0,,0.008072853808664076,629.05914,18.095234061461337,14.748558,16.75656355928281
798,1769.7357,7,Education,409028,1970.0,21.0,0.0043266859916031115,1165.7186,9.698230338876945,27.330769,16.751245446673334
869,1513.5908,8,Entertainment/public assembly,875000,,1.0,0.0017298180803571428,1513.8711,3.877372709786517,35.49335,16.523764591142907
80,1018.5855,0,Office,156111,2001.0,,0.0065247516847237305,798.4739,14.625176142949158,18.720558,16.263329238473354
1015,53.76225,10,Other,4607,,1.0,0.011669687213570637,55.267414,26.157505952476512,1.295768,16.2128107805008
1202,180.04343,13,Office,16805,,,0.010713682029971548,178.51523,24.0146283566219,4.185365,16.082923070148368
1130,1183.2985,13,Education,280225,,,0.0042226727162603716,1099.8094,9.465085455117734,25.7855,15.993251674376793
546,1305.3041,3,Public services,400000,1971.0,,0.0032632601928710937,1234.0482,7.3145703357191865,28.932783,15.961855642898797
1350,875.1749,15,Education,149762,2004.0,,0.005843771629370685,856.23645,13.098765063935772,20.074827,15.889190106781873
1441,293.63882,15,Education,30143,1951.0,,0.009741526207175484,266.9105,21.83554923854997,6.2578297,15.60446140958506
114,871.008,1,Education,139683,1958.0,13.0,0.006235604873932181,762.975,13.977055993197057,17.888271,15.541542319367942
3,235.54996,0,Education,23685,2002.0,,0.009945111136811933,228.51874,22.291883149762874,5.357719,15.518217515361265
209,962.4169,2,Education,193294,2006.0,,0.004979031269036739,938.5293,11.160456803498613,22.004217,15.497961322699755
955,963.3466,9,Education,198488,,,0.004853424986157066,921.7419,10.878911374562628,21.61063,15.17159864816287
743,136.25249,5,Entertainment/public assembly,12185,1976.0,2.0,0.011181984996521722,13.861212,25.064325525955923,0.324982,15.168588113544324
1092,685.6922,13,Office,105167,,,0.006520031946399833,675.2973,14.6145968891061,15.832631,15.10181076865653
89,897.0848,0,Retail,161755,1996.0,,0.005545947747099201,811.0424,12.431195331282899,19.015234,15.064811082284143
1139,1237.1235,13,Office,336650,,,0.003674806282953364,1067.43,8.237047442777106,25.026352,14.952769427885503
556,1256.9487,3,Healthcare,450000,2012.0,,0.0027932194010416665,1188.6042,6.260977845606247,27.867332,14.903520262966776
519,1223.1963,3,Public services,461647,1976.0,,0.002649635520348881,1182.1088,5.939135782047457,27.715042,14.649498124196736
125,165.49382,1,Education,16802,1995.0,6.0,0.009849650052995458,149.28976,22.07790793153633,3.5001616,14.646809465724166
1212,1014.5112,13,Public services,237518,,,0.004271302513783166,944.85406,9.574088738144116,22.152504,14.605455211270257
1430,433.12393,15,Office,53303,1981.0,,0.008125695211991175,389.4127,18.213677623552567,9.129946,14.580184828449777
785,1017.5908,6,Education,250000,,,0.00407036328125,928.229,9.12368513478446,21.762722,14.179299696288155
615,814.15985,4,Education,153700,1990.0,7.0,0.005297071249669608,748.97565,11.873340750966845,17.560051,14.148025122424588
1179,851.5405,13,Entertainment/public assembly,143228,,,0.005945349563938267,654.8603,13.326451151785834,15.3534775,14.137261968384733
88,518.8223,0,Entertainment/public assembly,76527,2007.0,,0.006779598398737129,512.0715,15.196412913633337,12.005733,13.920141048808663
780,683.6455,6,Education,120836,,,0.0056576310686591745,657.79675,12.681532559267906,15.422323,13.777849112434522
33,314.29938,0,Lodging/residential,38686,2002.0,,0.008124369990213676,297.26782,18.210707150060102,6.96957,13.714252497052053
1159,1422.0751,13,Office,671507,,,0.002117736781957876,1150.2756,4.746889223853685,26.9687,13.635613888621293
47,273.40445,0,Retail,31666,2008.0,,0.008634006488438407,168.68613,19.353053083754908,3.954918,13.193799084864455
441,31.203154,3,Public services,3267,,,0.009551011206069633,33.978,21.408511462450267,0.79662865,13.163758345031882
431,16.8873,3,Parking,1760,,,0.0095950570973483,15.550829,21.507239958100435,0.3645958,13.05018229511554
62,323.9228,0,Lodging/residential,42731,2001.0,,0.007580510414625067,298.89392,16.991650475668095,7.007695,12.998068459991922
793,696.8819,7,Education,150695,1964.0,6.0,0.004624452682389304,716.58716,10.365671877295512,16.80069,12.939679005283557
87,59.80175,0,Entertainment/public assembly,6412,2006.0,,0.009326536210715138,29.676188,20.90535264424825,0.6957708,12.82151991851535
1347,1005.68414,15,Education,322341,1995.0,,0.003119938645925918,914.99615,6.993316291054051,21.452473,12.776978658604598
1258,906.5842,14,Education,273234,,,0.003317977369271851,885.6935,7.437218427412777,20.76546,12.768514871450108
60,511.89618,0,Education,81576,1997.0,,0.006275083102863817,453.75507,14.065546112030033,10.63848,12.694719741802981
561,1075.5963,3,Office,295000,,,0.0036460891982256355,820.1283,8.172678338365309,19.228256,12.594909779355856
119,534.4646,1,Education,91149,2007.0,7.0,0.005863636459087593,497.15817,13.143291913032524,11.656084,12.548408772087093
816,3.3117921,8,Entertainment/public assembly,356,,1.0,0.009302786896737773,3.311792,20.85211875628185,0.07764637,12.542329801787446
768,468.6971,6,Education,75929,,,0.00617283400330716,449.0901,13.836355613489648,10.529108,12.513456587087928
1038,85.26247,12,Technology/science,9838,,,0.008666646313342555,80.66186,19.426214977350924,1.8911514,12.412189593462402
150,427.24945,1,Office,65657,1955.0,8.0,0.006507294739077231,364.7854,14.586046545788289,8.552548,12.172647243192577
192,670.77423,2,Education,151637,1983.0,,0.004423552503393178,648.94666,9.915355812111375,15.214829,12.035145265220926
977,73.76578,9,Office,8837,,,0.00834737779652491,80.48965,18.71057727633489,1.8871139,11.98119192539795
1378,788.5408,15,Education,214505,1990.0,,0.0036760950629793013,750.37695,8.23993623238928,17.592905,11.981124043358129
212,920.34283,2,Education,327256,2012.0,,0.0028123024007891567,873.8955,6.3037522293879835,20.488852,11.97779176579441
551,218.74928,3,Office,30525,,,0.007166233671970976,205.2861,16.06305263378718,4.8130198,11.563039552798857
154,242.93861,1,Office,34455,1907.0,8.0,0.007050895773954478,215.24368,15.804523703345561,5.046479,11.501305864387097
640,258.65067,4,Entertainment/public assembly,36180,1966.0,9.0,0.007148995723692734,197.81956,16.024413917389346,4.637964,11.469833859161634
42,779.9126,0,Other,226506,1968.0,,0.003443231515528286,707.75415,7.717974545063044,16.593596,11.268223024309556
881,931.47266,9,Entertainment/public assembly,344798,,,0.002701502492038817,809.7989,6.055395163801812,18.986078,11.22766849858016
1288,646.0215,14,Education,164206,,,0.003934213636377477,624.0434,8.818506848425669,14.630961,11.143488676316142
1263,483.70593,14,Education,97838,,,0.004943947470483733,478.03473,11.081816763479498,11.207727,11.132180935620656
475,941.8094,3,Office,474680,1986.0,,0.0019840932569457977,888.2085,4.447328384129707,20.824425,10.998167118673624
1289,695.8029,14,Education,194441,,,0.0035784783943739683,658.2047,8.02112928894905,15.431889,10.985433291600632
24,547.2417,0,Education,105545,2001.0,,0.005184913536583922,420.58337,11.621940178358237,9.860756,10.917466427495288
653,939.11536,4,Education,420885,1930.0,8.0,0.0022312873028150506,839.4319,5.001411763393075,19.680838,10.873182015158648
11,296.39252,0,Education,49073,1968.0,,0.006039828767139644,291.74786,13.538225492853979,6.8401523,10.858996153485213
1281,482.8457,14,Office,103138,,,0.004681549992485796,482.97745,10.493655018693044,11.323611,10.82563770573487
10,980.94855,0,Entertainment/public assembly,370773,1991.0,,0.0026456849537676184,773.4959,5.930280620210311,18.13494,10.812144240351284
376,938.40497,3,Office,585955,1942.0,,0.001601496647800119,907.98596,3.5897412956353887,21.288116,10.66909116867762
1290,677.56854,14,Education,200442,,,0.00338037209008326,647.5117,7.577075670469778,15.181187,10.618720358794317
48,70.87287,0,Other,9569,1989.0,,0.007406507618238665,64.00328,16.60162466786992,1.5005841,10.561208474771329
203,346.2306,2,Lodging/residential,63348,2007.0,,0.005465533100023876,307.75583,12.250946574735849,7.2154655,10.236754306154374
1314,370.30466,14,Education,73813,,,0.0050167945616953905,370.50162,11.24510290706813,8.686568,10.22168900063431
19,126.355705,0,Office,18717,2004.0,,0.006750852447573354,121.72802,15.131979105347401,2.853965,10.220773528500798
870,5.7048745,8,Entertainment/public assembly,755,,1.0,0.007556125186137016,5.703954,16.93699119066284,0.13373162,10.215687361062086
340,13.902946,3,Entertainment/public assembly,1843,,,0.007543649740731399,7.193,16.90902758448514,0.16864294,10.212873727436023
1447,187.118,15,Lodging/residential,29775,2001.0,,0.006284399537055258,182.0279,14.086428821082858,4.267721,10.158945763108699
23,544.8091,0,Education,130885,1985.0,,0.004162502059298239,480.2183,9.33021343251364,11.258922,10.101696708800176
611,518.3468,4,Education,128126,1966.0,7.0,0.004045601999264884,490.65952,9.068182929021528,11.50372,10.042397870816238
784,681.4591,6,Education,190817,,,0.0035712704132509813,547.61707,8.004972659754172,12.839115,9.938629939083704
617,623.5113,4,Education,182943,1963.0,11.0,0.0034082271062784923,564.45575,7.639512455500813,13.233905,9.877269408725292
851,109.372055,8,Public services,16682,,1.0,0.00655629151502883,109.368835,14.695872407883007,2.5641987,9.843202913838386
121,565.7267,1,Education,150318,1906.0,9.0,0.0037635325414808107,494.12827,8.435926606639676,11.585047,9.695574861994059
1004,382.10217,10,Education,74886,,2.0,0.0051024513640942565,301.38477,11.437101910778606,7.0660934,9.688698619764283
1107,625.48553,13,Education,184098,,,0.0033975683313668195,540.916,7.615620900989055,12.682006,9.64217508423357
332,415.06454,3,Education,90400,,,0.004591421954399716,367.46936,10.291633777714102,8.615475,9.621170146999555
1252,461.0626,14,Education,116249,,,0.003966163937347713,451.68375,8.890123179910585,10.589917,9.570041067217591
448,733.12366,3,Office,328760,1904.0,,0.0022299661066631053,690.40674,4.9984503133065035,16.186878,9.473821660457046
21,47.30907,0,Office,7043,1990.0,,0.0067171760027201766,42.030045,15.056493636835372,0.9854122,9.428061072152111
446,236.83548,3,Public services,43992,,,0.005383603376439537,233.26086,12.067301786908981,5.4688997,9.427940915208744
927,841.558,9,Lodging/residential,745671,,,0.0011285915415758928,839.61646,2.529728468844995,19.685163,9.391902480476919
115,490.37744,1,Education,129716,1968.0,6.0,0.0037803928690851554,455.9973,8.473718889466115,10.691051,9.360651450104228
40,161.37123,0,Entertainment/public assembly,26944,2001.0,,0.005989134170097297,136.46068,13.424593979033151,3.1993785,9.334507807440948
1140,531.7451,13,Education,156483,,,0.0033981015010416467,504.27917,7.616815996340604,11.823039,9.299305219752604
1148,970.7127,13,Office,861524,,,0.0011267390200615783,823.3566,2.5255760574177692,19.303946,9.236923755635964
863,119.49236,8,Public services,19823,,1.0,0.0060279656447598355,119.52263,13.511634403599764,2.8022587,9.227884134133735
104,239.55547,0,Office,45330,2003.0,,0.005284700324249773,212.61497,11.845611425460099,4.984848,9.101306135786007
782,465.68805,6,Education,129344,,,0.00360038385480893,454.1395,8.07023019467452,10.647492,9.101135080305689
1001,29.383398,10,Other,4482,,1.0,0.006555867482380694,21.836643,14.694921942260864,0.5119693,9.021740896527172
609,489.96072,4,Education,141461,1907.0,6.0,0.003463574581523905,459.59097,7.763573356764973,10.775306,8.968266503988183
641,434.8579,4,Education,109588,1994.0,8.0,0.00396811612727899,385.44888,8.894498997257973,9.037013,8.9515046199124
796,644.8462,7,Education,226042,1965.0,2.0,0.0028527715707976835,542.1394,6.394463534328429,12.710689,8.920953843100719
126,125.227234,1,Education,21539,2004.0,5.0,0.005813976223906344,115.76758,13.031978912642565,2.71422,8.904875342542509
1328,703.49255,15,Education,279840,2008.0,,0.002513909926068244,586.5777,5.634908001531573,13.752563,8.881970477646238
1313,309.2013,14,Healthcare,68637,,,0.004504877747356565,300.22177,10.097645663940916,7.0388265,8.87411793692351
305,54.124996,3,Office,8637,,,0.0062666430688089305,44.204605,14.046627846528189,1.0363957,8.842534969549833
1152,447.53973,13,Office,118858,,,0.0037653311841585654,401.68353,8.439958249106924,9.417641,8.8310311761945
649,432.6085,4,Education,116121,1996.0,10.0,0.0037254974551565556,405.74188,8.350671279849708,9.512791,8.815519182933627
502,37.59062,3,Public services,6010,,,0.0062546785579941635,36.942352,14.01980949594791,0.86612916,8.758337367500157
946,529.0832,9,Education,177216,,,0.0029855272149126983,502.70145,6.692034196473094,11.786049,8.729640359650213
489,379.53854,3,Education,85039,1925.0,,0.004463111557064075,286.95178,10.00402709891909,6.727706,8.693498736921034
1164,679.5651,13,Office,249457,,,0.0027241774113844017,536.2397,6.106220805217832,12.572368,8.692679836493737
750,187.17542,6,Education,35990,,,0.005200761740457418,180.29068,11.657463794336133,4.2269917,8.685275009504206
406,14.952636,3,Entertainment/public assembly,2347,,,0.006370956866244433,9.62377,14.280446348036225,0.22563335,8.658521154490051
394,22.185448,3,Entertainment/public assembly,3545,2000.0,,0.006258236302643468,18.863848,14.027784150721292,0.44227087,8.593578849364317
572,371.00677,4,Education,94175,1964.0,9.0,0.003939546322297253,348.97302,8.830460019160785,8.181821,8.571004454642223
293,714.99786,3,Office,408000,2010.0,,0.0017524457445331648,656.7337,3.9280924291365467,15.3974,8.515815323051996
169,522.8263,2,Education,179559,2006.0,,0.0029117242463218914,478.7751,6.526605461761208,11.225085,8.40599738045028
1250,567.80347,14,Education,232139,,,0.0024459632668223565,543.6422,5.482606135067804,12.745923,8.387932802592196
1151,666.5672,13,Office,267536,,,0.0024915046936002305,535.5922,5.584686860988308,12.557186,8.373686471909146
485,122.65912,3,Public services,22000,2007.0,,0.005575414484197443,85.74992,12.497244775191815,2.0104432,8.302524149355811
864,91.68178,8,Public services,16584,,1.0,0.005528327180059188,91.6766,12.391698978141646,2.1493967,8.294778061983406
50,28.069744,0,Other,4698,1981.0,,0.005974828461070119,26.800613,13.392527852308037,0.62835175,8.286857428462078
31,283.1106,0,Education,61904,2001.0,,0.004573381295281807,223.05077,10.251195791705827,5.22952,8.242525555696714
903,605.71484,9,Education,275793,,,0.0021962661987432602,563.78516,4.922912252527448,13.218183,8.241020281661733
420,327.98465,3,Public services,81397,2004.0,,0.004029443955651967,298.92105,9.031964809868024,7.0083303,8.222510976298622
1197,228.28067,13,Services,50552,,,0.004515759419330899,228.30891,10.12203684034799,5.3527994,8.21434182276043
1432,485.1112,15,Education,160673,1968.0,,0.0030192453371424414,442.15106,6.767613084474925,10.366419,8.20713567218764
381,11.188916,3,Entertainment/public assembly,1858,,,0.006022021639590884,9.415013,13.49831096589806,0.22073898,8.187282173396602
109,255.89822,1,Education,56995,1953.0,6.0,0.004489836369452638,227.65788,10.063930541602604,5.3375354,8.173372620539565
873,190.51103,8,Office,40142,,1.0,0.004745927759067615,190.50945,10.637957242201898,4.4665747,8.169404260558565
111,411.95465,1,Education,118338,1909.0,7.0,0.0034811696232732196,369.67233,7.8030124951813455,8.667125,8.148657539451946
1094,307.5021,13,Office,70852,,,0.004340062464191422,241.84714,9.728213589922866,5.670209,8.105011726341415
201,536.62476,2,Education,219608,1992.0,,0.0024435574107472178,509.6019,5.477213428866299,11.947833,8.065461377174515
834,28.574835,8,Public services,4934,,1.0,0.005791413624565951,28.574297,12.981405035575545,0.66993654,8.056817636442371
113,363.97446,1,Education,100481,1958.0,9.0,0.003622321202885216,336.8421,8.119402576280404,7.897406,8.03060403394268
482,718.94446,3,Education,394000,2013.0,,0.0018247321269233819,594.3868,4.090121748607617,13.935651,8.028333283997334
1144,452.5544,13,Office,152312,,,0.0029712328171240406,428.7419,6.6599934237941945,10.052035,8.016810473069242
8,256.9278,0,Education,60809,2003.0,,0.004225160673751521,243.56384,9.470662190954197,5.710458,7.966580578351205
1043,138.65556,12,Office,27889,,,0.004971693619509204,129.27467,11.144009523663168,3.0308995,7.898765500231531
569,327.84296,4,Education,86091,1964.0,8.0,0.0038080979027188527,288.47363,8.535819489844183,6.7633867,7.826846384458268
583,522.6366,4,Education,206054,1950.0,9.0,0.002536405974548844,459.5174,5.685332705404886,10.773581,7.720632129804211
1303,490.199,14,Healthcare,200000,,,0.0024509950256347657,468.53436,5.493884780217261,10.984987,7.690325676327378
827,32.058083,8,Office,5839,,1.0,0.005490337828492277,32.060783,12.306546165426441,0.75167865,7.684599157500188
1391,276.23447,15,Entertainment/public assembly,68693,1956.0,,0.004021289892022977,239.5485,9.013687544675847,5.616316,7.654739006526577
592,393.11826,4,Education,120694,2012.0,7.0,0.003257148289187817,344.91257,7.300870554906694,8.086622,7.615171275891404
516,48.13437,3,Public services,9000,,,0.005348263210720486,42.56071,11.988087102038714,0.99785393,7.5919938410896375
67,116.75519,0,Lodging/residential,24456,1968.0,,0.004774091756144965,121.53449,10.701086605287106,2.8494277,7.560423067031211
331,637.10126,3,Education,288800,1923.0,,0.0022060292843636385,484.68814,4.944796127009757,11.363719,7.512365556912641
116,167.40974,1,Education,37265,,5.0,0.004492412297402263,151.70804,10.069704462483456,3.556859,7.46456635558303
509,54.56701,3,Other,10578,,,0.005158537433557191,51.12362,11.562818364782762,1.198615,7.417137012769956
102,80.13902,0,Office,15876,1983.0,,0.005047809449933764,65.543,11.31462251876494,1.5366834,7.403446887342338
458,24.603025,3,Entertainment/public assembly,4589,,,0.005361304300806574,19.517475,12.01731859602057,0.45759547,7.393429347619551
34,184.18582,0,Lodging/residential,42731,2002.0,,0.004310355983552997,164.99222,9.661626762880656,3.8683124,7.344301072796448
1304,310.67343,14,Office,91363,,,0.003400429401360336,292.0425,7.622033965368264,6.8470607,7.312044746744151
560,710.13544,3,Office,340000,2010.0,,0.002088633638269761,476.61835,4.681654771522146,11.17452,7.27880096456734
465,33.34601,3,Office,6400,,,0.00521031379699707,27.832071,11.678874648905035,0.6525347,7.2683386846162295
1291,506.33554,14,Office,237546,,,0.0021315262760538355,466.21783,4.777798259142758,10.930675,7.2389490627549415
1089,244.54185,13,Office,62837,,,0.0038916857083947107,213.72658,8.723180854763896,5.0109105,7.238272764948792
1437,409.6589,15,Education,111518,1968.0,,0.0036734778693062724,242.86295,8.234069814735735,5.6940246,7.218051713975718
432,333.93173,3,Public services,103200,,,0.003235772598621457,303.30264,7.252957123895652,7.111059,7.196198045241932
32,206.66139,0,Office,48392,2005.0,,0.004270569354684949,147.31738,9.572445368178432,3.4539185,7.125034579877701
211,195.00293,2,Education,48411,,,0.0040280706799591,181.887,9.028886623927548,4.2644176,7.123099009840843
1200,641.1542,13,Entertainment/public assembly,545351,,,0.0011756725023052814,588.6209,2.6352600471974257,13.8004675,7.101342929410984
22,18.435541,0,Education,3569,1996.0,,0.005165464038373242,15.480254,11.578344291347067,0.36294115,7.0921830301867725
49,109.66984,0,Lodging/residential,24456,1968.0,,0.004484373485102231,112.88395,10.051685532177903,2.646612,7.089656090882669
1298,423.8365,14,Education,171084,,,0.0024773589980150467,399.05762,5.552979403050526,9.356074,7.074217375106683
874,460.28598,9,Office,181805,,,0.002531756443577511,389.68726,5.674910820753392,9.136383,7.05949966742457
532,36.020435,3,Entertainment/public assembly,7133,,,0.00504982971165736,28.058527,11.319150918463526,0.65784407,7.054628189646993
1191,461.87143,13,Education,192152,,,0.0024036774503692878,405.52292,5.3878228323679505,9.507657,7.0357566152227715
1348,385.243,15,Education,131271,2010.0,,0.0029347152948831757,325.17227,6.578139704161135,7.623802,6.996404791887549
168,440.2632,2,Education,183460,2005.0,,0.00239977768511571,399.10135,5.379081541280466,9.3571005,6.97028921483786
368,78.79643,3,Retail,16500,,,0.004775541363340435,57.82614,10.704335887650062,1.3557584,6.9649049159404095
61,160.002,0,Lodging/residential,38686,2001.0,,0.004135914772821362,147.0166,9.270618253006996,3.4468665,6.941117580565488
1031,305.51703,11,Education,93206,,,0.003277868686657444,269.4029,7.347315151940895,6.3162646,6.934895038277574
86,53.54267,0,Education,10932,1986.0,,0.00489779282872423,35.681957,10.97836152132402,0.83657867,6.921648385620416
1317,413.9304,14,Entertainment/public assembly,180806,,,0.002289362020089471,408.51355,5.131585754777137,9.577773,6.9100607382208965
831,20.29691,8,Entertainment/public assembly,4065,,1.0,0.004993089626636012,20.29717,11.19196849407395,0.47587577,6.9055314054586905
91,268.264,0,Education,68094,2003.0,,0.003939612999212256,168.40643,8.830609474906185,3.9483602,6.877709838347946
30,323.6121,0,Education,93897,1999.0,,0.0034464582581387386,236.50464,7.725207261544242,5.5449514,6.853104980171785
122,279.9888,1,Education,83043,1991.0,6.0,0.0033716122978315827,245.91505,7.557440669653369,5.7655826,6.840697569440336
77,105.37357,0,Lodging/residential,24456,1968.0,,0.004308700249559317,111.47886,9.657915449029414,2.6136692,6.840217003754501
213,188.74942,2,Education,49662,1964.0,,0.00380068100692714,182.45593,8.519194580172654,4.2777567,6.82261947217891
7,350.33417,0,Education,121074,1989.0,,0.002893554086595543,312.36813,6.4858772012259385,7.323603,6.820967534343351
221,443.10486,2,Education,204349,1993.0,,0.0021683730206579796,412.25903,4.860389927940141,9.665587,6.782468974540574
1080,465.36942,13,Education,207115,,,0.0022469131414103428,396.5431,5.036436949466055,9.297121,6.740710636552802
928,453.5042,9,Education,179115,,,0.002531916430370328,353.70587,5.675269429806817,8.292785,6.722275534226863
90,210.7173,0,Lodging/residential,59200,1999.0,,0.0035594138583621465,204.92618,7.97839629147586,4.804581,6.708870217169147
483,455.80646,3,Education,207000,1935.0,,0.0022019635628962864,395.86014,4.9356828464618685,9.281109,6.673853298041306
445,164.98482,3,Education,40950,1910.0,,0.0040289332724025104,133.36447,9.030820117650228,3.1267867,6.669206730280993
966,577.2768,9,Education,393530,,,0.0014669194075003019,497.4653,3.2880875409300616,11.663285,6.63816672209832
99,11.018021,0,Office,2260,2016.0,,0.004875230367204784,8.228094,10.927787953181499,0.19291115,6.633837235607763
92,49.595566,0,Office,10779,1970.0,,0.0046011286571944,44.66576,10.313391270565802,1.0472077,6.606917847590336
57,223.64696,0,Lodging/residential,65359,2013.0,,0.0034218234274921732,211.02032,7.669988495395444,4.947461,6.58097757237307
12,143.42596,0,Lodging/residential,37100,1999.0,,0.00386592895836843,144.72809,8.665447315741066,3.3932116,6.556553054552366
953,598.75336,9,Entertainment/public assembly,563782,,,0.0010620299281168851,542.16785,2.3805311708886507,12.711355,6.512860977008288
1380,420.2422,15,Education,204029,2010.0,,0.0020597179200015684,394.42,4.616840431696413,9.247345,6.4690423903502445
55,71.22219,0,Office,16726,2011.0,,0.004258172357822169,78.37054,9.54465760375113,1.8374305,6.461766741186683
983,318.13916,9,Entertainment/public assembly,122122,,,0.0026050929411264964,312.46658,5.8392939645398485,7.3259115,6.433940987488557
100,98.8395,0,Lodging/residential,24456,1968.0,,0.004041523569972444,106.273285,9.059041163990358,2.4916222,6.432073606055653
1344,328.3174,15,Education,125507,1974.0,,0.0026159290982182516,308.72647,5.863583119719599,7.2382236,6.413439292913303
1261,159.7834,14,Office,42942,,,0.003720911962397136,149.94446,8.340392936312782,3.5155113,6.41044034304835
20,320.02417,0,Education,110272,1977.0,,0.002902134448653103,264.96716,6.505110010768086,6.212268,6.387973156729406
1172,233.44034,13,Manufacturing/industrial,63847,,,0.0036562459964409547,155.62453,8.195444716324982,3.648683,6.376740082091437
804,373.35562,8,Office,175618,,1.0,0.002125953042045181,373.33063,4.7653059018851955,8.752895,6.360341778588392
17,64.803535,0,Office,15250,1980.0,,0.004249412161404969,64.79398,9.525021697001094,1.5191225,6.322662046501895
602,528.68823,4,Entertainment/public assembly,238065,1933.0,6.0,0.0022207726142938903,355.19977,4.977843177316419,8.327809,6.31782973527779
1251,288.14914,14,Education,104604,,,0.0027546665462534594,276.74747,6.174561945149655,6.488462,6.300122003286692
428,6.4635015,3,Entertainment/public assembly,1396,,,0.004630015367764798,7.6762896,10.378140589880374,0.17997386,6.298873897664206
921,444.13367,9,Entertainment/public assembly,262162,,,0.0016941191591160715,426.29565,3.7973538774244635,9.994682,6.276285394310513
165,17.692816,2,Warehouse/storage,3877,1975.0,,0.004563532571740947,13.17021,10.229119960543464,0.30878118,6.260984445558161
820,2.981436,8,Entertainment/public assembly,648,,1.0,0.004600981503357122,2.981417,10.313061426474517,0.06990059,6.215797091137687
1382,429.32208,15,Public services,243072,1965.0,,0.0017662342125770605,407.4243,3.9589991645385307,9.552236,6.1962937400561255
1257,200.82974,14,Office,61274,,,0.003277568665855675,190.64096,7.346642657831624,4.469658,6.195848730036804
594,381.49542,4,Education,177281,1964.0,7.0,0.002151925036316815,349.6733,4.823521909077567,8.198239,6.1734088283536455
1370,21.233547,15,Education,4773,,,0.0044486794910315024,18.833952,9.971677744026822,0.44156998,6.159634639999772
35,149.04695,0,Lodging/residential,41617,2002.0,,0.0035813958549137446,141.76855,8.027668752264448,3.323824,6.146130894417445
1157,135.53932,13,Education,37107,,,0.0036526618131191976,131.10287,8.187410799489182,3.0737627,6.1419515417967805
1367,126.39403,15,Education,33695,1948.0,,0.003751121166640776,116.66246,8.408106614097024,2.735201,6.13894429739956
1320,129.50195,14,Entertainment/public assembly,34565,,,0.0037466209496600606,116.38698,8.398019415502393,2.728742,6.130308474519636
890,401.80414,9,Education,202937,,,0.0019799451957188377,369.50568,4.438030539701686,8.663217,6.128105055540983
407,534.7342,3,Education,325217,2006.0,,0.0016442381299087417,417.4417,3.685545969078036,9.787098,6.126166849177535
249,374.06332,2,Entertainment/public assembly,179449,1976.0,,0.002084510495876875,353.416,4.672412782451573,8.285988,6.117842858756222
1099,575.567,13,Education,332884,,,0.0017290317846503963,404.16757,3.8756102345587573,9.47588,6.115718008411036
1189,271.29367,13,Office,98212,,,0.0027623271153657076,254.91415,6.191733046524161,5.9765706,6.1056681657746035
1439,190.98347,15,Education,56497,1957.0,,0.0033804179820423265,165.32353,7.577178536910882,3.8760803,6.096739208137435
337,87.746376,3,Entertainment/public assembly,22334,1977.0,,0.003928824932282513,81.73049,8.806428113420994,1.9162061,6.050339340472335
39,206.10057,0,Office,64619,1969.0,,0.0031894732304540607,186.33867,7.1491774787114855,4.368789,6.037022165632653
224,489.72,2,Education,272278,1955.0,,0.0017986029029914393,383.08102,4.031553312451199,8.981497,6.011530664152238
554,100.72713,3,Entertainment/public assembly,26187,,,0.0038464553814944557,83.91537,8.6217974566082,1.9674314,5.96005105630516
1249,339.2367,14,Office,159384,,,0.002128423771118415,327.79626,4.770844020367491,7.6853223,5.936635278416173
108,239.15593,1,Education,81580,1913.0,5.0,0.002931550987563492,211.62244,6.571046935860212,4.961578,5.927259342279372
1084,317.44604,13,Office,122922,,,0.00258249983665963,260.9926,5.788651710487852,6.1190825,5.920824054323107
95,376.54108,0,Lodging/residential,200933,2006.0,,0.0018739633442996235,356.0439,4.200473109188144,8.347601,5.859324383319894
58,235.9294,0,Lodging/residential,83379,2013.0,,0.0028296021490184318,217.59682,6.34252946985741,5.1016498,5.846177586394426
63,141.07637,0,Lodging/residential,41617,2001.0,,0.0033898736150913765,136.6284,7.598373259034825,3.2033107,5.840348222808285
459,131.19733,3,Entertainment/public assembly,36744,2004.0,,0.0035705782348180995,107.96761,8.00342114760591,2.5313466,5.814591360057076
767,209.06459,6,Office,70042,,,0.0029848460988278684,191.722,6.69050748048515,4.495003,5.812305777658765
1032,344.8887,11,Education,127632,,,0.0027022118465007063,231.93753,6.056985175874948,5.437874,5.809340784708928
118,344.13974,1,Education,138316,1960.0,8.0,0.0024880689145885823,260.6684,5.576985591168147,6.111481,5.790783830592002
1126,212.81575,13,Education,72332,,,0.0029422074617329857,194.9229,6.594933333277685,4.5700502,5.784980095791806
1329,189.22015,15,Technology/science,60100,1912.0,,0.003148421860375936,165.27477,7.0571611772010945,3.874937,5.784271505476846
961,320.11008,9,Education,155882,,,0.0020535409919316973,320.72247,4.602994899267078,7.5194745,5.769586789795232
883,486.60977,9,Education,399331,,,0.0012185624750608282,440.2509,2.731397561178959,10.321869,5.767585999933694
1222,358.41306,13,Lodging/residential,187174,,,0.001914865608577697,337.0928,4.292155191299077,7.903284,5.736606886980985
1067,311.10016,12,Education,125701,,,0.002474921907474135,256.1021,5.547516685056123,6.0044227,5.730279172258038
232,89.18949,2,Entertainment/public assembly,24345,1981.0,,0.003663565055328513,82.7368,8.211850325396938,1.9397994,5.703029990274478
409,132.49721,3,Education,38500,2016.0,,0.0034414859127688715,113.609726,7.714061791127621,2.663628,5.693888339057981
850,100.92113,8,Public services,28590,,1.0,0.003529944991932002,100.921135,7.912342074687355,2.3661387,5.6938607234806256
14,259.58762,0,Education,86250,2013.0,,0.0030097114894701085,175.30183,6.746243044929301,4.110026,5.691756251571533
1286,370.33963,14,Healthcare,205472,,,0.0018023848997768704,347.00772,4.040030626505694,8.135743,5.678315632373144
599,93.25218,4,Education,25996,1954.0,4.0,0.00358717425784105,88.24219,8.040620993931306,2.0688756,5.651922828769214
914,387.41776,9,Education,229973,,,0.0016846227823568555,357.11652,3.7760678286161213,8.372747,5.614739617991816
235,36.712822,2,Education,9309,1970.0,,0.003943798685191666,32.601887,8.839991654901059,0.7643651,5.6097410416295235
467,149.33258,3,Public services,47439,,,0.003147886350184579,146.34195,7.055960835601387,3.4310489,5.605996097079216
156,142.57727,2,Public services,43681,2007.0,,0.0032640569242419473,129.60669,7.316356202400463,3.0386837,5.605287254116974
500,257.74353,3,Education,99975,1968.0,,0.0025780798226900476,227.60321,5.778744286269581,5.3362536,5.601748028976104
84,16.40301,0,Office,4038,1986.0,,0.004062161816412296,12.516395,9.10530162018076,0.29345217,5.580561844477269
335,453.0237,3,Office,229000,2010.0,,0.0019782694854070006,311.01312,4.434274449100943,7.291835,5.577298649639399
229,298.60126,2,Education,140092,,,0.0021314654464510375,283.7957,4.777661910098593,6.6537104,5.528081387544752
177,337.37387,2,Entertainment/public assembly,167066,1989.0,,0.0020194047313613146,297.88373,4.526478757683892,6.98401,5.509491390123641
246,360.56335,2,Office,202435,1967.0,,0.0017811314964911577,330.87323,3.992391301407938,7.7574635,5.498420162924841
871,6.2082396,8,Entertainment/public assembly,1536,,1.0,0.004041822627186775,6.209084,9.05971149822647,0.14557461,5.4940567439530765
913,515.29193,9,Entertainment/public assembly,503634,,,0.0010231476253635453,438.50922,2.2933768155830743,10.281034,5.488439972559073
26,100.473694,0,Office,26953,2005.0,,0.0037277369438524933,49.072777,8.355691074966957,1.150532,5.473627441906673
1054,394.88446,12,Education,204998,,4.0,0.0019262844537469572,306.73303,4.317750436914399,7.191486,5.467244567187091
27,170.7105,0,Lodging/residential,59200,1999.0,,0.0028836232262688713,166.76901,6.463617261147507,3.90997,5.442158446249967
917,398.37775,9,Education,237702,,,0.0016759545421663733,338.98608,3.7566380409765383,7.9476724,5.433051866791733
1028,226.78621,11,Education,81390,,,0.002786413676206479,178.21693,6.245722870504575,4.1783714,5.4187822940800885
220,269.58865,2,Education,122592,1971.0,,0.0021990721544999114,261.83414,4.929201778807265,6.1388125,5.413046227120175
210,193.37297,2,Education,71248,2004.0,,0.0027140827894264357,186.01604,6.083593794817208,4.361225,5.394646304317998
28,152.80878,0,Office,52957,2016.0,,0.002885525555742749,159.6778,6.467881316698083,3.7437136,5.378214308474355
98,350.69156,0,Lodging/residential,200933,2007.0,,0.0017453158955367742,322.7823,3.9121109324477183,7.5677676,5.374373559819583
323,440.2755,3,Education,282200,1928.0,,0.0015601541909826806,349.17065,3.497072525641745,8.186455,5.372825424564734
202,200.20644,2,Lodging/residential,74682,2006.0,,0.002680785680046418,183.36967,6.008958603584728,4.29918,5.325047246005512
746,63.205128,6,Office,17879,,,0.0035351601161174814,60.306065,7.924031731781672,1.4139012,5.319979558764285
318,240.7067,3,Office,105000,,,0.0022924447195870534,238.39056,5.138495599829705,5.5891676,5.3187643501779736
1321,425.48462,14,Entertainment/public assembly,370024,,,0.0011498838430497075,400.53357,2.577454983904931,9.390679,5.302744829484804
338,81.36048,3,Entertainment/public assembly,23803,1969.0,,0.003418076766046592,74.62143,7.661590385208673,1.749531,5.2967666433871665
259,200.64787,2,Education,77469,,,0.0025900408282642693,193.33514,5.805554779882595,4.5328245,5.296462650606253
437,42.81793,3,Entertainment/public assembly,11651,,,0.003675043199228305,33.102917,8.237578488619087,0.77611196,5.252991895217274
1253,275.38727,14,Education,134748,,,0.002043720634565309,266.05716,4.580982650646736,6.2378225,5.243718698816997
545,75.802185,3,Education,21903,1931.0,,0.003460812905017292,62.779785,7.757383082052509,1.4718987,5.243189331138396
272,17.380182,2,Education,4583,,,0.003792315571947491,15.056068,8.500443527871889,0.3529959,5.24146448360355
1086,296.72122,13,Office,143973,,,0.0020609504693506987,262.86633,4.619603180718435,6.1630125,5.2369668625784
619,184.21637,4,Education,68146,1948.0,6.0,0.0027032602005826645,170.09904,6.059335052751445,3.9880443,5.2308187364238155
760,164.01021,6,Office,49990,,,0.003280860334664589,84.75296,7.354020905841788,1.9870691,5.207240183561683
107,234.75676,1,Education,97532,2005.0,10.0,0.002406971656928543,209.55057,5.395206768724205,4.913002,5.2023248430567275
238,135.2295,2,Office,45017,,,0.0030039653341246433,123.391205,6.733363085946505,2.892959,5.197201498723665
807,11.324497,8,Entertainment/public assembly,3000,,1.0,0.0037748324076334635,11.327217,8.461255161787792,0.26557142,5.182981664732529
218,56.720882,2,Public services,16411,,,0.0034562721598788305,55.763496,7.74720503993242,1.3073988,5.171282554312998
1247,188.33318,14,Food sales and service,69876,,,0.0026952483779721175,162.09973,6.041376619608363,3.8004968,5.145024674577213
93,105.8776,0,Office,33370,1982.0,,0.0031728379269863696,92.846405,7.11188958559886,2.1768234,5.1378631381658035
859,14.775235,8,Public services,4000,,1.0,0.0036938087940216065,14.775486,8.279641411859801,0.34641755,5.106351862644559
52,258.49832,0,Education,106523,1970.0,,0.0024266902127540826,195.84177,5.439405746121045,4.5915933,5.100280825411579
879,242.65228,9,Education,110235,,,0.0022012272210717443,227.60385,4.934032342441837,5.336269,5.0949270615625135
101,61.195995,0,Office,18860,1986.0,,0.0032447505477630196,76.97798,7.273081121549878,1.8047816,5.085761295381709
276,189.02396,2,Office,70837,2014.0,,0.0026684353699172486,156.61115,5.9812754870789995,3.671815,5.0574913311802
367,68.61087,3,Entertainment/public assembly,20584,,,0.003333213678649831,58.839516,7.471370487014238,1.3795173,5.034629218935837
247,170.0408,2,Education,64560,1965.0,,0.002633841418865445,158.70631,5.903733436122832,3.720937,5.030614890965996
823,105.71671,8,Public services,35253,,1.0,0.0029988004695106845,105.7156,6.721786085259951,2.478547,5.024490489656947
401,43.980885,3,Entertainment/public assembly,12660,,,0.0034740035191154783,36.539898,7.786949732852616,0.8566934,5.014847194524191
1020,71.979546,10,Entertainment/public assembly,22101,,2.0,0.0032568456446885534,63.31918,7.30019217980151,1.484545,4.973933316780594
292,100.533646,3,Public services,33743,,,0.00297939263343161,103.00583,6.678283583567128,2.4150155,4.9729763695273315
1220,543.4786,13,Public services,381221,,,0.0014256260191861316,325.31747,3.19552875757469,7.6272063,4.968199832440932
1209,245.9705,13,Healthcare,115788,,,0.0021243177597051696,221.99028,4.761640430244012,5.204656,4.938846707792403
929,322.43768,9,Education,199628,,,0.0016151926739007992,294.12003,3.6204408231974647,6.8957686,4.930571950888694
496,54.258614,3,Public services,16200,,,0.0033492971349645545,45.35697,7.507421419364811,1.0634135,4.929818269814611
518,444.28125,3,Public services,555243,1941.0,,0.0008001564180007672,409.649,1.7935438957119447,9.604395,4.917884350198773
1059,271.29465,12,Entertainment/public assembly,116186,,,0.002335002902387524,189.53636,5.233889409411452,4.4437604,4.9178378513506065
1365,261.19037,15,Lodging/residential,129664,1941.0,,0.0020143630356332038,234.77454,4.515177839021285,5.504389,4.910862227094412
13,228.00888,0,Education,99380,2000.0,,0.0022943135501633564,192.13005,5.142684567882505,4.5045705,4.887439005919627
96,317.21677,0,Lodging/residential,200933,2006.0,,0.0015787191071522442,294.4333,3.538685629431525,6.9031134,4.884456866779399
1173,45.941067,13,Manufacturing/industrial,13091,,,0.003509362672213227,17.185505,7.866206977772886,0.40292144,4.880892761950596
277,42.266422,2,Education,12761,1909.0,,0.003312155965185214,45.153175,7.424169799008161,1.0586354,4.877956015061253
962,431.7611,9,Public services,492898,,,0.0008759644153525425,393.04626,1.9634668855645285,9.215137,4.864134837912204
562,394.64194,3,Education,235000,2013.0,,0.001679327392578125,277.67026,3.7641982568681525,6.5100965,4.86255766948344
1207,183.68907,13,Healthcare,74443,,,0.002467513018756276,161.16599,5.530909723173437,3.7786047,4.829987779933726
1326,134.74756,15,Office,46981,1962.0,,0.0028681287881005086,103.07217,6.428886608028724,2.4165707,4.823960218277165
1029,293.58652,11,Education,152559,,,0.001924412963731962,237.83961,4.31355550775209,5.5762506,4.818633525903696
120,171.17917,1,Education,68211,1976.0,7.0,0.002509553718625616,152.07175,5.625143599107981,3.5653868,4.80124089216895
826,60.981415,8,Public services,19446,,1.0,0.003135936171702246,60.98361,7.029174610823976,1.4297866,4.789419379741303
987,300.82214,9,Education,166395,,,0.0018078797052476787,250.53922,4.052347186853877,5.873998,4.781007673532004
117,50.41598,1,Education,15489,2004.0,4.0,0.0032549539216685784,40.361874,7.295951898528341,0.9463012,4.756091627856018
539,5.1149535,3,Entertainment/public assembly,1473,,,0.0034724735355830404,6.2287974,7.783520287604899,0.14603679,4.728526888836486
669,16.189697,5,Entertainment/public assembly,4768,1976.0,1.0,0.003395490198327391,16.414392,7.61096278322171,0.3848424,4.720514637186711
78,196.89769,0,Education,76257,2007.0,,0.0025820277459031424,130.54305,5.7875935230191615,3.060637,4.696810960384372
266,97.47732,2,Education,30543,,,0.0031914781720871754,43.08457,7.153671538555829,1.010136,4.696257326438551
493,384.8549,3,Education,283000,2014.0,,0.0013599112682544721,304.64688,3.0482296948661842,7.1425753,4.6859679701942465
1181,161.90332,13,Education,60606,,,0.0026714074565637068,116.53117,5.987937394354081,2.732123,4.685611572011313
1214,318.96722,13,Office,195437,,,0.0016320718396265485,263.11743,3.658275331514936,6.1688995,4.662525013362087
778,242.08296,6,Entertainment/public assembly,108339,,,0.0022344950759757135,174.6266,5.008601960011769,4.0941944,4.642838964741498
1343,225.17189,15,Office,110380,1985.0,,0.0020399700150279857,200.42894,4.572575668430544,4.6991415,4.623202073536049
484,55.491394,3,Public services,18000,,,0.003082855224609375,50.07234,6.910194113392114,1.1739672,4.61570337685256
454,51.794724,3,Public services,16576,1932.0,,0.0031246816789781725,42.89107,7.003947759835226,1.0055994,4.604608425598324
533,37.857426,3,Lodging/residential,11900,,,0.0031812962764451486,34.321075,7.130848904924818,0.8046722,4.600378209636943
1135,263.4382,13,Education,150393,,,0.0017516653162334475,238.81311,3.9263431056524016,5.599075,4.595435847293418
802,394.3617,7,Education,290625,1995.0,19.0,0.0013569434643817204,295.04266,3.0415773873924237,6.917401,4.591906814897002
291,192.12352,3,Public services,90635,2011.0,,0.002119749764411772,185.08502,4.751401307130329,4.339397,4.586599565711303
1149,431.55862,13,Office,293990,,,0.0014679364069103648,278.40506,3.2903671365726463,6.5273247,4.585150247916488
1272,333.76596,14,Public services,247471,,,0.0013487073664928794,292.45572,3.0231162430952563,6.8567486,4.556569130546485
66,100.800316,0,Lodging/residential,37241,1981.0,,0.0027067027162786606,97.02665,6.067051422793034,2.274831,4.550163288234689
25,220.47684,0,Office,103286,1969.0,,0.002134624606996138,178.51706,4.784743141947481,4.1854086,4.545009345899995
964,240.81796,9,Education,130577,,,0.0018442601885974128,219.87823,4.1338937349625535,5.1551385,4.542391590327508
56,144.73613,0,Lodging/residential,60088,2013.0,,0.0024087360165214716,136.1629,5.399161565944534,3.1923969,4.516455762770761
1147,360.17853,13,Entertainment/public assembly,234476,,,0.0015360997621591602,260.36023,3.443154725308334,6.1042557,4.507595201060244
37,128.00304,0,Lodging/residential,53130,2002.0,,0.002409242170130311,133.81323,5.400296105010902,3.137308,4.495100887455699
858,5.165827,8,Other,1566,,1.0,0.0032987399728514376,5.1668468,7.394097964784442,0.12113891,4.484914341313206
82,33.183334,0,Office,10743,1974.0,,0.0030888331332575574,34.305763,6.923593545457983,0.8043132,4.475881406367578
433,67.13312,3,Entertainment/public assembly,23055,,,0.0029118680405890805,57.077953,6.526927775404332,1.3382169,4.451443449414658
932,320.36618,9,Lodging/residential,233937,,,0.0013694549405178398,276.2749,3.069621756150159,6.477382,4.432725926920076
685,378.5661,5,Office,270034,1976.0,5.0,0.0014019201325544885,270.72302,3.1423922116392653,6.347216,4.424321874072183
486,191.07243,3,Education,86375,1903.0,,0.002212126581437681,153.33989,4.958463167230236,3.5951185,4.413125309395759
438,95.85879,3,Public services,36562,,,0.002621814658296075,93.28854,5.876775553240035,2.1871896,4.4009411754689545
166,393.14145,2,Lodging/residential,553210,2009.0,,0.0007106549935370102,367.1346,1.5929272039086413,8.607627,4.398807183703827
1318,160.74934,14,Entertainment/public assembly,73488,,,0.0021874230333125176,155.0886,4.903090371429865,3.6361177,4.396301373088327
1033,236.79248,12,Education,118489,,,0.001998434288995181,180.3355,4.47947368711265,4.228042,4.378901038706493
1040,247.71567,12,Office,126960,,,0.0019511315983349825,186.13086,4.373445102981155,4.363917,4.369633787519589
97,275.06018,0,Lodging/residential,187647,2007.0,,0.0014658384128926256,254.13693,3.2856645005891,5.9583483,4.354738105413274
1323,182.14139,14,Office,87200,,,0.0020887773846267562,162.81303,4.681976977774973,3.8172207,4.33607443796961
387,236.0087,3,Education,104200,2009.0,,0.002264958709306772,137.1689,5.076885938460187,3.2159832,4.33252484787378
1235,322.0386,14,Public services,278369,,,0.0011568766807235292,295.45233,2.5931293708640766,6.9270053,4.326679881963637
543,2.56123,3,Entertainment/public assembly,801,,,0.003197540504655588,2.1505156,7.167260206130376,0.050419748,4.320524023927587
1285,227.99783,14,Healthcare,130067,,,0.0017529260554326087,206.80406,3.929169041986687,4.848609,4.296945013448848
1240,158.82378,14,Public services,73277,,,0.0021674437578655947,147.20844,4.8583069931897604,3.451364,4.295529812063759
1363,253.62016,15,Office,157933,1932.0,,0.0016058718758199186,226.8822,3.5995483325230837,5.3193493,4.287468667406307
765,137.72153,6,Entertainment/public assembly,58562,,,0.0023517217154402064,119.7405,5.271364488557988,2.8073668,4.28576543233157
417,153.86478,3,Education,69600,1978.0,,0.0022107008133811514,139.86305,4.955267320097149,3.2791483,4.284819728148378
1183,287.25342,13,Entertainment/public assembly,166856,,,0.0017215648101881263,209.36433,3.858873073967453,4.9086356,4.278778090901468
844,21.063295,8,Entertainment/public assembly,6944,,1.0,0.0030333086642252136,20.260876,6.799135914105821,0.47502482,4.269491485153823
800,146.42868,7,Education,64583,1955.0,2.0,0.00226729449576393,130.00967,5.082121584201039,3.048132,4.268525775303949
625,141.01944,4,Education,55516,1978.0,5.0,0.002540158507408056,90.43649,5.693743976316036,2.120322,4.264375181413401
954,322.32877,9,Education,305224,,,0.0010560400422939893,302.43478,2.367104892086178,7.0907116,4.256547572702878
1421,119.00936,15,Education,47934,,,0.0024827755093897825,96.9705,5.565120467839439,2.2735145,4.248478108225941
352,226.96582,3,Education,144900,,,0.0015663617688923396,228.18431,3.5109867594297373,5.349878,4.246543284753301
550,45.74226,3,Public services,16000,2014.0,,0.0028588912487030028,42.423218,6.4081807409943865,0.99463034,4.242760597182615
447,61.969738,3,Public services,21472,2011.0,,0.0028860720010521514,38.352776,6.469106169273118,0.89919704,4.241142536240613
81,9.257682,0,Other,3025,1979.0,,0.003060390693097075,11.181011,6.859840054538742,0.26214355,4.220761455134687
1057,70.5853,12,Education,26372,,4.0,0.002676524216246753,65.2578,5.999406568241709,1.5299968,4.211642677803393
9,72.714745,0,Office,27000,2010.0,,0.0026931386876989294,60.586567,6.036647766566388,1.4204777,4.190179771027632
1090,405.95572,13,Office,305047,,,0.0013307972836780581,255.70694,2.982970942774504,5.9951577,4.187845748495513
526,22.493652,3,Public services,7636,,,0.0029457376039484025,22.545277,6.602846117427158,0.5285836,4.173141110903148
1265,91.36984,14,Food sales and service,35605,,,0.0025662081878752106,74.3529,5.752134116463692,1.7432352,4.148574585898418
1064,237.492,12,Education,131212,,,0.0018099869249346954,182.73924,4.057070502097685,4.284399,4.1480019619794355
390,88.14981,3,Office,34400,,,0.0025624944997388265,73.58128,5.743809915672762,1.7251443,4.136343644315614
219,184.08311,2,Education,96124,1959.0,,0.0019150588263495427,165.62103,4.292588287313107,3.8830552,4.128775032591417
85,91.08916,0,Lodging/residential,37241,1981.0,,0.0024459374642059072,89.1203,5.482548298719579,2.0894632,4.1253143085736355
1208,210.80243,13,Healthcare,121585,,,0.0017337864802337356,188.20656,3.886267844805481,4.4125824,4.09679371355138
1327,177.17334,15,Education,98125,2011.0,,0.0018055881767515924,175.83348,4.047210744961335,4.1224904,4.077322680916925
174,168.1279,2,Education,90900,,,0.001849591850054146,169.45784,4.145844609372359,3.973011,4.076711196203554
1083,201.79414,13,Education,100813,,,0.0020016678769281524,147.133,4.4867217473268255,3.4495955,4.071871276621803
1361,277.44357,15,Education,233863,1921.0,,0.0011863508678074208,262.0146,2.6591955138533026,6.143043,4.052734524803681
1121,172.0437,13,Education,85732,,,0.0020067617829034085,143.76701,4.49813969482024,3.3706784,4.047155186826226
839,38.756756,8,Office,14150,,1.0,0.0027389933447955774,38.759747,6.139430595617668,0.9087387,4.047153826463923
1171,147.3397,13,Manufacturing/industrial,56851,,,0.0025916818775553368,59.83661,5.809233178096172,1.4028947,4.046697789071295
1440,254.01924,15,Lodging/residential,150294,1987.0,,0.0016901489170093804,189.12166,3.788454613062195,4.4340377,4.046687889678747
1232,245.02452,14,Education,181328,,,0.0013512779100526308,237.12123,3.028878094911396,5.5594077,4.041090084409606
248,65.70976,2,Education,24643,1982.0,,0.002666467661130633,47.051876,5.97686488434761,1.1031512,4.027379417449768
374,331.64975,3,Lodging/residential,350000,1949.0,,0.0009475707135881697,293.30222,2.123971802110627,6.8765945,4.025020850965473
347,156.1781,3,Education,75900,1974.0,,0.0020576824846632084,132.60109,4.612278020467675,3.1088889,4.010922358087489
1254,63.648907,14,Education,24979,,,0.002548096669512938,61.392662,5.711537300053856,1.4393771,4.002673207821621
479,100.49022,3,Public services,43955,1978.0,,0.0022862067823048787,98.80855,5.124513315763007,2.3166082,4.001351301435191
1278,163.44681,14,Education,79949,,,0.002044388395868968,133.43425,4.582479432004765,3.1284225,4.00085665868406
540,162.75996,3,Education,88300,1909.0,,0.0018432612003313456,160.45164,4.131654511148078,3.761857,3.983735567482914
349,102.60925,3,Public services,45098,,,0.002275250630397967,98.08961,5.0999551932121285,2.2997525,3.9798741293016056
1405,229.74382,15,Lodging/residential,142901,2007.0,,0.0016077131733887775,191.7274,3.603675585570766,4.49513,3.960257423867484
294,39.760704,3,Entertainment/public assembly,14913,,,0.0026661774318062995,37.804085,5.976214337752839,0.8863328,3.940261738542664
622,216.47443,4,Education,123612,1961.0,7.0,0.001751241192356173,168.29713,3.92539243554091,3.9457977,3.9335545340479348
373,106.92506,3,Education,46484,1932.0,,0.0023002550653454853,88.570625,5.156002424299645,2.076576,3.924231876218276
183,219.66841,2,Education,132518,1992.0,,0.001657649611787703,179.48004,3.715607693155139,4.207986,3.912559014773088
369,17.972918,3,Public services,6431,,,0.0027947313880831433,15.480324,6.26436695187051,0.36294276,3.903797282151931
275,146.21274,2,Office,70832,2014.0,,0.002064218686993299,119.181526,4.626928863136117,2.7942615,3.893861947779741
567,161.98627,4,Entertainment/public assembly,82670,2016.0,4.0,0.0019594322860752842,134.20383,4.392051024888309,3.1464655,3.893816902431459
296,55.972195,3,Public services,22000,,,0.0025441906668923118,50.0228,5.702782027960479,1.1728058,3.890791537189877
1042,73.474594,12,Office,29547,,,0.002486702342579989,57.84266,5.573922431479712,1.3561456,3.886811695105326
762,113.84647,6,Education,53651,,,0.0021219823245391075,108.24953,4.756405571919202,2.537956,3.869025719059419
1274,44.357582,14,Office,17077,,,0.0025975043679970227,39.642857,5.822284241556513,0.92944366,3.8651480198141264
835,44.177578,8,Entertainment/public assembly,17220,,1.0,0.002565480718490831,44.177944,5.7505034999438225,1.0357707,3.8646103797190245
281,72.86999,2,Food sales and service,28862,,,0.0025247726244817742,48.86276,5.659256648861336,1.1456081,3.8537972103613423
847,24.992817,8,Entertainment/public assembly,9303,,1.0,0.002686533045796929,24.99247,6.021841275680276,0.5859591,3.847488393180497
1420,184.23044,15,Entertainment/public assembly,95079,1975.0,,0.0019376564565510982,132.38159,4.343240685761427,3.1037426,3.847441451251778
676,166.03818,5,Manufacturing/industrial,90697,1976.0,2.0,0.001830690954389168,147.59482,4.103478410363283,3.4604232,3.846256386351637
75,174.54054,0,Education,80942,2010.0,,0.002156365577852525,100.45194,4.833475345663038,2.3551383,3.8421405519794267
411,16.774494,3,Entertainment/public assembly,6139,,,0.002732447331999117,17.46503,6.124757762871193,0.40947506,3.8386446899902857
1169,218.63148,13,Education,155439,,,0.0014065420196048067,207.50546,3.1527521326738057,4.8650537,3.8376727172492417
1434,77.34968,15,Education,33148,1967.0,,0.0023334644032686975,72.68285,5.23044087654831,1.7040803,3.819896687069428
975,357.86996,9,Entertainment/public assembly,426472,,,0.0008391405874233463,285.803,1.880926584301715,6.700773,3.8088650078167468
585,207.43506,4,Public services,132394,1949.0,7.0,0.0015668010528705984,180.67899,3.5119714107803546,4.2360954,3.8016210655386473
15,164.87773,0,Office,83957,1974.0,,0.0019638354315094893,123.01671,4.401920638426099,2.8841789,3.7948240053319657
1379,106.01628,15,Office,49553,1963.0,,0.0021394523263562185,96.77384,4.795564434376924,2.2689037,3.7849001416251475
1109,175.3615,13,Office,102191,,,0.001716017026662619,156.88922,3.846437763754275,3.6783345,3.779196519603578
1279,132.36018,14,Office,64743,,,0.0020443937370189878,108.05555,4.582491404147708,2.5334082,3.762858084637978
341,218.5558,3,Education,158000,1959.0,,0.00138326456576963,202.80501,3.1005759152560786,4.7548494,3.7622852988713595
123,123.77043,1,Education,61204,1989.0,6.0,0.0020222604979830516,110.517944,4.532879934599765,2.59114,3.756183949643831
1259,135.95184,14,Education,71088,,,0.0019124443402785104,126.137,4.286727938726713,2.9573355,3.7549709282369435
842,19.361624,8,Public services,7292,,1.0,0.0026551870219470772,19.363565,5.9515794262893635,0.45398703,3.752542474604108
522,21.190987,3,Office,8000,,,0.0026488733291625977,19.851988,5.9374273369000194,0.46543828,3.748631718712201
421,29.429808,3,Entertainment/public assembly,11274,,,0.0026104140201316187,24.98091,5.85122111847318,0.585688,3.7450078780073928
1241,241.99257,14,Healthcare,194188,,,0.0012461767409403597,220.1531,2.793294706397824,5.161583,3.740609954865916
418,162.60054,3,Entertainment/public assembly,86120,1926.0,,0.001888069439864524,126.56561,4.232091804012801,2.9673843,3.726208865442959
1100,228.12729,13,Lodging/residential,174924,,,0.0013041508816306474,209.74747,2.9232432562126323,4.9176183,3.7209932874449256
2,14.551385,0,Education,5376,1991.0,,0.0027067308269795917,8.305016,6.067114432693254,0.19471462,3.718154510879952
576,153.56374,4,Education,86465,2014.0,7.0,0.0017760219275072464,140.88731,3.980938245412074,3.3031628,3.7098280486800443
1352,94.912964,15,Office,42755,,,0.0022199266487472227,75.00294,4.975946952643249,1.7584755,3.6889584122551997
911,298.57718,9,Education,239638,,,0.0012459508882359147,214.50627,2.792788459456258,5.0291905,3.687349387166675
1443,89.44129,15,Education,40311,1913.0,,0.0022187812708462213,74.59049,4.973379597690631,1.7488056,3.6835500154655745
317,40.571175,3,Office,16098,,,0.002520261810261028,31.326075,5.649145696642114,0.7344531,3.683268668700524
1023,154.00073,10,Education,87976,,2.0,0.0017504857281744452,140.04543,3.9236990689177285,3.2834244,3.6675891923271995
6,64.066605,0,Lodging/residential,27926,1981.0,,0.0022941561489027364,61.695778,5.142331754277801,1.4464836,3.66399248546997
1331,231.72919,15,Education,171008,1930.0,,0.0013550780490486922,196.09467,3.0373960745787616,4.5975227,3.6614468105111118
131,126.0236,1,Lodging/residential,66661,1930.0,7.0,0.0018905146595053354,117.02781,4.237572743316406,2.7437665,3.6400502883314574
231,74.47833,2,Education,33739,1939.0,,0.0022074848845410728,70.95621,4.9480588425914895,1.6635984,3.6342746728492052
505,105.186325,3,Warehouse/storage,51622,1975.0,,0.0020376259167262443,95.247925,4.567321391759814,2.233128,3.6336440753093364
867,121.68483,8,Public services,65913,,1.0,0.0018461430933490216,121.70379,4.138114250161185,2.853397,3.6242272832738958
627,112.15884,4,Education,56637,1953.0,5.0,0.001980310333611351,102.20171,4.43884899322337,2.3961625,3.621774435664094
103,53.455353,0,Education,21657,2016.0,,0.0024682713572149015,31.931519,5.532609532464162,0.748648,3.619024908655057
164,32.555298,2,Warehouse/storage,12908,1979.0,,0.0025221024056060197,23.173058,5.653271375660891,0.5433022,3.6092836997299163
65,107.274315,0,Lodging/residential,53130,2001.0,,0.002019091189165652,95.24073,4.525775955483687,2.2329593,3.60864928148113
777,172.92636,6,Lodging/residential,105791,,,0.0016346037099940862,149.94617,3.6639504976952897,3.5155516,3.6045909731319443
836,20.710667,8,Public services,8168,,1.0,0.002535586025525727,20.713196,5.6834947965509155,0.48562968,3.604348757980255
300,127.81511,3,Education,62800,2014.0,,0.0020352724403332753,92.16517,4.562046094176301,2.1608515,3.6015682598573737
179,58.6372,2,Food sales and service,24867,2012.0,,0.0023580327100919075,45.77793,5.285510530105352,1.0732831,3.6006195604986666
386,41.265667,3,Entertainment/public assembly,17262,2003.0,,0.0023905495864714357,38.165237,5.358396835615267,0.8948002,3.572958181792515
254,307.36612,2,Entertainment/public assembly,254766,1989.0,,0.0012064644394651,207.07668,2.7042799159227493,4.8550005,3.564568219443481
473,91.6503,3,Public services,46007,1950.0,,0.0019920946610790884,91.440704,4.465263464343454,2.143866,3.5367045273136526
901,168.1552,9,Education,107730,,,0.0015608948031519047,152.78148,3.4987326016035434,3.5820265,3.532050225139067
250,189.5634,2,Education,131710,1991.0,,0.0014392483506837346,169.99837,3.226063099302444,3.985684,3.5299114267811733
1377,132.18794,15,Education,74599,1984.0,,0.0017719800869298893,122.1255,3.971878493678691,2.863284,3.5284407167745364
1404,225.44482,15,Lodging/residential,169290,2006.0,,0.0013317078635403745,185.19107,2.9850119998939313,4.341883,3.5277605444721862
306,103.61775,3,Education,51500,1931.0,,0.0020119951859261225,86.73878,4.509870323774815,2.0336275,3.5193731863722806
833,15.995691,8,Public services,6392,,1.0,0.002502454834079862,15.9957905,5.6092315089753875,0.3750281,3.515550146821237
838,42.650696,8,Public services,18414,,1.0,0.0023162102639720456,42.649094,5.1917658681185905,0.99992615,3.5150299927301325
261,155.69154,2,Education,89770,,,0.0017343382374858144,125.58605,3.887504604055445,2.9444182,3.510270039197183
606,52.66598,4,Utility,23432,1999.0,2.0,0.0022476093074737372,51.043,5.037997399854647,1.1967248,3.5014883488941115
775,163.8206,6,Office,104355,,,0.0015698395133629647,147.97932,3.518782094474003,3.469438,3.4990445586176904
370,38.36316,3,Entertainment/public assembly,15960,2005.0,,0.002403706715519267,27.570135,5.387888429956024,0.64639354,3.491290467021695
624,94.31948,4,Education,46204,1941.0,5.0,0.0020413704635095682,79.28852,4.5757147619488805,1.858953,3.4890100925781113
861,10.746692,8,Other,4276,,1.0,0.0025132581159486404,10.746693,5.633446974618737,0.25196078,3.4808525014302156
587,101.42297,4,Technology/science,53234,1942.0,5.0,0.0019052292450842036,97.0988,4.270555363400677,2.2765224,3.4729421653174755
1154,264.0311,13,Lodging/residential,262156,,,0.0010071526015506393,225.57123,2.257524103943164,5.2886133,3.4699598378084033
537,129.20686,3,Education,73200,1959.0,,0.001765121084744813,116.70931,3.9565040978443675,2.7362993,3.46842219308925
950,37.00239,9,Entertainment/public assembly,16052,,,0.0023051577258401163,38.986412,5.166991696653247,0.91405296,3.465816197334218
1277,92.48777,14,Office,45240,,,0.0020443804173423167,75.50397,4.582461548204234,1.7702225,3.4575659825533696
1301,112.47652,14,Education,62242,,,0.0018070839099584334,108.06924,4.050563418391671,2.533729,3.4438296815892016
1267,185.1259,14,Education,138977,,,0.0013320614221673708,175.83661,2.9858044985891357,4.122564,3.440508258578835
181,201.92462,2,Education,148829,2014.0,,0.0013567558848210446,171.93698,3.0411569293814127,4.0311356,3.437148452787234
909,119.99604,9,Entertainment/public assembly,66121,,,0.0018147946997812841,105.60272,4.067847089067519,2.4759007,3.431068513450277
534,2.26936,3,Entertainment/public assembly,898,,,0.002527127021670607,2.5624375,5.6645340104010495,0.060077436,3.4227513803754324
478,66.85582,3,Lodging/residential,31283,1935.0,,0.00213712942179933,58.1432,4.790357663307415,1.363192,3.419491418644087
371,13.575615,3,Entertainment/public assembly,5554,,,0.002444295089881026,13.965355,5.478866930453829,0.3274237,3.4182896379523586
440,74.2349,3,Public services,35033,1962.0,,0.0021189992700660137,60.442635,4.749719080352764,1.4171032,3.416672752513874
900,181.42065,9,Education,111623,,,0.0016252981401402489,131.15471,3.643092140964025,3.0749776,3.415846362955185
1158,307.69138,13,Public services,294812,,,0.001043686741830122,214.47755,2.3394150727703202,5.0285172,3.415055942160727
327,157.83325,3,Education,99325,1927.0,,0.0015890586655235338,135.438,3.5618616627470088,3.1754012,3.4072775534877437
350,146.22714,3,Education,83800,1944.0,,0.0017449539657993362,112.716,3.911299669978712,2.6426744,3.40384958042961
476,2.7642748,3,Entertainment/public assembly,1102,,,0.0025084163662309872,1.7884527,5.622594233260542,0.041931033,3.3903289535826384
147,138.74255,1,Office,82548,1977.0,7.0,0.0016807500328407411,118.57405,3.7673870930774336,2.780019,3.3724398737968997
1335,194.28673,15,Public services,136817,1953.0,,0.001420048151218587,154.9872,3.183026013337167,3.6337404,3.3633118257299612
1225,168.3107,14,Office,122746,,,0.0013712112774582521,159.618,3.0735585706622026,3.7423115,3.3410597811454905
217,265.72714,2,Education,282946,2003.0,,0.000939144367950013,220.42317,2.105084219080004,5.167915,3.3302166214595994
644,259.92606,4,Entertainment/public assembly,261091,1923.0,3.0,0.0009955381683328921,212.20993,2.231490449358612,4.975352,3.32903506532287
324,26.968613,3,Entertainment/public assembly,11910,,,0.0022643671428126313,28.731312,5.0755599471282355,0.6736178,3.314783086320841
1244,143.21559,14,Public services,95526,,,0.0014992315330974192,138.379,3.360514899279554,3.2443542,3.3140507103120562
1138,78.849625,13,Education,39988,,,0.001971832165494375,70.44203,4.419845250541389,1.6515434,3.312524501856816
996,127.94149,9,Education,77632,,,0.0016480509348379515,116.21804,3.694092339328256,2.7247813,3.3063679373570243
1273,153.36703,14,Office,104089,,,0.0014734221186879436,140.94301,3.3026633134837744,3.3044684,3.303385345420587
451,11.88314,3,Entertainment/public assembly,5013,,,0.0023704647138022197,11.943431,5.313376762087605,0.2800188,3.3000335783454546
504,159.67654,3,Warehouse/storage,112536,,,0.0014188930136974224,148.2985,3.1804367822778583,3.476921,3.2990304781420443
957,168.7563,9,Education,111195,,,0.0015176608829523164,133.46196,3.401824132312737,3.1290722,3.292723355120064
521,27.381649,3,Public services,12000,,,0.002281804084777832,23.676985,5.114644706205353,0.55511695,3.290833601329222
959,174.23091,9,Education,128536,,,0.0013555028260945011,156.51471,3.038348208762042,3.6695535,3.290830404100914
528,25.398392,3,Public services,11143,,,0.002279313625023137,23.874557,5.109062361566151,0.5597491,3.2893370645331887
321,35.333595,3,Public services,15913,,,0.002220423256198008,31.914282,4.977060094076455,0.74824387,3.2855335978258013
1368,255.4196,15,Entertainment/public assembly,199037,1949.0,,0.001283276985889205,166.03925,2.8764545940903776,3.8928607,3.2830170407025783
490,149.94965,3,Education,98900,1961.0,,0.0015161743781202603,132.2071,3.398492144207034,3.0996516,3.2789559404014788
527,21.543648,3,Public services,9392,,,0.002293829617345963,20.465767,5.141599836533678,0.47982857,3.276891328445323
868,102.98754,8,Public services,60000,,1.0,0.001716459019978841,102.99112,3.8474284880632004,2.4146705,3.274325267867675
819,14.781223,8,Public services,6351,,1.0,0.002327385182982072,14.7809515,5.216814355295118,0.34654567,3.2687068887002564
832,54.330093,8,Public services,26507,,1.0,0.002049650785973104,54.329422,4.594275035259076,1.2737763,3.266075538275807
64,98.35465,0,Lodging/residential,53130,2001.0,,0.0018512074610349174,82.3648,4.149465987826896,1.9310776,3.2621106682691052
1266,30.158579,14,Public services,13469,,,0.0022391104664548716,26.605171,5.018947319036576,0.6237695,3.2608762060677123
308,11.794064,3,Public services,5033,,,0.0023433466258921585,11.177187,5.252591795623182,0.2620539,3.256376640140938
656,13.452458,5,Other,5769,1976.0,1.0,0.0023318527269289013,12.177304,5.226828317558497,0.28550205,3.2502978135441123
1300,53.048977,14,Healthcare,25609,,,0.0020714973992812433,48.787262,4.643244035643642,1.143838,3.2434816584600834
1095,64.250206,13,Education,32256,,,0.0019918838663706704,60.026978,4.46479096977361,1.4073579,3.2418177423980707
492,197.82411,3,Education,193800,,,0.0010207642514885272,198.42789,2.28803450304446,4.652226,3.2337110903154453
1275,160.44629,14,Office,114166,,,0.001405377161873938,143.20123,3.1501411138460216,3.3574138,3.233050151973079
344,125.39097,3,Education,77500,1942.0,,0.001617947978358115,111.23365,3.626616815014907,2.60792,3.2191380377317835
1210,139.73232,13,Office,92500,,,0.0015106196223078547,123.26185,3.3860412056712876,2.8899264,3.1875952968280656
1287,103.39778,14,Education,60582,,,0.0017067409688037753,94.623566,3.8256455579121122,2.2184896,3.1827831935119155
1133,130.81953,13,Office,82302,,,0.0015895061396048434,111.16973,3.5628646721448805,2.6064215,3.180287367701906
896,256.05212,9,Education,245637,,,0.0010424004690801365,188.69333,2.33653190319615,4.423995,3.171517149119838
824,17.472618,8,Public services,7820,,1.0,0.00223435014105209,17.472591,5.00827708959682,0.40965235,3.168827200651784
1153,133.31625,13,Technology/science,89456,,,0.0014902997413489244,123.44887,3.340494363034517,2.894311,3.1620209983138743
439,107.68431,3,Office,62205,,,0.001731119860350228,88.62584,3.880290638715953,2.0778704,3.1593225308125796
239,147.83873,2,Lodging/residential,106440,1963.0,,0.0013889395890492148,137.55595,3.1132964323101735,3.2250576,3.1580009478413045
971,240.8436,9,Lodging/residential,301307,,,0.0007993295788418768,219.66902,1.791690542676461,5.1502333,3.1351077284684257
5,17.894445,0,Education,8000,2000.0,,0.0022368056774139406,13.125561,5.013781153744052,0.30773434,3.1313624313983857
907,80.93881,9,Entertainment/public assembly,44564,,,0.001816237596621923,73.09314,4.071081330226436,1.7136997,3.128128677515134
1302,134.41962,14,Office,90411,,,0.0014867617513269265,119.24205,3.332563988092454,2.7956805,3.117810578181095
1360,164.71002,15,Entertainment/public assembly,111530,1988.0,,0.0014768225766399736,119.93202,3.3102854114452294,2.8118572,3.1109141124295765
1026,134.4238,10,Lodging/residential,88480,,1.0,0.001519256302073032,113.11202,3.4054002508824177,2.6519592,3.104023894387788
395,19.373363,3,Public services,8925,1912.0,,0.002170684985419949,19.056032,4.865572177551151,0.44677678,3.0980540205132727
355,192.74901,3,Education,182500,1970.0,,0.0010561589489244435,178.8563,2.367371420300428,4.1933613,3.097767412803426
1295,153.67691,14,Office,115676,,,0.0013285116221203243,139.35779,2.977847651575041,3.2673023,3.0936294769847583
464,21.188198,3,Public services,9816,,,0.002158536887693522,20.215313,4.838342318449121,0.47395658,3.0925880220614084
383,52.772297,3,Warehouse/storage,27318,,,0.0019317774692699896,51.31627,4.330062985109665,1.2031317,3.0792904613538847
273,169.59938,2,Office,140345,,,0.0012084461896979875,154.34032,2.7087219924381163,3.6185741,3.0726628524452915
36,91.986115,0,Lodging/residential,53130,2002.0,,0.0017313403821184476,78.33977,3.880784936408709,1.8367091,3.0631546543005173
173,126.90862,2,Education,90903,,,0.0013960883880806928,126.174904,3.129320405343614,2.958224,3.0608818903085244
41,127.99931,0,Office,93860,1968.0,,0.001363725904053827,130.39055,3.056780168996469,3.0570617,3.0568927941240167
958,233.6829,9,Entertainment/public assembly,234819,,,0.0009951618357308914,181.72264,2.230646902989563,4.2605643,3.0426139203734497
1262,109.16435,14,Office,65000,,,0.0016794515756460337,83.444115,3.764476612172675,1.9563826,3.0412390440476846
593,112.88038,4,Education,66203,2015.0,6.0,0.0017050644037754261,79.022354,3.82188755147148,1.8527126,3.034217583373122
968,194.73126,9,Education,153999,,,0.0012644969266490773,141.8096,2.8343592489134957,3.3247862,3.0305299999935444
1006,51.672894,10,Office,26948,,1.0,0.001917503841627205,48.049038,4.298068768538429,1.1265302,3.029453329299327
149,123.44357,1,Office,81881,1960.0,8.0,0.001507597281396745,106.34663,3.379266653883744,2.493342,3.024896797197037
283,94.147896,2,Entertainment/public assembly,51920,,,0.0018133261905429177,62.196526,4.064555437934045,1.4582239,3.02202282641628
1438,154.96129,15,Education,108971,1990.0,,0.0014220415381353611,117.30257,3.187494173381805,2.7502084,3.012579855164337
297,106.26894,3,Education,66200,1950.0,,0.0016052710541785663,90.97028,3.598201595856331,2.1328368,3.012055708833684
945,269.39832,9,Office,332447,,,0.0008103496660510923,204.29494,1.8163919756708822,4.7897816,3.0057478135763573
435,57.436047,3,Office,29916,2002.0,,0.0019199106364601484,44.539135,4.303463578957674,1.0442389,2.9997737292875986
788,292.60107,6,Public services,401753,,,0.0007283108631889494,215.27576,1.6325026875582533,5.0472317,2.998394377580118
382,85.82896,3,Education,47984,2002.0,,0.0017886994957486643,63.082863,4.009354908229923,1.4790045,2.997214733935604
1339,167.11307,15,Education,140488,1961.0,,0.0011895184473190103,148.97931,2.66629561674492,3.4928832,2.996930628370621
812,20.49072,8,Entertainment/public assembly,9894,,1.0,0.002071024939246146,20.490004,4.642185020440047,0.4803968,2.9774697411019955
931,224.92918,9,Education,216050,,,0.0010410978197637627,168.00255,2.333612025685859,3.938891,2.9757236128495643
1097,182.27748,13,Office,157545,,,0.001156986772535476,149.62955,2.59337614073662,3.5081282,2.9592769747633216
1105,62.71477,13,Food sales and service,33215,,,0.0018881460566235722,44.480885,4.232263539835209,1.0428733,2.9565074292447533
423,2.1175427,3,Entertainment/public assembly,969,,,0.002185286629187679,1.6527536,4.898301639513609,0.03874951,2.9544807869457825
818,7.7854867,8,Public services,3648,,1.0,0.0021341794676948012,7.785613,4.783745365939324,0.182537,2.943262022794357
450,163.38007,3,Education,116872,1931.0,,0.0013979401902762744,112.98677,3.133471204423936,2.6490228,2.939691897382755
535,30.173285,3,Healthcare,15000,2010.0,,0.0020115523020426433,24.96353,4.508877603266857,0.58528054,2.9394387799824604
524,152.63956,3,Public services,134114,,,0.001138132908456728,148.67249,2.5511153626333707,3.4856894,2.9249450020725147
1046,229.11388,12,Education,201350,,,0.0011378886334381597,148.4239,2.550567822229305,3.4798615,2.92228534017291
214,128.9764,2,Education,91273,1951.0,,0.001413083766867752,108.68843,3.1674154042627043,2.5482464,2.9197477960244194
865,20.592665,8,Public services,10174,,1.0,0.0020240480360357704,20.591581,4.53688668614319,0.48277834,2.9152433568578426
267,116.980316,2,Entertainment/public assembly,72193,2013.0,,0.0016203830864780432,76.05513,3.6320750894293123,1.7831448,2.892503022083338
1417,67.21951,15,Lodging/residential,40451,1975.0,,0.0016617515744840208,68.356865,3.7248022081136027,1.6026556,2.8759435845422336
481,151.00853,3,Education,104294,1976.0,,0.001447911957189157,97.631386,3.245482500575853,2.2890093,2.862893257250114
163,107.24886,2,Education,72102,1970.0,,0.0014874603092870494,91.72831,3.334129799897488,2.1506093,2.860721617636094
1124,163.05304,13,Lodging/residential,153299,,,0.0010636275484561624,151.3287,2.3841122234712633,3.5479658,2.8496536877662297
813,11.477079,8,Public services,5630,,1.0,0.0020385576183800163,11.478947,4.569409793197526,0.26912877,2.849297385263093
1104,198.89175,13,Public services,199722,,,0.0009958429925115441,160.81912,2.232173710196852,3.7704725,2.847493308263802
529,27.885279,3,Public services,14519,1908.0,,0.001920606012933551,27.848063,4.3050222594869245,0.65290964,2.844177216251618
145,27.57023,1,Office,14219,,4.0,0.0019389711290532941,24.19277,4.346187513141835,0.5672098,2.834596425932052
787,230.46745,6,Lodging/residential,278795,,,0.0008266556179376592,183.44717,1.8529416299784682,4.300997,2.8321637616708575
237,137.40285,2,Public services,101262,1982.0,,0.0013569043401279756,107.40542,3.041489690706001,2.5181656,2.832160097458879
264,115.80081,2,Office,83660,1973.0,,0.0013841837409464275,103.41994,3.102636238700779,2.424724,2.831471384028573
284,216.52608,2,Entertainment/public assembly,230259,1975.0,,0.0009403588014822779,166.71103,2.1078063616505576,3.9086108,2.828128192982156
1073,179.21414,13,Office,194111,,,0.0009232559816069317,169.01991,2.0694705344337616,3.9627438,2.826779872006082
471,171.23422,3,Education,170000,1956.0,,0.0010072601318359374,155.09865,2.257765132175222,3.6363535,2.8092005240835753
1127,122.70005,13,Office,87131,,,0.0014082249756573885,97.18749,3.1565244645416186,2.278602,2.8053554684245254
348,20.6246,3,Public services,10577,1969.0,,0.0019499479490202429,18.977371,4.370791962975831,0.44493252,2.800448194882018
379,15.088151,3,Entertainment/public assembly,7675,,,0.001965882863594577,16.558453,4.406509940261944,0.38821995,2.7991939451904915
553,64.00484,3,Education,37800,,,0.0016932496570405506,55.647522,3.7954048958193973,1.3046798,2.799114861891968
1293,80.80329,14,Office,51471,,,0.0015698799580501793,73.317,3.5188727509009663,1.7189482,2.7989029843227757
148,200.93842,1,Office,174601,1960.0,12.0,0.0011508434403430894,132.70319,2.5796059131847175,3.1112826,2.792276582731387
1299,45.11851,14,Education,25401,,,0.0017762494075017194,42.54378,3.9814481399105803,0.997457,2.787851706841398
366,19.38695,3,Public services,9941,1963.0,,0.0019502011406482818,17.270933,4.371359489885194,0.40492433,2.7847854301495687
315,38.442722,3,Entertainment/public assembly,20644,,,0.0018621741096956326,29.383926,4.174047638763331,0.68891865,2.7799960552390472
385,33.79988,3,Public services,18432,1973.0,,0.0018337609039412604,32.48588,4.110359676520038,0.7616453,2.770873950624471
1091,199.76468,13,Lodging/residential,233341,,,0.0008561062091748905,172.43404,1.9189548830754313,4.042789,2.7684885466436597
1199,20.287066,13,Warehouse/storage,10559,,,0.0019213055692756365,19.513775,4.306590309156749,0.4575087,2.7669576706968386
155,81.997604,1,Office,51688,1930.0,8.0,0.0015863953793940023,65.6043,3.55589192923904,1.5381206,2.7487834204256565
1375,139.07736,15,Office,115288,1957.0,,0.0012063472526242702,119.99949,2.704017242602509,2.813439,2.7477859740328796
1292,88.930145,14,Office,58196,,,0.001528114393835863,73.731476,3.4252555892281085,1.7286656,2.7466196254141537
346,32.07691,3,Entertainment/public assembly,17709,,,0.0018113336784444218,32.913338,4.060089238787235,0.7716672,2.74472042817148
452,160.38788,3,Education,155100,1931.0,,0.0010340933489230738,144.1865,2.3179115630808114,3.3805137,2.742952452756324
866,19.368397,8,Public services,10174,,1.0,0.0019037150343063892,19.368465,4.267161272650076,0.4541019,2.741937522700496
457,107.56114,3,Education,79700,1932.0,,0.0013495751815278975,98.82533,3.025061443213194,2.3170018,2.7418375937721544
1016,19.024496,10,Other,10103,,1.0,0.0018830541501030596,22.08173,4.220850074102822,0.5177155,2.739596249944176
469,24.376404,3,Public services,13044,1913.0,,0.0018687828740105604,24.087969,4.188861128511815,0.56475264,2.739217729462855
924,208.50116,9,Entertainment/public assembly,252268,,,0.0008265065710592257,173.45227,1.8526075426513215,4.0666623,2.7382295217379484
951,129.55202,9,Office,103924,,,0.0012466034526376396,113.04332,2.79425117708614,2.6503487,2.736690243109289
549,23.998285,3,Public services,12754,1968.0,,0.0018816281396878706,20.93607,4.217653683724833,0.490855,2.7269342165606214
1297,38.134174,14,Office,21469,,,0.0017762436232206357,35.95763,3.9814351744930754,0.84304184,2.7260778395820147
1387,180.21072,15,Office,187041,1973.0,,0.0009634824657532473,151.56831,2.1596378610507787,3.5535834,2.7172160462126813
1336,52.131207,15,Office,31053,1915.0,,0.0016787816479068422,48.275036,3.762974974767583,1.1318287,2.71051644519342
915,191.74504,9,Education,205141,,,0.0009346987725201432,154.94,2.095119454233189,3.6326342,2.710125385384762
1175,116.883286,13,Manufacturing/industrial,81372,,,0.0014364066942248062,82.903755,3.2196935501980875,1.9437137,2.709301619964128
205,86.20655,2,Lodging/residential,60086,2001.0,,0.001434719412145001,83.0103,3.215911521576559,1.9462116,2.708031555451581
288,20.224863,2,Entertainment/public assembly,10733,2005.0,,0.0018843625316657191,18.367584,4.223782800395055,0.43063578,2.7065239892952224
343,41.318905,3,Public services,22000,,,0.0018781320398504084,18.703121,4.209817205279847,0.4385026,2.701291370040047
1427,171.1719,15,Education,180625,1933.0,,0.0009476645288170416,151.84456,2.1241820881588076,3.5600603,2.698533357967306
952,185.90273,9,Education,218024,,,0.0008526709225577302,165.02647,1.9112547169533836,3.8691156,2.6943991142754236
498,27.269709,3,Entertainment/public assembly,14842,,,0.0018373338251868247,23.797388,4.118368349506568,0.5579398,2.694196937700576
552,36.0367,3,Public services,20110,1936.0,,0.0017919791746590045,29.442059,4.016706280983057,0.6902815,2.6861363846519986
442,99.13702,3,Education,70800,1964.0,,0.001400240343169304,85.23161,3.1386269778298477,1.9982914,2.6824927717618428
600,69.06795,4,Education,44182,1917.0,5.0,0.001563259865730282,61.8074,3.504033869524412,1.4491007,2.682060650598772
1294,28.472061,14,Office,15649,,,0.0018194172891064326,24.81216,4.078208584245197,0.5817317,2.679617824349494
852,19.98461,8,Public services,10800,,1.0,0.0018504268151742441,19.984333,4.147716176681692,0.46854118,2.6760461850005237
1431,138.5559,15,Public services,111360,2000.0,,0.0012442159926754305,106.84811,2.788899705617379,2.5050993,2.6753796135239307
967,155.24905,9,Entertainment/public assembly,119262,,,0.0013017478656661646,98.36667,2.917856916095327,2.3062482,2.6732134487065737
364,110.22123,3,Education,83800,,,0.0013152891354799839,95.44643,2.948209558739182,2.237782,2.6640385477625825
1223,76.72134,14,Office,52141,,,0.0014714205014239483,72.72067,3.2981767051849116,1.704967,2.6608928318878022
271,99.58844,2,Education,71421,,,0.0013943859640918811,83.25188,3.1255044362601243,1.9518756,2.6560528768096328
501,94.08777,3,Education,66404,,,0.0014168991108169313,78.94236,3.1759674657048778,1.8508371,2.645915347854018
1103,40.440887,13,Other,23903,,,0.001691874971809893,38.777046,3.7923235504117936,0.90914434,2.6390518729858
548,18.231337,3,Healthcare,9813,2010.0,,0.0018578759394301365,14.852378,4.164413326185207,0.3482203,2.637936108232296
392,79.58534,3,Education,53000,1912.0,,0.0015016102340986144,65.05031,3.3658467376107106,1.5251321,2.629560866586812
105,78.12403,1,Education,50623,,5.0,0.001543251705092439,58.96392,3.459185745371276,1.3824341,2.628485134871539
595,232.8837,4,Education,270413,1971.0,14.0,0.0008612148732115897,156.41487,1.9304059106397147,3.667213,2.6251287554673857
470,42.16663,3,Public services,24618,,,0.0017128373463018835,33.876087,3.839310536910852,0.7942392,2.6212820292292593
427,25.67653,3,Public services,14269,,,0.001799462529820779,21.112051,4.033480158774828,0.494981,2.618080494599804
1280,99.364006,14,Lodging/residential,79900,,,0.0012436045812575778,100.633484,2.7875292320554745,2.3593948,2.6162754904928978
1017,132.52948,10,Technology/science,109263,,6.0,0.0012129401533956486,105.00184,2.71879517435126,2.4618127,2.616002222294167
207,120.209114,2,Public services,99700,,,0.0012057082655437014,105.98509,2.7025849584240524,2.4848654,2.615497169703174
1082,82.88192,13,Office,57394,,,0.0014440868359208252,71.33341,3.2369085233548542,1.6724421,2.6111219573699986
1186,166.29868,13,Lodging/residential,157070,,,0.0010587551762724224,125.39271,2.373190842112331,2.9398854,2.5998687279465367
1428,45.934822,15,Education,28432,1933.0,,0.0016156029151139395,43.946423,3.621360375433808,1.0303426,2.5849532568154605
138,134.26924,1,Public services,118231,,6.0,0.0011356517438997201,112.6955,2.545553853101776,2.6421938,2.5842098057194027
1196,84.732735,13,Entertainment/public assembly,57201,,,0.0014813156182614951,62.71712,3.3203565265324446,1.4704295,2.5803857556335172
1283,98.02981,14,Public services,76537,,,0.001280815919678503,90.80818,2.8709381348333536,2.1290364,2.574177475359546
1332,70.511604,15,Education,47398,1912.0,,0.0014876493588143389,61.079414,3.3345535528263275,1.4320328,2.573545284962703
400,32.780785,3,Public services,19315,,,0.0016971672071930414,30.83768,3.804186051608537,0.72300255,2.5717126521595803
520,48.430378,3,Office,27600,,,0.0017547238391378652,22.581928,3.9331987590742905,0.52944285,2.5716963911743638
139,80.76309,1,Public services,56629,1900.0,6.0,0.0014261790256055312,69.41017,3.1967683168227206,1.6273509,2.569001348732396
875,154.0888,9,Lodging/residential,177708,,,0.0008670898673798802,149.51549,1.9435746607626072,3.5054538,2.5683263026144854
94,48.832455,0,Education,29469,1968.0,,0.0016570787838541003,35.492813,3.714328187132588,0.8321441,2.561454550877041
151,49.982548,1,Office,30495,1997.0,8.0,0.0016390407529106334,37.038757,3.673896092155269,0.86838937,2.551693408476526
253,87.977005,2,Education,65907,1964.0,,0.0013348658716810476,80.484276,2.992090648637966,1.886988,2.5500496424596046
668,76.897255,5,Entertainment/public assembly,47275,1976.0,2.0,0.0016265944990766295,38.54257,3.6459979186403526,0.9036468,2.549057499763237
1034,7.253469,12,Retail,3907,,1.0,0.001856531607454806,5.4432116,4.1614000173446835,0.1276184,2.54788737279399
175,131.77464,2,Education,111635,1989.0,,0.0011804061714008683,101.39678,2.645870526748315,2.3772907,2.538438606332192
353,119.29644,3,Education,99700,1955.0,,0.0011965540634354234,98.21697,2.6820658912241195,2.3027387,2.530335025190099
1296,15.694807,14,Office,8836,,,0.0017762343880276489,14.798941,3.9814144738855006,0.34696743,2.5276356559003617
1276,75.69361,14,Office,53860,,,0.0014053771100077893,67.55793,3.1501409975884838,1.5839243,2.5236543159603166
1218,223.24971,13,Entertainment/public assembly,268480,,,0.0008315319952436227,149.54149,1.8638719887852522,3.5060637,2.520748720843783
488,92.56726,3,Education,69600,1908.0,,0.0013299893784797054,77.912636,2.981160030052664,1.8266948,2.51937398033476
200,154.95656,2,Entertainment/public assembly,143093,1964.0,,0.001082908026441119,112.56057,2.427329253064963,2.6390302,2.512009639088734
822,0.6804752,8,Entertainment/public assembly,366,,1.0,0.0018592217906576688,0.68054646,4.167430040416793,0.015955701,2.5068403047450936
397,76.10148,3,Public services,54061,2006.0,,0.0014076964646725025,64.97697,3.155339811604475,1.5234126,2.5025689329870073
460,30.357977,3,Public services,17927,,,0.0016934220401323226,23.633305,3.7957912910728946,0.5540928,2.499111904427367
430,38.386326,3,Public services,23918,,,0.001604913698310128,36.247326,3.5974005856763016,0.8498339,2.4983739256054576
158,17.923048,2,Office,10135,,,0.0017684309836614879,12.765383,3.9639232084880813,0.29928982,2.498069854124221
650,117.28984,4,Education,75228,1993.0,4.0,0.0015591248032413754,42.639854,3.494765161658648,0.9997095,2.4967429037006634
182,1.8851898,2,Entertainment/public assembly,1022,,,0.0018446083871352464,1.5397187,4.134674219062885,0.03609936,2.495244275381243
542,87.430885,3,Education,66900,1969.0,,0.0013068891676373902,77.83043,2.9293811013159408,1.8247674,2.4875356370125563
455,45.998238,3,Healthcare,29192,2014.0,,0.0015757138123411647,39.064568,3.5319492863341413,0.9158853,2.4855237094595575
462,16.027672,3,Public services,9226,,,0.001737228681331546,15.473663,3.893983509677877,0.3627866,2.4815047511686266
1269,77.14119,14,Healthcare,56388,,,0.001368042661119304,67.786,3.066456143730762,1.5892717,2.4755823759280933
309,3.761535,3,Entertainment/public assembly,2067,,,0.0018198040296446602,2.9400468,4.079075459915951,0.06893064,2.475017533393833
468,60.564285,3,Office,40000,,,0.0015141071319580079,46.74805,3.3938584292835126,1.0960279,2.4747262039724665
1002,165.52954,10,Entertainment/public assembly,161969,,1.0,0.001021982854840278,117.288956,2.2907659922303965,2.7498894,2.4744153925336727
497,13.497431,3,Public services,7732,,,0.001745658406801811,13.169283,3.912878668573805,0.30875942,2.471230968098228
563,48.864964,3,Office,31346,,,0.0015588899231638532,39.949062,3.494238679936091,0.93662274,2.471192315417862
461,92.88816,3,Education,69400,1959.0,,0.0013384461196767493,71.39238,3.0001157444734403,1.6738247,2.4695993019353764
1052,71.31018,12,Retail,45305,,2.0,0.0015740024426456794,37.455406,3.528113265524219,0.87815785,2.468131094986147
1245,53.61004,14,Healthcare,35354,,,0.0015163783095922447,45.22163,3.3989492548900118,1.0602404,2.4634657200215617
872,6.4710464,8,Public services,3627,,1.0,0.0017841319128078044,6.471139,3.9991167094009925,0.15171859,2.4601574595688467
414,54.494576,3,Entertainment/public assembly,36387,,,0.0014976385934671252,47.535072,3.3569443384668447,1.1144799,2.45995856284268
466,38.30302,3,Public services,22500,,,0.0017023564656575522,16.520105,3.815817730906379,0.38732088,2.4444189949529003
886,86.202225,9,Education,69799,,,0.001235006586504754,83.42113,2.7682568989748746,1.9558437,2.4432916261288518
614,180.37462,4,Lodging/residential,185200,1930.0,8.0,0.0009739450244615197,120.715294,2.1830895985893406,2.8302214,2.4419423011381625
880,145.87486,9,Education,157723,,,0.0009248800914952064,127.58553,2.073110963118141,2.991297,2.440385356671849
278,158.03897,2,Office,148101,,,0.00106710265931537,107.07611,2.3919016552976395,2.5104449,2.4393189211494697
1264,48.79888,14,Education,33012,,,0.0014782164525251945,47.7763,3.313409772543981,1.1201355,2.4361000877790895
474,17.225115,3,Public services,10151,1966.0,,0.0016968884663961872,16.163198,3.8035612564516943,0.37895304,2.433717966749244
216,149.56752,2,Education,137065,1964.0,,0.001091215993445457,102.6729,2.445951491381362,2.4072096,2.4304547845039575
1243,181.95036,14,Healthcare,237704,,,0.0007654493115773386,149.00642,1.7157482079399253,3.4935188,2.4268564565022364
472,91.26192,3,Education,69400,1911.0,,0.0013150132149028504,70.07434,2.9475910850811746,1.6429226,2.4257236950664964
811,8.45062,8,Public services,4848,,1.0,0.0017431146240863863,8.451082,3.907176800965636,0.1981392,2.4235617657896094
495,66.0758,3,Education,47500,1968.0,,0.0013910694323087994,58.647087,3.118070458102025,1.3750058,2.4208446113632904
59,107.720985,0,Entertainment/public assembly,81337,2005.0,,0.0013243786396424464,68.07848,2.9685836060365407,1.596129,2.4196017398548344
1128,77.33432,13,Office,58703,,,0.001317382758434141,68.856,2.9529023970203934,1.6143583,2.4174847486637434
1044,151.53642,12,Education,150673,,4.0,0.0010057304409515453,113.15414,2.2543363428956424,2.6529467,2.4137804899720043
1219,115.05738,13,Office,91316,,,0.0012599914656387656,76.35675,2.824260295870536,1.7902163,2.4106427439705334
840,58.07103,8,Other,41861,,1.0,0.0013872346495087536,58.07429,3.1094748246387733,1.3615763,2.4103154222796017
342,25.01601,3,Lodging/residential,15420,,,0.0016223093569665257,24.271547,3.636392808563204,0.56905675,2.4094583878557034
1400,33.012447,15,Lodging/residential,21168,1928.0,,0.0015595449431773307,33.200523,3.4957069017991076,0.77840036,2.408784291655102
632,58.57619,4,Education,41297,1959.0,6.0,0.0014184127405982596,52.914177,3.1793602541567307,1.2405953,2.4038542947460066
1306,68.93716,14,Lodging/residential,54172,,,0.0012725606711446152,73.45082,2.8524340645260335,1.7220857,2.400294748293562
547,37.36926,3,Healthcare,23903,,,0.0015633710781330894,30.918804,3.504283151191966,0.7249045,2.3925316757932285
515,83.79266,3,Education,63900,1921.0,,0.0013113092891114046,66.9039,2.939288766504494,1.5685903,2.3910093613393113
969,163.68817,9,Education,193723,,,0.00084495992415314,133.1751,1.8939705787433165,3.1223466,2.3853210269411194
265,125.95033,2,Office,118966,1988.0,,0.001058708644836353,102.32003,2.3730865422888923,2.3989365,2.383426565170546
1414,79.42436,15,Lodging/residential,65663,1975.0,,0.0012095755932963342,79.53912,2.711253541125398,1.8648286,2.3726835712275154
555,35.16903,3,Education,22400,,,0.0015700459480285645,26.900183,3.519244816044462,0.6306862,2.3638213730689834
1256,53.78049,14,Office,37917,,,0.0014183741033110251,48.645443,3.179273649001655,1.1405131,2.363769408431373
425,157.61769,3,Warehouse/storage,202829,1983.0,,0.0007770964262508766,140.47777,1.7418551177333566,3.2935607,2.3625373679727772
973,164.8937,9,Office,193960,,,0.0008501428504608715,129.79619,1.9055880645648795,3.0431266,2.360603543504247
396,26.671947,3,Public services,16768,1980.0,,0.001590645722760499,23.594473,3.5654190382244386,0.5531824,2.360524398141038
172,123.749115,2,Office,121440,1983.0,,0.0010190144515006124,105.49248,2.284112341056579,2.473316,2.359793822080084
999,125.67686,10,Education,113580,,2.0,0.00110650516811612,92.91165,2.480222048092706,2.178353,2.359474457340731
972,205.41187,9,Education,282152,,,0.0007280184625108984,147.11725,1.6318472738923469,3.4492261,2.3587988922513627
1362,121.37399,15,Education,113988,1923.0,,0.0010647962322342867,98.767365,2.3867318183518615,2.3156426,2.358296164890359
825,6.127389,8,Public services,3592,,1.0,0.0017058432500452667,6.127238,3.823633328848934,0.14365569,2.351642272337589
559,65.89252,3,Education,48994,2015.0,,0.0013449099295800252,57.440685,3.014604320124722,1.3467212,2.347451072928868
1215,105.5904,13,Parking,100328,,,0.0010524519645144007,99.164474,2.359062245855832,2.324953,2.3454185792029523
1307,76.3248,14,Lodging/residential,66013,,,0.0011562086041231935,84.016266,2.591631882771193,1.969797,2.3428979357387654
170,65.24521,2,Retail,45224,1982.0,,0.0014427120276895979,42.863777,3.2338269022425057,1.0049595,2.3422799388957047
855,62.923,8,Office,48300,,1.0,0.001302753630138579,62.923,2.9201113287194613,1.4752564,2.3421694102039363
584,142.70238,4,Education,137806,1967.0,8.0,0.0010355309443662536,101.03992,2.3211339212018154,2.3689237,2.340249842200154
1271,31.05345,14,Public services,20540,,,0.001511852464982342,32.46834,3.3888046121796354,0.76123405,2.337776403200649
198,146.34023,2,Office,163959,2004.0,,0.0008925415818572117,119.93827,2.000624465162448,2.8120036,2.325176195630367
194,124.26243,2,Office,155682,,,0.0007981810889100307,132.98146,1.789116212132821,3.117807,2.320592491867095
612,88.20669,4,Education,77055,1917.0,4.0,0.001144723741836949,82.90926,2.5658886603421927,1.9438429,2.3170703632776117
781,121.8375,6,Lodging/residential,128044,,,0.0009515283927859088,110.55662,2.132842906817912,2.5920467,2.3165244868428223
906,53.700535,9,Lodging/residential,39649,,,0.001354398214849218,52.75696,3.0358722319260845,1.2369094,2.316287100914455
1308,72.99072,14,Lodging/residential,62279,,,0.0011719957394346408,78.8297,2.627018614079768,1.8481957,2.3154894253410188
491,82.56481,3,Education,66600,1970.0,,0.0012397118874856302,68.82832,2.778803791634717,1.6137091,2.3127659475996962
410,80.25294,3,Education,64113,1924.0,,0.0012517420385396805,66.89168,2.80576927426047,1.5683038,2.3107831058656387
378,48.9667,3,Public services,35241,1978.0,,0.001389481045020526,46.915974,3.1145101013257497,1.0999649,2.3086920215174196
510,7.5969505,3,Public services,4581,,,0.0016583607358668106,7.8030787,3.7172016718104177,0.18294649,2.3034995998808556
190,123.898315,2,Education,137040,1957.0,,0.0009041032941454137,115.80306,2.02653994622588,2.715052,2.3019447950289242
610,44.04198,4,Entertainment/public assembly,30160,1958.0,4.0,0.001460277876107699,35.594185,3.2732006040519646,0.8345207,2.29772863550819
206,185.12022,2,Public services,345837,1966.0,,0.0005352817194199101,167.45209,1.1998294817787156,3.925985,2.2902917282212822
1231,20.684504,14,Education,13220,,,0.0015646371827002913,19.808899,3.5071211139536866,0.46442804,2.290043880353985
597,181.6578,4,Public services,189425,1994.0,4.0,0.0009589959424388775,106.12595,2.14958135669434,2.488168,2.2850160264075035
388,42.75163,3,Public services,30810,,,0.0013875893825294522,43.893482,3.1102699557276057,1.0291013,2.2778024684984377
1433,39.405,15,Education,28084,1913.0,,0.001403112048828403,41.385162,3.145063881964201,0.9702926,2.2751553743426287
245,100.3971,2,Education,88486,,,0.001134610021426633,79.120316,2.5432188409209076,1.8550094,2.2679351030373467
978,185.75362,9,Education,258491,,,0.0007186076742826938,138.63058,1.6107530710579732,3.2502527,2.2665530036378967
361,20.514605,3,Public services,13224,1965.0,,0.001551316134942638,19.062498,3.4772620972005357,0.44692835,2.265128605127801
536,3.2652333,3,Entertainment/public assembly,1962,,,0.0016642371448901815,2.7917812,3.730373593319099,0.06545449,2.264405952557111
1217,89.9061,13,Education,73044,,,0.0012308484942241578,64.85362,2.7589365700243134,1.5205207,2.2635702406977547
426,106.670845,3,Education,101400,1930.0,,0.0010519807202341053,89.79012,2.358005955756423,2.1051674,2.2568705170993306
1386,96.00133,15,Entertainment/public assembly,82035,1975.0,,0.0011702484002517027,72.78931,2.6231019679655905,1.7065761,2.256491660115139
499,221.84142,3,Education,376507,2011.0,,0.000589209272085973,155.76837,1.3207076384978294,3.6520555,2.253246807715702
626,123.929726,4,Public services,130581,1970.0,5.0,0.0009490639958874006,103.84474,2.127318981852123,2.434684,2.2502650043761663
330,78.20782,3,Education,65000,,,0.0012031971858097958,66.7223,2.696956394274501,1.5643326,2.2439069140907932
310,32.20628,3,Public services,22000,,,0.0014639218070290306,29.310757,3.2813684446307847,0.6872031,2.2437023104842204
197,109.1084,2,Public services,102856,,,0.0010607878824521661,87.00037,2.3777471359549334,2.0397606,2.2425525412546614
380,102.38037,3,Education,95100,1927.0,,0.0010765549010909568,84.725655,2.4130887759105755,1.9864289,2.242424844049
1236,73.5559,14,Office,61756,,,0.001191072941475006,67.266975,2.66978000234964,1.5771028,2.2327091373884826
1194,48.753906,13,Office,35829,,,0.0013607386823522845,42.593697,3.050084336622436,0.9986273,2.2295015299462553
290,71.301,2,Office,51732,1966.0,,0.0013782765503448815,39.976204,3.0893953205429505,0.937259,2.2285408116151686
303,24.417622,3,Entertainment/public assembly,15950,,,0.0015308853675579204,17.978954,3.4314667035709663,0.4215242,2.2274897008878494
477,31.465317,3,Public services,21600,,,0.001456727628354673,28.556814,3.265242753508674,0.66952664,2.226956324626795
517,3.6037247,3,Lodging/residential,2210,,,0.0016306446688207567,3.2397811,3.6550763401311492,0.07595804,2.223429022158495
326,58.89067,3,Entertainment/public assembly,45548,,,0.0012929364796778605,51.533176,2.898106268351264,1.2082171,2.222150618615739
320,100.7718,3,Education,105500,,,0.0009551829116604339,99.92276,2.1410344802049575,2.3427315,2.2217132903759347
769,90.34778,6,Education,77263,,,0.0011693537439694615,69.17773,2.621096603417265,1.621901,2.221418400015752
1129,129.88397,13,Office,133100,,,0.0009758375068968351,96.445786,2.1873315820856205,2.2612123,2.216883876905639
1216,23.355675,13,Office,15269,,,0.0015296139068473602,16.788317,3.428616735058859,0.3936092,2.214613728355071
141,59.00631,1,Office,44789,1919.0,5.0,0.0013174285987469544,46.503094,2.953005147696854,1.0902847,2.2079169826038605
83,3.3522635,0,Other,2070,1996.0,,0.0016194509423297385,2.997126,3.6299856961438186,0.07026889,2.2060989751320554
1383,105.25883,15,Education,105612,1967.0,,0.0009966559407025022,92.21788,2.2339959267442944,2.1620874,2.2052325203219367
908,103.012146,9,Education,91254,,,0.0011288507462258505,73.14216,2.5303094738925243,1.7148489,2.2041252347352946
1407,92.22596,15,Lodging/residential,83141,2006.0,,0.0011092717164555637,75.77774,2.4864232429775748,1.7766412,2.2025104694910738
1406,126.86875,15,Lodging/residential,136522,2005.0,,0.0009292916271800802,101.568665,2.0829993833323917,2.3813205,2.202327808691299
1392,86.60068,15,Entertainment/public assembly,76153,1963.0,,0.0011371932489886724,71.545555,2.549009123821727,1.6774158,2.2003718014834353
766,78.223495,6,Office,64818,,,0.001206817480999081,61.357777,2.705071255558301,1.4385592,2.198466411229115
289,15.178502,2,Entertainment/public assembly,9666,2005.0,,0.0015702981670623532,9.150932,3.5198101628919747,0.21454749,2.1977050962507905
159,15.145339,2,Education,9788,,,0.001547337455266244,12.329953,3.46834392009659,0.28908098,2.196638744524022
196,51.6606,2,Entertainment/public assembly,40531,,,0.0012745947239121366,51.39861,2.856993376733838,1.2050623,2.1962209341060985
134,62.21448,1,Lodging/residential,49589,1998.0,8.0,0.0012546024592905638,53.889526,2.8121808833677653,1.2634629,2.192693690466826
888,124.18566,9,Entertainment/public assembly,137522,,,0.0009030239621000128,104.03353,2.0241206325043057,2.4391103,2.190116491135884
384,20.496437,3,Office,13728,,,0.0014930388310572483,19.284508,3.346634009628175,0.45213345,2.1888337875298727
1226,38.387054,14,Education,27995,,,0.0013712110892430567,36.404484,3.0735581487794215,0.8535186,2.1855423373210128
899,171.02852,9,Education,225014,,,0.0007600794558416713,123.82471,1.7037117213744315,2.903123,2.18347619359126
185,96.370384,2,Education,84300,,,0.0011431836799087615,68.603966,2.562436624454984,1.608449,2.1808416033312854
1120,79.10929,13,Services,70040,,,0.0011294873083475179,69.63967,2.5317363225459544,1.6327316,2.1721344162845306
557,27.92027,3,Public services,19000,,,0.0014694879431473582,20.17843,3.2938448920267467,0.47309184,2.165543680454352
884,53.515114,9,Education,38598,,,0.0013864737507271467,31.563921,3.107769276405572,0.7400295,2.160673371377706
143,53.142918,1,Office,40085,,4.0,0.0013257557099427876,40.202393,2.9716702975578237,0.94256216,2.1600270377246815
1239,42.605873,14,Office,31300,,,0.0013612100034476088,34.995316,3.0511407989020882,0.82048,2.15887647496198
1312,77.66974,14,Lodging/residential,75000,,,0.0010355965169270833,81.28142,2.321280901546604,1.9056773,2.1550394683571614
402,4.4133916,3,Public services,2818,,,0.0015661432186367666,5.190824,3.510496880866033,0.12170107,2.1549785569351565
1131,35.423527,13,Office,25463,,,0.0013911764821080005,28.433111,3.118310409328529,0.66662633,2.1376367733128
1185,115.532646,13,Office,129532,,,0.0008919235878331163,99.899475,1.9992392367438945,2.3421855,2.13641775288084
986,46.127323,9,Office,34072,,,0.0013538190640594847,33.344116,3.0345740702913653,0.78176695,2.133451240489867
319,19.085033,3,Public services,13100,1929.0,,0.001456872779904431,18.506605,3.2655681094892857,0.43389523,2.1328989667515774
311,62.239304,3,Education,50000,1928.0,,0.0012447860717773437,47.947075,2.7901775331399827,1.1241395,2.1237623507441272
162,108.59667,2,Education,98829,1968.0,,0.0010988340675116158,68.695854,2.463027340466694,1.6106033,2.122057737287829
511,17.919973,3,Public services,12316,,,0.001455015700991644,17.61413,3.2614054826916314,0.41297072,2.122031587244335
269,181.59163,2,Entertainment/public assembly,809530,1958.0,,0.00022431735578461615,193.45972,0.5028054704291044,4.535745,2.115981315971757
1376,167.1086,15,Public services,240026,1960.0,,0.0006962103972142927,125.757286,1.5605497624761735,2.948433,2.1157030025891586
990,91.48582,9,Office,82939,,,0.0011030494333855775,67.21035,2.4724760476961207,1.575775,2.1137956276067777
1268,52.82887,14,Office,43007,,,0.001228378377147134,48.920246,2.7533998233263874,1.1469558,2.110822239052366
1393,125.22504,15,Entertainment/public assembly,151900,1990.0,,0.0008243912878281353,105.92919,1.8478661530411462,2.4835548,2.102141663622631
456,20.106112,3,Public services,14125,,,0.0014234415239992395,19.766624,3.1906322299464405,0.4634369,2.0997541045560753
1134,146.99629,13,Office,152946,,,0.0009610992906925177,85.93539,2.1542959941527235,2.0147915,2.0984942038715477
1334,113.117226,15,Office,130794,1933.0,,0.0008648502656618244,99.65176,1.9385546123072295,2.3363776,2.097683827584075
988,32.497604,9,Office,24463,,,0.001328439045502072,32.930786,2.977684971694321,0.77207625,2.0954414826656405
398,70.34078,3,Education,62200,,,0.0011308807422110506,60.947514,2.5348596928568017,1.4289403,2.092491934183319
1255,31.646051,14,Office,23702,,,0.001335163758622072,31.300732,2.9927583597162846,0.73385894,2.0891985930239843
240,100.13632,2,Lodging/residential,111304,1964.0,,0.0008996650796151475,93.449455,2.0165917256035826,2.190962,2.086339889678861
580,101.699646,4,Education,104016,1960.0,4.0,0.0009777307913791508,82.1008,2.1915753633635213,1.924888,2.0849004358564
359,7.44629,3,Public services,4925,,,0.0015119370591216885,4.933219,3.3889942292330324,0.11566141,2.079661104020933
389,63.323048,3,Education,57165,2014.0,,0.0011077240905788411,62.69982,2.4829542525632045,1.470024,2.077782147408894
1228,128.93855,14,Office,162549,,,0.0007932288285775078,107.13995,1.7780157621588455,2.5119417,2.0715861735276073
189,11.006345,2,Education,7481,1969.0,,0.0014712397801399614,9.507777,3.297771619943542,0.22291388,2.0678285254167097
1106,99.03581,13,Office,92099,,,0.0010753190846581361,65.9542,2.41031870374788,1.5463243,2.064720959244425
525,13.083545,3,Public services,9062,,,0.001443781144464813,12.31457,3.2362233185216893,0.28872034,2.057222125437564
1177,27.998718,13,Office,20444,,,0.0013695322961122457,21.273346,3.069795148065821,0.49876264,2.041382149750671
268,84.61199,2,Entertainment/public assembly,77844,,,0.001086943012721908,60.93417,2.436373640950112,1.4286274,2.033275133285277
1322,116.6579,14,Entertainment/public assembly,166489,,,0.0007006943278487993,115.93919,1.570600455362458,2.7182436,2.02965771279267
654,51.177223,4,Education,43910,1912.0,5.0,0.001165502691996502,48.9283,2.6124645027394644,1.1471448,2.0263366253897876
1403,81.80738,15,Lodging/residential,78438,2004.0,,0.0010429559738426469,66.32929,2.337777062459296,1.5551184,2.0247136021873393
1408,37.342052,15,Entertainment/public assembly,28760,2007.0,,0.0012984023803795826,29.303764,2.9103580389021215,0.6870392,2.0210305019377692
307,15.233633,3,Public services,10873,,,0.0014010515075307491,14.569316,3.1404451959384065,0.3415838,2.0209006329210153
241,56.93079,2,Entertainment/public assembly,51999,1974.0,,0.0010948439382970781,57.606216,2.454083499319088,1.3506021,2.012690983418662
672,9.124172,5,Manufacturing/industrial,6329,1919.0,2.0,0.001441645158902411,7.8367076,3.2314355248096214,0.18373494,2.0123552947570458
779,100.4748,6,Lodging/residential,113000,,,0.0008891575230961352,86.37367,1.993039125849887,2.0250673,2.0058504191935564
1076,98.177055,13,Lodging/residential,117054,,,0.0008387330237231254,93.49824,1.8800130336881093,2.192106,2.004850259387518
1027,42.877434,10,Lodging/residential,35465,,2.0,0.0012090070147146614,39.70455,2.70997907700632,0.9308901,1.9983434735685228
922,122.981346,9,Education,147205,,,0.000835442723619246,92.65627,1.872637853618795,2.1723657,1.9925289664246644
1018,137.56587,10,Education,186840,,2.0,0.0007362763444250846,106.75178,1.6503572468995051,2.5028408,1.991350651087701
1356,87.14582,15,Education,91253,,,0.0009549912947264833,75.06568,2.140604972455634,1.7599467,1.9883417008004982
391,82.91027,3,Education,87107,,,0.0009518209867280238,75.47415,2.133498753683596,1.7695235,1.9879086408477002
167,81.14123,2,Lodging/residential,86323,1956.0,,0.0009399722869011499,77.04371,2.1069399924607466,1.8063225,1.9866929895598524
601,16.224321,4,Entertainment/public assembly,11910,1903.0,2.0,0.0013622436075026402,16.299023,3.053457613717017,0.3821375,1.9849295770707711
1030,73.17349,11,Education,68030,,,0.0010756062388893228,57.400017,2.4109623575471706,1.3457677,1.9848845448650638
43,66.999695,0,Retail,59071,1980.0,,0.001134223135281589,47.35141,2.542351638873697,1.1101738,1.9694805178643946
1081,15.855983,13,Manufacturing/industrial,11470,,,0.0013823873391854004,10.768993,3.0986096192295682,0.25248364,1.96015922599407
603,38.08927,4,Public services,29063,2004.0,3.0,0.0013105760432649814,19.837687,2.937645202093433,0.46510297,1.9486283124763433
940,11.130459,9,Lodging/residential,8079,,,0.001377702541377288,9.897694,3.0881086842594057,0.23205562,1.9456874568091338
806,34.55206,8,Other,28693,,2.0,0.0012041982077016689,34.55933,2.6992001764441538,0.8102582,1.9436234016695624
208,43.731266,2,Healthcare,36904,1934.0,,0.001185000705119459,36.90504,2.656169135519348,0.86525434,1.9398032123735443
46,12.382538,0,Retail,9045,2016.0,,0.001368992575101921,10.004079,3.0685853679507353,0.23454987,1.934971166821085
618,119.24381,4,Education,148032,1924.0,5.0,0.0008055272681652288,90.64676,1.8055826112812354,2.1252518,1.9334502628556247
1009,28.248478,10,Education,21892,,2.0,0.001290356200246255,20.918383,2.8923225936600705,0.49044034,1.9315696976965153
749,41.78582,6,Lodging/residential,35936,,,0.0011627843946828867,38.84511,2.6063714621240472,0.91074014,1.9281189261540517
372,55.190674,3,Education,49100,1911.0,,0.001124046310145112,44.12571,2.5195403707383224,1.034546,1.9255426414226382
843,7.421098,8,Entertainment/public assembly,5380,,1.0,0.0013793862885258898,7.42317,3.091882789362308,0.17403936,1.9247454176717023
494,74.00363,3,Education,72800,1959.0,,0.0010165334009862208,59.310387,2.278551087150551,1.3905572,1.9233535083350999
1122,82.99044,13,Office,84365,,,0.0009837069918645451,64.00494,2.2049709665968376,1.5006229,1.9232317512151216
1058,82.37805,12,Education,84346,,,0.0009766681497381322,64.307846,2.1891934610432973,1.5077248,1.9166060052529925
1203,105.97655,13,Lodging/residential,138602,,,0.0007646105196260583,94.61826,1.7138680628206122,2.2183652,1.9156669265786284
1022,81.64703,10,Education,84346,,2.0,0.0009680012530695736,65.40321,2.1697666848968304,1.533406,1.9152224424642823
714,11.369319,5,Education,8730,1976.0,1.0,0.0013023274870672587,17.285282,2.9191561326014623,0.40526077,1.9135979881660714
1316,53.013844,14,Entertainment/public assembly,49975,,,0.0010608072743647215,51.322857,2.3777906027641813,1.2032862,1.9079888419632267
358,74.566185,3,Education,77700,,,0.0009596677605863397,65.786835,2.151087231433706,1.5424002,1.9076124471404055
1014,50.371075,10,Office,43094,,3.0,0.0011688651477355008,35.487522,2.620001419059339,0.83202004,1.9048088691663163
935,20.642035,9,Office,16135,,,0.001279332787768184,19.63,2.867613707103417,0.4602337,1.904661699603847
129,93.57555,1,Lodging/residential,102957,1968.0,7.0,0.0009088798844629159,72.294395,2.0372466333354806,1.6949728,1.9003371052530584
1021,138.15613,10,Entertainment/public assembly,213762,,2.0,0.0006463081741829113,108.18129,1.4486943483510013,2.5363562,1.8837590694521902
1442,88.691376,15,Public services,99541,1993.0,,0.0008910034632204004,72.5287,1.9971767851465503,1.7004662,1.8784925215693449
230,13.585992,2,Education,10334,,,0.0013146885871333496,11.680383,2.946863434660246,0.27385154,1.8776586797522365
805,4.3661847,8,Entertainment/public assembly,3200,,1.0,0.0013644327223300934,4.3667974,3.058364496230815,0.10238142,1.8759712684748973
1003,84.84708,10,Education,94751,,3.0,0.0008954742051906114,70.58178,2.0071979157525006,1.6548197,1.8662466283081593
748,38.137688,6,Office,32766,,,0.0011639409046910049,31.49858,2.608963769601344,0.7384976,1.860777301744556
351,61.829185,3,Education,58908,1910.0,,0.0010495889435363592,47.734222,2.352644808361184,1.1191491,1.859246526520998
689,15.00301,5,Office,11442,1976.0,1.0,0.0013112226705246093,9.95249,2.9390946116691308,0.23334035,1.8567929096010611
1201,87.49816,13,Education,73597,,,0.0011888821734026926,27.397726,2.6648694141013625,0.64235127,1.855862162310076
507,61.86329,3,Education,61151,,,0.0010116480332193183,52.729836,2.2676005763010245,1.2362733,1.8550696553108728
1025,53.25163,10,Lodging/residential,52034,,2.0,0.0010234006394997967,50.99053,2.293943944646084,1.1954945,1.854564179821708
128,90.62792,1,Lodging/residential,102774,1956.0,7.0,0.0008818176003474173,70.92308,1.9765867506082409,1.6628217,1.851080698646042
333,61.303474,3,Education,59900,1962.0,,0.0010234302909226966,50.461597,2.2940104080616677,1.1830935,1.849643669925883
570,153.02061,4,Education,193202,1964.0,10.0,0.0007920239677851339,83.64302,1.7753150768044192,1.9610461,1.8496075097896216
153,20.117975,1,Office,16092,1965.0,3.0,0.0012501848890744066,17.081738,2.802278936802288,0.4004886,1.8415628021353125
1224,28.303265,14,Office,23481,,,0.001205368792552273,23.278715,2.7018240325627607,0.54577935,1.8394061614857842
981,119.14979,9,Education,167055,,,0.0007132368854738381,93.71004,1.5987144930167583,2.1970716,1.8380573405625573
279,55.175213,2,Education,49384,1967.0,,0.0011172690114228782,35.572872,2.5043491125302717,0.8340211,1.8362179160235645
412,93.20563,3,Education,110000,,,0.000847323885830966,74.224075,1.8992693790048394,1.740215,1.835647616878154
399,118.332504,3,Education,180000,1939.0,,0.0006574028015136719,100.77013,1.4735628624022947,2.3625982,1.8291769897497265
1166,63.290516,13,Office,63771,,,0.0009924654764651363,51.9946,2.224603036324312,1.2190354,1.822375976610261
449,22.248486,3,Lodging/residential,18340,1900.0,,0.0012131126262369437,20.174648,2.7191817707775607,0.47300318,1.8207103429411993
1436,14.387605,15,Manufacturing/industrial,11302,1937.0,,0.0012730140429516848,11.1133995,2.8534502936267003,0.26055837,1.8162935243763414
184,39.26644,2,Education,34171,,,0.001149115956372797,28.660837,2.5757337723630527,0.6719655,1.814226455358139
1237,46.19069,14,Office,42755,,,0.0010803575976356932,38.339577,2.4216124883018324,0.8988877,1.8125225884152882
1230,26.793829,14,Office,22524,,,0.0011895679703531076,22.374317,2.666406622210232,0.52457535,1.8096741233343407
841,7.322687,8,Office,5680,,1.0,0.0012892054839872978,7.323302,2.889743272822895,0.17169791,1.8025251325141183
403,50.578396,3,Education,49500,1962.0,,0.00102178577461628,45.548275,2.290324238562282,1.0678986,1.8013540015361882
1176,112.93648,13,Education,142672,,,0.0007915812329057756,78.39309,1.774322690287948,1.8379592,1.7997772703884365
422,11.068358,3,Public services,8726,,,0.0012684343824576763,9.57343,2.843185023063746,0.22445312,1.79569226091762
918,58.860214,9,Education,60621,,,0.000970954194642095,51.974705,2.176385678649355,1.218569,1.7932590292694623
829,19.058521,8,Warehouse/storage,15879,,1.0,0.0012002343517067797,19.06067,2.6903152264978947,0.4468855,1.7929433314696825
152,12.97961,1,Office,10301,1970.0,2.0,0.0012600340203004791,10.437975,2.8243556817876305,0.24472275,1.7925025120679738
994,85.96143,9,Education,108392,,,0.0007930606816983221,76.737595,1.7776388623403072,1.7991456,1.7862415729812717
1206,87.59103,13,Office,99946,,,0.0008763835101570082,64.6806,1.9644062830515248,1.5164641,1.785229451269361
643,89.98191,4,Education,110919,1941.0,6.0,0.0008112398300161957,73.67203,1.8183872707280446,1.727272,1.7819412116761761
923,28.932083,9,Education,24992,,,0.0011576537744031215,23.723833,2.5948712198251975,0.55621535,1.7794088702389295
1371,51.21855,15,Public services,50577,1956.0,,0.0010126846518326944,44.512894,2.2699241482231836,1.0436237,1.779403963268627
416,8.928365,3,Public services,7079,,,0.0012612466102165764,8.168273,2.8270736919080166,0.19150864,1.7728476724764672
1068,93.97756,12,Education,112956,,,0.0008319837985647827,68.823616,1.8648847021379156,1.6135988,1.7643703864644815
991,58.292267,9,Education,57811,,,0.001008324831705093,43.253727,2.260151647996542,1.014102,1.7617317995259982
942,56.6695,9,Lodging/residential,57334,,,0.0009884099913420226,46.010002,2.2155127004561264,1.078724,1.7607972369061373
1411,11.322779,15,Education,9111,1958.0,,0.0012427591594536523,9.2102995,2.785634226177098,0.21593939,1.757756293758131
357,2.5844257,3,Lodging/residential,2000,,,0.0012922128438949585,2.1079986,2.896484244816934,0.04942292,1.7576597144177166
684,113.11739,5,Office,152471,1919.0,3.0,0.0007418944815319132,80.66291,1.6629502540747791,1.8911762,1.7542406538677495
693,58.175735,5,Office,57436,1976.0,3.0,0.0010128792999796784,41.54433,2.270360450411082,0.9740245,1.7518260541345123
1150,145.3809,13,Office,196043,,,0.0007415766191670561,80.4081,1.6622377682515819,1.8852019,1.7514234333508514
949,70.88538,9,Lodging/residential,86786,,,0.0008167836241554748,69.40372,1.8308136387654728,1.6271995,1.7493679835789553
503,12.99681,3,Other,10762,,,0.001207657494834754,12.6710615,2.706954139521225,0.29707843,1.7430038574638984
1381,72.869804,15,Office,84615,1963.0,,0.0008611925117570669,62.25192,1.9303557876270683,1.4595226,1.7420225503159565
655,141.60397,4,Education,222434,1964.0,11.0,0.0006366111897851582,94.2263,1.4269586392044589,2.2091756,1.7398454539656378
910,60.10857,9,Office,60096,,,0.00100020916698078,41.86087,2.24196045362694,0.9814459,1.737754635594743
287,36.85292,2,Office,33713,1956.0,,0.0010931367879520233,28.434292,2.4502569361477446,0.666654,1.7368157758682579
937,12.335968,9,Lodging/residential,10346,,,0.001192341776297905,13.928698,2.672624084956592,0.32656422,1.7342001459641132
652,114.22026,4,Education,150887,1959.0,9.0,0.0007569920577658591,76.12725,1.6967913444981937,1.7848358,1.7320091686335781
1319,121.63036,14,Entertainment/public assembly,287419,,,0.0004231813605375966,123.53783,0.9485574681356295,2.8963969,1.7276932071921076
1402,93.9045,15,Lodging/residential,133594,1961.0,,0.000702909583279581,83.09777,1.5755659318192343,1.9482626,1.7246445999278748
193,7.65837,2,Office,6203,1999.0,,0.0012346235721433776,5.780988,2.7673983754982614,0.13553773,1.7146541175109185
1315,69.241,14,Entertainment/public assembly,82789,,,0.0008363550388874503,62.544003,1.874682800635956,1.4663707,1.711357949176587
328,47.868843,3,Education,47200,1935.0,,0.0010141704042079085,36.892525,2.2732544497031903,0.8649609,1.709937039338287
979,51.06908,9,Entertainment/public assembly,52357,,,0.0009754011947358176,41.847256,2.1863535920384085,0.9811266,1.704262815690193
1248,67.40642,14,Office,78002,,,0.000864162686170607,57.581966,1.9370134086481114,1.3500336,1.7022215372962581
1311,55.912792,14,Lodging/residential,66794,,,0.0008370930353895641,61.24489,1.8763370136018784,1.4359124,1.700167168354761
1178,109.84778,13,Education,133072,,,0.0008254762708932946,62.549553,1.850298133476083,1.4665008,1.6967791837355521
1008,64.78137,10,Education,74420,,2.0,0.0008704833656317186,55.194786,1.9511811586144912,1.2940651,1.688334742303094
892,126.124084,9,Services,481999,,,0.00026166876792826596,142.11824,0.586528347280915,3.3320227,1.6847260989828678
776,87.58725,6,Office,104667,,,0.0008368181925139669,59.56145,1.87572095560282,1.3964435,1.6840099916890234
260,92.39429,2,Education,126985,1979.0,,0.000727600008736268,75.14993,1.6309093132683465,1.761922,1.6833144244592684
944,125.34976,9,Services,389641,,,0.0003217057803539428,133.3545,0.7211008067781424,3.126553,1.6832816836747346
244,79.88339,2,Education,95717,,,0.000834578939310513,59.77891,1.8707016883399978,1.401542,1.6830378042523202
809,0.6466842,8,Entertainment/public assembly,520,,1.0,0.0012436235180267922,0.6455278,2.7875716786647438,0.015134673,1.6785968763457
936,13.151478,9,Lodging/residential,11350,,,0.0011587205122220883,12.738726,2.5972623036939155,0.29866484,1.6778233219169527
1047,153.71936,12,Public services,252952,,,0.0006077016997357701,91.402565,1.362158259878906,2.142972,1.6744837767662717
176,58.38904,2,Education,62238,1970.0,,0.0009381574263413793,43.518944,2.1028719977470653,1.0203202,1.669851281400467
1167,51.472504,13,Office,52748,,,0.0009758190578241711,38.06612,2.1872902286440765,0.8924764,1.6693646831745288
889,88.002625,9,Education,126077,,,0.0006980069680569711,77.74521,1.564576760942487,1.8227694,1.6678538537113357
443,82.101906,3,Education,109000,1940.0,,0.0007532284937867331,69.38206,1.6883553474243362,1.6266918,1.6636899357495236
258,62.547955,2,Education,71224,,,0.0008781864899377481,51.17123,1.9684476470987164,1.1997312,1.6609610805535413
939,9.490471,9,Lodging/residential,8051,,,0.00117879404871823,8.019631,2.6422569672847676,0.18802366,1.660563641523414
771,66.51495,6,Lodging/residential,82911,,,0.0008022452221452069,61.87618,1.798225932671616,1.4507133,1.6592208703482088
322,36.9819,3,Education,37083,1908.0,,0.000997273663443481,33.535057,2.235380547084019,0.7862437,1.6557257991061243
1309,49.417286,14,Lodging/residential,58041,,,0.0008514203049428758,54.12245,1.908451468065377,1.2689239,1.6526404323071218
575,34.682434,4,Technology/science,33167,1963.0,4.0,0.001045691020654001,25.990192,2.3439076469333253,0.6093511,1.6500850275749732
299,171.03558,3,Education,356000,2014.0,,0.00048043703229239815,106.68281,1.0768955758612273,2.5012236,1.646626818859632
453,25.978474,3,Public services,24875,1984.0,,0.0010443607502846263,24.557375,2.34092585706454,0.57575804,1.6348587272390216
178,24.302662,2,Office,23392,,,0.0010389304845995191,25.312708,2.3287539621043614,0.5934672,1.634639244666601
1246,46.317394,14,Office,50327,,,0.0009203289339041031,41.775955,2.0629095815728413,0.979455,1.6295277645057622
1071,11.878398,13,Office,10385,,,0.001143803364621026,9.122506,2.5638256425368797,0.21388102,1.6238477948133951
1184,60.875698,13,Lodging/residential,74584,,,0.000816203181508093,56.05644,1.829512581442676,1.3142669,1.6234143169014943
1013,62.6422,10,Education,67377,,3.0,0.0009297267683329727,39.598904,2.083974748574719,0.92841315,1.6217501281041058
393,55.539818,3,Education,59400,1900.0,,0.0009350137678461042,38.7767,2.0958255136127617,0.9091361,1.621149772650918
753,39.231026,6,Education,39558,,,0.0009917343064816417,30.514698,2.2229641249425836,0.71543,1.61995047751949
225,121.346664,2,Lodging/residential,216526,1967.0,,0.0005604253735288646,92.31065,1.2561887714482067,2.1642623,1.6194182165394257
124,39.902767,1,Education,38319,1900.0,6.0,0.0010413311198464595,23.27164,2.334134965863275,0.54561347,1.6187263665952965
512,5.79407,3,Lodging/residential,5000,2010.0,,0.0011588139533996581,6.211766,2.5974717513092425,0.14563748,1.616738045237545
1061,44.179783,12,Retail,44218,,,0.0009991357109645764,28.82044,2.2395543109754974,0.67570746,1.6140155703652057
429,13.274322,3,Public services,11934,1930.0,,0.0011123111744671785,12.484336,2.493236162602247,0.29270056,1.6130219241019135
1143,79.257515,13,Office,96612,,,0.0008203692600672099,54.21702,1.8388508115695181,1.2711409,1.6117668959192193
325,53.69178,3,Education,59200,1959.0,,0.0009069557447691221,41.662594,2.0329336903600015,0.9767972,1.6104791213338445
670,20.283869,5,Healthcare,18471,1966.0,1.0,0.0010981467592265093,13.643606,2.4614867447137967,0.31988013,1.60484410097123
360,57.21726,3,Education,69600,1949.0,,0.0008220870467438094,52.49376,1.8427012159887544,1.2307384,1.5979160841979736
513,74.93315,3,Public services,112283,,,0.0006673597182575918,74.61817,1.4958812077213126,1.7494546,1.5973105597119805
742,35.16365,5,Entertainment/public assembly,31829,1976.0,2.0,0.0011047676808160895,11.562232,2.476327484891385,0.27108145,1.5942290744457068
1007,40.060646,10,Office,41933,,2.0,0.0009553489151057379,32.95875,2.141406575534438,0.7727319,1.5939367054067222
1101,62.754204,13,Office,71936,,,0.00087236159636881,44.789806,1.9553911970488083,1.0501161,1.593281137134543
1163,69.906296,13,Parking,83919,,,0.0008330210771859435,50.29274,1.8672097534619854,1.1791346,1.5919797009636811
222,13.246406,2,Entertainment/public assembly,11935,1939.0,,0.0011098789779222006,10.391371,2.487784414458657,0.2436301,1.590122685711613
313,72.150024,3,Education,103800,,,0.0006950869404052264,69.53781,1.5580315434671559,1.6303434,1.586956324800081
133,55.86297,1,Lodging/residential,64723,1960.0,8.0,0.0008631084536381845,45.35523,1.9346503552742331,1.0633726,1.5861392698852734
930,21.068062,9,Office,20917,,,0.0010072219643645496,24.513138,2.257679580108423,0.5747209,1.5844961127377146
1355,44.920567,15,Education,50567,,,0.0008883375829857,41.28373,1.991201236973616,0.9679145,1.5818865568223075
758,42.201283,6,Lodging/residential,47007,,,0.000897765917867992,39.72285,2.012334770485868,0.9313191,1.5799285212308825
941,9.054766,9,Lodging/residential,8079,,,0.001120778029619253,7.652471,2.5122145473683433,0.17941543,1.5790949037506912
1310,46.688763,14,Lodging/residential,57274,,,0.0008151825027900081,51.30638,1.8272247386620384,1.2028998,1.5774947686580385
1035,15.609252,12,Office,14585,,,0.0010702263953385797,14.648768,2.398903483378006,0.34344658,1.5767207230491118
810,4.2308884,8,Entertainment/public assembly,3729,,1.0,0.0011345906051754408,4.2313147,2.5431753195568096,0.09920497,1.565587181433688
659,16.728416,5,Entertainment/public assembly,15306,1976.0,2.0,0.0010929319510565199,9.795851,2.449797795965548,0.22966787,1.5617458264555188
894,72.87802,9,Education,101555,,,0.0007176212027003532,63.447235,1.6085419032850257,1.4875474,1.5601441248582835
1413,53.49812,15,Lodging/residential,65999,1975.0,,0.0008105898476378134,49.102634,1.816930340681816,1.151232,1.5506510239567428
862,26.716333,8,Other,27640,,1.0,0.0009665822499740314,26.716717,2.1665860013670213,0.62638474,1.5505055067841105
1395,67.76374,15,Lodging/residential,98624,,,0.0006870917884039461,66.70674,1.5401104773548404,1.5639677,1.549653392163942
72,92.81623,0,Parking,387638,2002.0,,0.00023944048512768558,130.66605,0.5367038379321671,3.063521,1.5474307376271592
514,13.529585,3,Public services,12750,,,0.0010611439125210631,12.663344,2.3785451743664177,0.2968975,1.5458861034310956
1238,85.28227,14,Office,129707,,,0.0006574993819829861,70.272675,1.4737793467137201,1.6475726,1.5432966745908847
707,12.04979,5,Education,11270,1976.0,1.0,0.0010691916932018858,10.307111,2.3965842072222463,0.24165457,1.5346123527916569
544,67.97481,3,Public services,110800,1972.0,,0.0006134910445781391,75.566414,1.3751350277565493,1.7716866,1.5337556263150318
764,50.262676,6,Education,58307,,,0.00086203502562323,39.82245,1.9322442753873552,0.93365425,1.5328082587577274
1048,135.12567,12,Education,275610,,,0.0004902785508026513,92.85799,1.0989552570079502,2.177095,1.5302111406740388
463,24.793299,3,Public services,25000,,,0.0009917319488525391,20.677559,2.2229588403367364,0.48479414,1.5276929661073304
1174,26.39359,13,Other,27648,,,0.0009546293014729465,25.875826,2.139793567615825,0.6066697,1.5265440391052234
1119,88.93203,13,Office,119509,,,0.0007441450411610933,55.258392,1.6679948645959786,1.2955564,1.5190194891768987
920,67.72749,9,Education,85623,,,0.0007909964996103011,48.477844,1.7730120155134605,1.1365837,1.518440683658052
1445,4.7328153,15,Education,4298,,,0.0011011668835866724,3.979707,2.468256328120995,0.09330592,1.5182761653454115
723,100.30854,5,Education,160038,1966.0,4.0,0.0006267795170161979,71.85161,1.4049210272042147,1.6845914,1.516789205182087
204,28.66706,2,Lodging/residential,30949,1951.0,,0.0009262677583137026,27.861984,2.0762214066459386,0.65323603,1.507027268521407
989,107.20363,9,Education,168696,,,0.0006354841166360736,68.85613,1.42443231419964,1.6143613,1.500403891064187
541,2.8218954,3,Lodging/residential,2582,,,0.001092910674262841,2.813772,2.44975010421108,0.06597008,1.496238094888513
334,49.142487,3,Education,57100,1960.0,,0.0008606389942603437,36.082634,1.929115082803506,0.84597266,1.4958581185240378
1260,66.13155,14,Office,86455,,,0.0007649245694280533,49.75512,1.7145720028161509,1.1665299,1.4953551532792748
1070,108.35439,13,Lodging/residential,230747,,,0.00046958093932042926,92.09524,1.0525617345732887,2.1592119,1.4952218141891027
1337,15.156066,15,Office,14744,1910.0,,0.0010279480426517182,11.286361,2.3041369106474674,0.2646135,1.4883275530399773
887,51.98722,9,Lodging/residential,69754,,,0.0007452937575502502,51.66549,1.6705697027417805,1.2113193,1.4868695585473053
436,15.750748,3,Lodging/residential,15574,,,0.0010113488943536704,13.363394,2.266930059044169,0.31331044,1.4854822101882734
1364,59.98159,15,Utility,74922,1940.0,,0.0008005871475800978,42.90103,1.7945093724491574,1.0058329,1.4790387936450469
191,61.099155,2,Education,78268,1964.0,,0.0007806403054380512,45.529926,1.749798693189739,1.0674684,1.4768665957031957
947,65.08977,9,Education,91629,,,0.0007103620846681147,55.27843,1.592270651137222,1.2960262,1.4737728945466215
487,55.498955,3,Education,66600,1959.0,,0.0008333176392334718,37.36975,1.867874494802651,0.87614965,1.4711845705578908
1102,62.358883,13,Office,87187,,,0.0007152314324848054,54.227016,1.603185253402795,1.2713754,1.4704613191254172
905,33.61593,9,Lodging/residential,39648,,,0.0008478593787808299,34.14863,1.9004696819578857,0.8006291,1.4605334528324156
588,21.87729,4,Education,21866,1911.0,4.0,0.001000516359906156,10.771513,2.2426490239910826,0.2525427,1.4466064946420516
586,113.96019,4,Public services,166514,1917.0,5.0,0.0006843880383591526,56.09491,1.5340500443204013,1.315169,1.4464976411475996
1117,87.092186,13,Office,111424,,,0.0007816286076080656,41.852787,1.752013964209594,0.98125637,1.4437109248361812
926,24.472559,9,Education,26033,,,0.0009400591163223496,19.131176,2.1071346198796577,0.44853854,1.4436961916255562
1049,70.99569,12,Education,94399,,,0.0007520809478076023,46.05578,1.6857831327427852,1.0797973,1.4433887987321274
295,61.540073,3,Education,83400,1942.0,,0.0007378905682826786,47.648895,1.6539755161290817,1.1171485,1.4392447290233048
747,28.106022,6,Education,30531,,,0.0009205732495202749,21.375156,2.063457212976095,0.5011496,1.4385341656991701
336,37.632725,3,Education,43000,1923.0,,0.0008751796456270439,27.851727,1.9617078308109288,0.6529955,1.4382229211237338
1342,73.511055,15,Education,116854,1978.0,,0.0006290846269077291,62.7509,1.410087911680666,1.4712214,1.434541325804786
982,117.97672,9,Services,373416,,,0.0003159391207588458,107.44431,0.7081748876918756,2.5190775,1.432535996076429
774,60.786808,6,Lodging/residential,93500,,,0.0006501262889188878,59.478077,1.4572526204885274,1.3944888,1.4321470968902843
263,62.93131,2,Education,87673,1960.0,,0.0007177957723168808,49.688774,1.6089331996154133,1.1649743,1.431349658472022
1111,57.579445,13,Office,67839,,,0.0008487661210403146,30.482433,1.9025021371227726,0.7146736,1.4273707316507234
1198,61.591923,13,Education,85164,,,0.0007232154755531652,48.266884,1.6210814189352,1.1316376,1.4253038985393884
1039,27.653318,12,Education,30171,,3.0,0.0009165529284793798,20.230434,2.054445697103091,0.47431114,1.4223918785060334
1036,44.858833,12,Office,54207,,,0.0008275468724147856,31.85324,1.8549393694091785,0.7468127,1.4116887200170127
1141,19.481102,13,Parking,20986,,,0.0009282903835769606,17.321234,2.0807551041988406,0.40610367,1.4108945396988315
735,93.08301,5,Education,155807,2013.0,2.0,0.0005974250695572086,64.43334,1.3391232795793035,1.5106671,1.4077407900856862
1056,53.685112,12,Education,72958,,,0.0007358358507567603,44.23994,1.6493698840387576,1.0372242,1.404511593881125
1055,69.60582,12,Education,86714,,4.0,0.0008027056726958557,34.57313,1.7992580287166078,0.81058174,1.4037875147168422
215,30.487385,2,Lodging/residential,36406,1940.0,,0.0008374274788810245,29.37884,1.8770866658812015,0.6887993,1.4017717281893043
660,5.5366096,5,Entertainment/public assembly,5447,1976.0,1.0,0.001016451193254673,3.2803352,2.2783668192102073,0.07690885,1.3977836319430803
1041,8.10328,12,Education,8073,,,0.0010037507825398052,4.535754,2.2498989551798223,0.10634268,1.3924764476439784
161,11.001858,2,Education,11329,,,0.0009711234669934116,9.187159,2.1767651012042295,0.21539682,1.3922177908122022
1079,13.803373,13,Education,14185,,,0.0009730964636441306,8.667066,2.181187556638629,0.20320304,1.3899937489356462
598,50.423832,4,Public services,68701,1930.0,4.0,0.0007339606692726054,42.830418,1.6451666804793068,1.0041773,1.3887709410573594
1394,15.705061,15,Entertainment/public assembly,16351,2002.0,,0.0009604954411878358,10.165338,2.152942470555729,0.23833066,1.3870977472336448
262,18.757946,2,Entertainment/public assembly,20804,1999.0,,0.0009016509332053594,18.417845,2.021042999759955,0.4318142,1.3853514773462072
1424,21.303118,15,Lodging/residential,24103,1964.0,,0.0008838367735167903,20.844997,1.981112710321671,0.48871982,1.3841555575637376
1193,77.89979,13,Office,106511,,,0.0007313778661624812,42.618103,1.6393773489838936,0.9991995,1.3833062191990673
571,42.0516,4,Education,47954,1980.0,3.0,0.0008769154066378636,21.140936,1.9655985245494716,0.49565822,1.3776224022739334
882,34.279373,9,Education,39143,,,0.0008757472132678976,21.27647,1.9629800289146446,0.4988359,1.3773223739428724
1399,84.43556,15,Lodging/residential,166814,1929.0,,0.0005061659221275736,74.238266,1.1345666664995078,1.7405477,1.3769590865467385
682,50.832745,5,Entertainment/public assembly,64153,,5.0,0.0007923673810794299,33.194515,1.7760848348215204,0.77825946,1.376954695276915
233,22.692688,2,Education,25139,1970.0,,0.0009026885710760671,17.129782,2.0233688563388688,0.40161496,1.3746673053671181
878,33.046444,9,Lodging/residential,41241,,,0.0008013007429307967,31.63451,1.7961088904389675,0.7416845,1.374339138784941
678,52.816998,5,Public services,60977,1976.0,6.0,0.0008661790105790081,22.30434,1.9415329828877312,0.52293473,1.3740936926018632
1012,21.194971,10,Education,23112,,2.0,0.0009170548236671307,14.853876,2.055570690954327,0.34825543,1.3726445937899348
1146,61.47719,13,Public services,83155,,,0.000739308377251537,39.4437,1.6571535230339507,0.9247743,1.3642018473542297
976,47.141064,9,Education,59498,,,0.0007923134170927686,31.742062,1.7759638749983067,0.7442061,1.3632607593194337
773,58.294456,6,Lodging/residential,93313,,,0.0006247195619252793,55.727364,1.4003036551558983,1.3065517,1.362802871041537
830,13.839298,8,Warehouse/storage,15120,,1.0,0.0009152975031938502,13.8407955,2.051631671861614,0.32450333,1.3607803360675603
356,4.250348,3,Public services,4336,,,0.0009802463309791256,4.474168,2.1972139242654376,0.10489876,1.3602878600874742
1188,30.231226,13,Office,37096,,,0.0008149457075535698,28.131788,1.8266939641268434,0.6595617,1.3598410499829876
377,11.708695,3,Public services,12506,,,0.0009362462347418942,10.689569,2.0985880778163137,0.2506215,1.3594014442521012
589,125.69653,4,Education,305268,1952.0,8.0,0.0004117579739872014,85.551346,0.9229520430526057,2.0057876,1.3560862821555686
415,33.32557,3,Education,41329,,,0.000806348306342569,28.748516,1.8074229614652584,0.6740211,1.3540622446964614
257,49.608963,2,Education,75650,,,0.0006557695044639169,50.094612,1.4699018407725593,1.1744894,1.3517368679561197
142,35.72518,1,Office,45348,,4.0,0.0007878005993558668,30.9323,1.7658484319144356,0.7252209,1.349597444492213
960,42.3409,9,Education,56137,,,0.0007542423075893364,35.334118,1.6906278025545354,0.8284234,1.3457460517548128
674,102.17728,5,Entertainment/public assembly,149704,1976.0,8.0,0.0006825287007115917,45.293358,1.5298823545877083,1.061922,1.3426981884541478
1051,25.50918,12,Education,28406,,1.0,0.0008980208430954632,14.205391,2.012906183243809,0.3330514,1.3409642782455788
228,36.80732,2,Lodging/residential,49108,1951.0,,0.0007495177901994234,34.80761,1.6800378364751092,0.81607914,1.334454363729319
1429,32.143497,15,Education,40461,2002.0,,0.0007944316123437635,28.25759,1.780711791876659,0.66251117,1.3334315609715612
419,97.90054,3,Education,271300,1940.0,,0.00036085714416841366,89.29391,0.8088582601941748,2.0935335,1.322728386330433
71,86.54661,0,Parking,387638,1998.0,,0.0002232665733782328,108.84664,0.5004501504837876,2.5519557,1.321052441784108
1401,80.239006,15,Lodging/residential,168791,1946.0,,0.0004753749076815735,72.56651,1.065548866029464,1.7013527,1.319870417735507
68,87.861824,0,Parking,487433,2007.0,,0.00018025415602891993,114.82627,0.404038177972932,2.6921506,1.3192832154309149
745,12.444041,6,Education,13512,,,0.0009209622004245286,8.543271,2.064329043163746,0.20030062,1.3187176764809427
608,68.397026,4,Entertainment/public assembly,124197,1927.0,3.0,0.0005507139952012666,61.23235,1.2344207984287168,1.4356184,1.3148998392867224
897,30.290525,9,Education,37775,,,0.0008018669870655557,25.138203,1.7973781219148797,0.5893758,1.314177190722475
137,47.343018,1,Entertainment/public assembly,64024,1967.0,6.0,0.0007394573531507715,33.91655,1.6574874512618187,0.7951879,1.3125676210084798
135,45.61516,1,Lodging/residential,66532,1967.0,10.0,0.0006856123654144164,41.470505,1.5367943631397267,0.9722936,1.3109940640203106
252,4.098078,2,Education,4314,1907.0,,0.0009499484872619035,3.5574267,2.129301561845061,0.083405375,1.3109430872992973
227,15.217704,2,Entertainment/public assembly,17132,1918.0,,0.0008882619553627657,12.258591,1.9910317182915065,0.28740788,1.309582182489434
578,47.51388,4,Lodging/residential,71994,2004.0,4.0,0.0006599700208815958,44.972893,1.4793172630703513,1.0544086,1.3093537779471913
1351,31.287584,15,Office,40611,,,0.0007704214204232738,29.027407,1.7268931481901375,0.6805599,1.3083598383464554
226,53.032513,2,Office,74180,1930.0,,0.000714916590250673,36.840332,1.6024795371772709,0.8637372,1.3069826184798397
301,36.478348,3,Public services,51176,,,0.0007128018559152789,36.78796,1.597739377912192,0.8625093,1.3036473508455209
756,33.75606,6,Lodging/residential,44352,,,0.0007610944614437924,29.275293,1.7059868479132478,0.6863716,1.2981407585358515
112,26.094732,1,Education,32206,,6.0,0.000810244435339561,22.017992,1.8161561019141232,0.51622117,1.296182136351988
195,8.850025,2,Office,9703,1940.0,,0.0009120916393900807,7.339238,2.044445755050372,0.17207156,1.2954960804973787
995,35.270283,9,Education,46230,,,0.0007629306239533058,28.450176,1.7101025907685026,0.66702646,1.2928721504503289
186,1.5434438,2,Religious worship,1629,1948.0,,0.000947479311859337,1.2632148,2.1237669259025282,0.029616607,1.2861067984827534
919,25.815588,9,Education,31233,,,0.0008265484582792727,18.506275,1.8527014325035223,0.43388745,1.28517584621743
1242,20.789618,14,Office,23871,,,0.0008709152334821393,11.637002,1.952149186776799,0.27283445,1.2804232920686733
188,19.673563,2,Office,23549,1941.0,,0.0008354309314000611,16.692863,1.872611421458457,0.39137128,1.2801153678372705
1074,60.322945,13,Office,89858,,,0.0006713141249650925,39.727943,1.5047449771691928,0.9314385,1.2754223885613423
1136,53.76397,13,Office,79782,,,0.0006738859570001594,39.210415,1.5105097170919388,0.9193048,1.2740277455002194
646,42.407803,4,Education,58733,1923.0,6.0,0.0007220438694053958,31.925936,1.6184552735875681,0.7485171,1.2704800204509876
1142,67.022316,13,Office,103718,,,0.0006461975354230115,42.30328,1.4484463524992113,0.9918183,1.2657951350316312
74,79.059425,0,Parking,387638,1997.0,,0.0002039516903760826,105.1252,0.4571560023327899,2.4647048,1.2601755260288854
1170,40.864983,13,Office,59476,,,0.0006870835732897382,35.337673,1.540092063245288,0.8285067,1.2554579271656938
1390,57.83274,15,Entertainment/public assembly,93608,1951.0,,0.0006178183572311277,45.09891,1.3848346627516626,1.0573632,1.2538460586525844
405,50.748165,3,Education,82200,1916.0,,0.0006173742716619858,45.074173,1.383839248675377,1.0567831,1.253016799127025
1340,81.208626,15,Manufacturing/industrial,111518,1968.0,,0.0007282109237383833,29.015308,1.6322786741185418,0.6802762,1.251477696462168
912,37.53383,9,Education,52559,,,0.0007141275278325608,30.701176,1.6007108603892035,0.7198021,1.2483473488674943
1366,54.84481,15,Office,87977,1947.0,,0.0006233994167320987,43.622902,1.397344560784577,1.0227574,1.2475097127929202
127,21.4776,1,Lodging/residential,27071,,6.0,0.0007933803737451978,18.982906,1.7783554493803941,0.44506228,1.245038187469194
424,24.78502,3,Public services,32527,,,0.0007619829934591899,23.038492,1.7079784849688406,0.5401472,1.2408459710720179
1409,33.661594,15,Lodging/residential,48881,1902.0,,0.0006886437345976789,33.495857,1.5435891517235312,0.7853245,1.2402832906385346
136,38.82875,1,Lodging/residential,56467,1960.0,9.0,0.0006876361522721512,33.61344,1.5413306643969,0.7880814,1.2400309735778676
255,35.253357,2,Education,49078,1914.0,,0.0007183128272055453,28.356234,1.6100921738090208,0.66482395,1.2319848840202146
251,10.939399,2,Education,12773,,,0.0008564470966541897,8.288782,1.9197189794994147,0.19433402,1.2295649937997313
687,29.540472,5,Office,36221,1976.0,4.0,0.0008155620228773267,14.052561,1.8280754297526767,0.32946825,1.2286325579614692
312,5.729808,3,Entertainment/public assembly,6625,,,0.0008648766571620725,6.4779687,1.9386137686335476,0.15187873,1.2239197552003522
1162,48.814095,13,Office,72958,,,0.0006690711716803782,33.774784,1.499717416205278,0.7918641,1.216576088570518
1011,42.602043,10,Education,65144,,4.0,0.000653967259484457,35.821934,1.46586212377627,0.83986044,1.2154614499859768
132,52.46143,1,Lodging/residential,83108,1995.0,8.0,0.0006312440390329122,38.507973,1.4149282158366026,0.9028357,1.2100912201971519
695,68.58132,5,Education,121062,1976.0,3.0,0.0005664975113273248,46.320984,1.2697994173636153,1.0860151,1.196285692517168
302,38.634468,3,Education,57100,2015.0,,0.0006766106493627544,30.210209,1.5166170921559736,0.7082912,1.1932867185256244
199,94.81751,2,Parking,405083,2004.0,,0.00023406934507793966,93.60872,0.5246644725874446,2.1946962,1.1926771706626047
1211,60.879894,13,Office,94988,,,0.0006409219507368489,35.054756,1.4366211737000214,0.82187366,1.1907221820833245
998,77.481926,10,Education,173479,,1.0,0.00044663576550680754,62.62309,1.0011303200352488,1.4682249,1.1879681810157476
574,41.679756,4,Education,56343,1905.0,4.0,0.0007397503889489517,19.861992,1.6581442885441646,0.46567285,1.1811557223107259
895,37.552258,9,Education,55087,,,0.0006816900092189046,27.842745,1.5280024346454888,0.65278494,1.1779154322590797
891,35.105247,9,Education,50846,,,0.0006904229929111158,26.30306,1.5475773443008438,0.6166864,1.17522097404152
444,10.379246,3,Public services,12945,1960.0,,0.0008017957325652098,9.847613,1.797218405550351,0.23088148,1.1706836347851934
286,23.51414,2,Lodging/residential,32841,1935.0,,0.0007159994876957169,22.069685,1.6049068427122226,0.51743317,1.1699173752091283
274,31.22331,2,Office,42214,1985.0,,0.0007396434943521356,18.486183,1.6579046852025041,0.4334164,1.168109372653523
1190,27.822895,13,Office,39807,,,0.0006989447848380644,23.991716,1.5666788693867693,0.56249595,1.165005706346188
702,18.950512,5,Education,24251,1966.0,2.0,0.0007814321855747411,12.049571,1.7515736858703506,0.2825073,1.163947130182851
916,36.0384,9,Education,51778,,,0.000696017589375329,24.068459,1.5601175853232578,0.56429523,1.161788647092583
837,23.198812,8,Public services,33246,,1.0,0.0006977925911309995,23.198812,1.5640962368620597,0.543906,1.1560201344712473
1005,19.425776,10,Office,26325,,1.0,0.0007379211976430808,17.381516,1.6540441715833694,0.40751702,1.1554333152840823
280,70.79736,2,Entertainment/public assembly,105505,2008.0,,0.0006710332522747737,26.871716,1.5041154033910402,0.6300188,1.1544767562729816
69,61.450947,0,Parking,387638,2000.0,,0.0001585266326001613,99.905685,0.35533611655354724,2.3423312,1.150134174109222
1098,82.06322,13,Office,131745,,,0.00062289435775996,33.271923,1.3962124753371876,0.78007436,1.1497572343573572
997,26.472898,9,Office,38173,,,0.0006934979824293707,23.022266,1.5544699074994544,0.5397668,1.1485886688334357
234,75.24801,2,Education,179167,1971.0,,0.0004199881045506558,61.870483,0.9413998116399992,1.4505798,1.14507179196752
732,42.666348,5,Education,66187,1976.0,1.0,0.0006446333495046173,29.585077,1.4449402428904126,0.6936347,1.1444180153154702
1115,29.313787,13,Services,42028,,,0.0006974823322624714,21.775076,1.563400794212072,0.5105259,1.1422508324051195
965,28.927065,9,Lodging/residential,45086,,,0.0006415975002357691,29.553905,1.438135412232366,0.6929039,1.1400428157426634
1333,22.509863,15,Office,31316,1913.0,,0.0007187975124466814,18.092804,1.6111785917093526,0.42419344,1.1363845317727428
956,51.38054,9,Office,86167,,,0.0005962902148204033,35.10371,1.3365795122109152,0.8230214,1.1311562899662433
877,6.3767834,9,Office,8004,,,0.0007966995715856671,6.0360785,1.7857954034837535,0.14151843,1.128084615149048
1108,107.36859,13,Parking,679614,,,0.00015798466674994005,97.521774,0.35412130464867325,2.2864394,1.1270485383853648
630,50.454975,4,Education,93420,1948.0,5.0,0.0005400875094002765,42.47134,1.2106016196875706,0.99575853,1.12466439116412
1000,61.878223,10,Education,121146,,2.0,0.0005107739704091712,46.63783,1.144895568050101,1.0934436,1.1243147936804023
1118,19.279783,13,Services,26926,,,0.0007160284947226237,17.11191,1.6049718617195956,0.40119597,1.1234615152356071
770,47.336685,6,Education,80325,,,0.0005893144747048125,34.928097,1.3209434492850551,0.81890404,1.120127686468616
1125,80.402306,13,Parking,271492,,,0.0002961498151069915,76.78831,0.6638173251531132,1.8003345,1.1184241765249734
577,56.130753,4,Education,113589,1958.0,3.0,0.0004941565870240654,48.322468,1.107647842652199,1.1329408,1.117765025190471
160,12.175004,2,Entertainment/public assembly,15786,,,0.0007712532627285018,8.569018,1.7287577157361487,0.20090428,1.1176163458909498
1227,41.611988,14,Education,76903,,,0.0005410970712147375,41.51548,1.2128645440220334,0.973348,1.1170579350161254
256,12.826306,2,Education,16744,,,0.0007660240290897404,9.202808,1.717036432420712,0.21576373,1.1165273510786897
1422,14.56489,15,Lodging/residential,19876,1932.0,,0.0007327877796255239,13.649607,1.6425376581787388,0.3200208,1.1135309158348632
744,34.71891,5,Entertainment/public assembly,48642,1919.0,5.0,0.0007137640355512758,16.26756,1.5998960954912778,0.38139984,1.112497593341367
270,21.362837,2,Office,29778,,,0.0007174033460194961,15.2957735,1.608053579363226,0.3586159,1.1082785185772175
1412,25.573265,15,Lodging/residential,39538,1953.0,,0.00064680219221214,25.13112,1.4498016856175182,0.5892098,1.1055649293697785
846,0.3917613,8,Entertainment/public assembly,481,,1.0,0.0008144725633014513,0.3918497,1.8256334152565379,0.009187083,1.0990548822579371
140,31.697405,1,Office,50020,,11.0,0.0006336946193812514,26.306892,1.420421171121142,0.6167762,1.0989631968333375
727,70.89562,5,Education,139113,1976.0,3.0,0.0005096261474730469,42.812885,1.1423227325717735,1.0037663,1.0869001529002267
893,30.0231,9,Education,47191,,,0.0006362039350573625,23.90294,1.4260457811499514,0.5604146,1.079793310627036
180,16.88194,2,Education,24586,,,0.000686648533379761,16.515423,1.5391169249381051,0.38721108,1.0783545976498976
898,37.799088,9,Public services,64749,,,0.000583778707384115,31.043922,1.3085350732941134,0.7278379,1.076256206091565
616,67.58963,4,Education,117814,1959.0,6.0,0.0005736977789307987,32.367504,1.28593875676924,0.7588698,1.0751112026604055
1053,15.263243,12,Office,21582,,,0.0007072209582780844,12.890778,1.5852298426955742,0.30222976,1.072029811938393
1137,19.590572,13,Office,27452,,,0.0007136300581807422,11.912959,1.5995957863396189,0.2793044,1.071479225877868
885,24.672365,9,Lodging/residential,40697,,,0.0006062453052706251,26.556337,1.358893763907936,0.6226246,1.0643860858012357
1066,34.02736,12,Education,55800,,,0.0006098093012327788,25.064217,1.3668824309466057,0.5876412,1.0551859333728415
363,41.048237,3,Education,69300,2017.0,,0.0005923266500277609,26.99761,1.3276952149920485,0.6329704,1.0498052920372976
974,71.61422,9,Education,186572,,,0.0003838422682156344,56.46549,0.8603792228455488,1.3238573,1.045770456680962
1063,34.925217,12,Education,58157,,,0.0006005333265953314,25.36137,1.3460904116445036,0.59460807,1.045497477353409
298,24.779387,3,Entertainment/public assembly,39541,,,0.0006266757674410294,21.050419,1.404688473402183,0.493536,1.040227482234669
985,22.344227,9,Office,34758,,,0.0006428513388905635,18.585686,1.4409458810543656,0.4357493,1.0388672455820822
755,27.230885,6,Office,42129,,,0.0006463691175200444,17.954603,1.4488309523297243,0.42095327,1.0376798898478086
1065,8.865812,12,Office,12152,,,0.0007295763908521842,5.779914,1.6353393571945731,0.13551253,1.035408625893158
664,27.224943,5,Entertainment/public assembly,49492,1976.0,2.0,0.000550087754809075,30.742855,1.2330170858452822,0.7207793,1.0281219714015783
53,48.1242,0,Office,87742,1971.0,,0.0005484739225635867,30.924603,1.229399694410954,0.72504044,1.0276559909629785
1423,12.407313,15,Lodging/residential,18277,1965.0,,0.0006788484623769105,11.990288,1.5216331312465712,0.28111738,1.0254268350844409
1161,32.42173,13,Office,53077,,,0.0006108433039076042,20.465355,1.3692001392644573,0.47981894,1.0134476655842022
681,27.051035,5,Public services,41861,1919.0,3.0,0.0006462109105699377,15.318579,1.4484763327787968,0.3591506,1.012746032092014
736,50.792416,5,Education,94658,1976.0,3.0,0.0005365887259280408,30.648636,1.2027591258977626,0.7185703,1.009083586376594
282,18.873583,2,Office,28750,,,0.0006564724466075068,13.316366,1.471477479688041,0.31220785,1.0077696254561617
1165,19.409311,13,Office,28991,,,0.0006694943704789646,11.23359,1.5006660127606537,0.26337627,1.0057501169423189
1160,45.045567,13,Office,80205,,,0.0005616304040750314,26.471071,1.2588898373043353,0.6206255,1.0035841037270914
607,22.058388,4,Education,34825,1999.0,2.0,0.0006334066835993584,15.863227,1.4197757654825025,0.37192008,1.0006334968471036
1341,12.309354,15,Education,18342,1960.0,,0.0006711020514900325,9.591273,1.504269616254652,0.22487147,0.9925103568723705
565,10.504439,4,Education,15326,1954.0,2.0,0.0006853999317462398,7.440644,1.536318194855338,0.17444904,0.9915705364877495
1060,39.749928,12,Entertainment/public assembly,71806,,,0.000553573900798707,26.230173,1.2408312528238932,0.61497754,0.9904897730890655
683,3.3550205,5,Office,4650,1976.0,2.0,0.000721509789907804,1.502816,1.617258138875928,0.035234157,0.9844485459376969
1389,11.420334,15,Entertainment/public assembly,17104,1953.0,,0.0006676995943817053,8.917407,1.496643037201135,0.2090724,0.981614782274466
1398,12.725184,15,Lodging/residential,20291,1925.0,,0.000627134416273855,14.690857,1.4057165309117947,0.34443337,0.981203268428249
663,28.545048,5,Entertainment/public assembly,57189,1976.0,2.0,0.0004991352840582939,32.790543,1.1188075502711798,0.76878816,0.9787997937201419
876,29.348278,9,Education,55240,,,0.0005312867133536259,27.873333,1.1908747092088485,0.6535021,0.9759256741523995
1229,16.88412,14,Office,27646,,,0.0006107256363004453,16.024597,1.368936388310525,0.37570345,0.9716432175736028
821,1.8100581,8,Other,2555,,1.0,0.0007084376191439694,1.8105772,1.5879569778157445,0.04244975,0.9697540878095133
721,56.41924,5,Education,121471,1966.0,3.0,0.0004644667372804163,36.57102,1.0410982936210549,0.85742307,0.96762821493072
530,57.070614,3,Public services,144000,,,0.0003963237073686388,46.20049,0.8883562639577149,1.0831901,0.9662897858156537
980,20.399212,9,Entertainment/public assembly,34819,,,0.00058586438104325,18.181444,1.3132100932972461,0.42627165,0.9584347238050002
943,3.9277246,9,Entertainment/public assembly,5682,,,0.0006912574093344345,2.815279,1.5494476817109522,0.06600541,0.9560707732771835
558,40.0232,3,Office,89315,,,0.0004481128700528414,37.58791,1.004441237478724,0.88126445,0.9551705157931273
144,30.704206,1,Office,57673,,5.0,0.0005323844167404991,25.445189,1.1933352021381534,0.59657323,0.9546304177048966
236,58.284798,2,Entertainment/public assembly,144086,1989.0,,0.0004045139546413741,43.463535,0.9067146344836784,1.019021,0.9516372003469605
1435,6.4020143,15,Education,9552,1961.0,,0.0006702276230657121,5.24653,1.5023095922800953,0.12300712,0.9505886035938891
963,24.13558,9,Lodging/residential,44784,,,0.0005389331025113034,23.961372,1.2080140263341876,0.5617845,0.9495222181381591
657,51.44063,5,Education,109071,1966.0,3.0,0.00047162519704096486,33.37135,1.0571439210976303,0.7824054,0.9472484972718441
523,6.490829,3,Entertainment/public assembly,9726,,,0.0006673688043323339,5.0618606,1.495901574081593,0.11867747,0.945011931292065
1270,11.583419,14,Entertainment/public assembly,18551,,,0.0006244094035971307,11.1866455,1.3996084378663274,0.26227564,0.944675317198251
1205,55.60946,13,Parking,178270,,,0.00031193952388702443,55.520313,0.6992098248699252,1.3016973,0.9402048323571053
992,28.717302,9,Office,51483,,,0.0005578016495229046,19.611372,1.2503077161082021,0.45979694,0.9341034037928815
1410,7.3659353,15,Office,11524,1994.0,,0.0006391821698735299,7.741371,1.4327214694958377,0.18149973,0.9322327769959836
677,4.768579,5,Public services,7072,1919.0,2.0,0.0006742900178443253,2.1769667,1.5114154160830946,0.051039904,0.9272652113922578
692,4.884745,5,Office,7416,1976.0,2.0,0.0006586765265644819,3.9449573,1.4764179064140686,0.092491195,0.9228472239259462
1062,35.38633,12,Education,65843,,,0.0005374349536150982,21.00089,1.2046559381564161,0.49237478,0.9197434769916356
1050,27.331728,12,Office,50493,,2.0,0.0005412973675869404,19.683355,1.2133135066593577,0.46148464,0.9125819603303008
1359,49.438248,15,Education,124289,1904.0,,0.00039776848860851774,39.293705,0.8915947289817143,0.9212576,0.9034599013061886
51,56.564613,0,Parking,387638,2014.0,,0.00014592122893597933,75.32939,0.3270812100299369,1.7661296,0.9027005592661006
1093,27.101915,13,Office,47578,,,0.0005696312446823547,14.404261,1.2768236543793552,0.33771402,0.9011798051630898
1075,35.239594,13,Office,72709,,,0.00048466618308406627,26.286057,1.086375181868005,0.61628777,0.8983402192558814
1123,42.261154,13,Office,92994,,,0.0004544503320085671,30.355612,1.0186466052659353,0.7117002,0.8958680614547729
1037,5.479016,12,Education,8805,,,0.0006222618770220278,6.1966662,1.3947947750711474,0.14528348,0.8949902574851533
708,47.784996,5,Education,102429,1945.0,4.0,0.00046651823246067855,28.490711,1.0456967028506343,0.6679768,0.8946087463216629
1234,23.872765,14,Education,46037,,,0.0005185560437778818,20.844461,1.162339020195754,0.48870724,0.892886306895704
480,17.018208,3,Office,30000,,,0.0005672735850016276,13.808012,1.2715389799914405,0.3237347,0.8924172652865436
613,0.85882086,4,Entertainment/public assembly,1305,1995.0,1.0,0.0006581002725038492,0.66242945,1.475126237773318,0.015530939,0.8912881182564312
984,51.86088,9,Services,214252,,,0.0002420555318289674,59.558628,0.5425654431665592,1.3963773,0.8840902197649867
679,22.312239,5,Public services,43400,1976.0,3.0,0.0005141068823326568,20.515144,1.1523662621554471,0.48098624,0.8838142523036442
1305,19.163101,14,Lodging/residential,37803,,,0.0005069201173528308,21.295416,1.13625718876741,0.49928007,0.8814663363994459
1233,22.371931,14,Education,43143,,,0.000518552976752887,19.534126,1.162332145484968,0.45798588,0.8805936414675021
1019,20.58554,10,Entertainment/public assembly,39788,,5.0,0.0005173806366614149,19.633453,1.159704355008686,0.46031466,0.8799484834714439
628,21.38725,4,Education,40706,1958.0,3.0,0.0005254078244059489,17.713633,1.177697228970648,0.41530365,0.8727398053303487
1087,29.420353,13,Office,56569,,,0.000520079070441249,18.235506,1.1657528716798349,0.42753917,0.8704673879430129
573,13.596107,4,Education,23815,1914.0,4.0,0.0005709051660397162,10.689062,1.279679138410617,0.25060958,0.8680513122371012
711,9.231369,5,Education,15414,1976.0,1.0,0.0005988950965716029,5.7889037,1.3424183327950063,0.13572331,0.8597403220234526
130,30.878208,1,Lodging/residential,62893,1960.0,16.0,0.0004909641480037586,20.568424,1.1004920173804227,0.48223543,0.8531893860769428
726,49.706673,5,Education,120566,1945.0,2.0,0.0004122776957720836,31.544249,0.9241169950717035,0.7395683,0.8502975262018051
938,6.5195994,9,Lodging/residential,11227,,,0.0005807071735738508,6.3785295,1.3016502560359622,0.14954734,0.8408090882708064
1324,36.882618,14,Entertainment/public assembly,84688,,,0.00043551173661486223,27.04213,0.9761959026313096,0.6340142,0.8393232351575058
690,11.260246,5,Office,19429,1945.0,2.0,0.0005795587151606088,6.1899757,1.2990759961410083,0.14512661,0.8374962413372825
171,51.516464,2,Office,131797,1968.0,,0.00039087736620255724,33.103775,0.8761483359418444,0.77613205,0.836141820435651
699,43.136543,5,Education,93764,1945.0,3.0,0.0004600544267941404,22.075653,1.0312081366959642,0.51757306,0.8257541054596561
814,2.5933762,8,Public services,4371,,1.0,0.0005933141522919169,2.5933444,1.329908693029635,0.060802057,0.8222660398895459
856,1.7585162,8,Entertainment/public assembly,2956,,1.0,0.000594897223422266,1.758572,1.3334571336825385,0.041230466,0.8165664663237151
639,8.357159,4,Education,14524,1964.0,2.0,0.0005754033779185261,4.256549,1.2897618425861532,0.09979659,0.8137757443175039
623,23.855272,4,Education,49388,1931.0,6.0,0.0004830175810539163,16.750038,1.08267985425316,0.39271176,0.8066926159973306
243,62.743217,2,Parking,557217,2004.0,,0.0001126010467524532,69.456696,0.25239430130202883,1.6284417,0.8028132454197365
631,12.592494,4,Education,23533,1906.0,3.0,0.0005350993928069219,8.691916,1.1994207982058611,0.20378567,0.8011667480370573
730,47.61819,5,Education,126045,1966.0,4.0,0.00037778722492269313,31.015408,0.846806894120797,0.7271694,0.7989519121511128
538,5.5726624,3,Religious worship,10000,2010.0,,0.0005572662353515625,4.570719,1.2491075897365513,0.107162446,0.7923295321553768
605,24.158667,4,Education,51020,1924.0,5.0,0.0004735136536792978,16.1282,1.061376880803761,0.3781325,0.788079128384028
1358,25.133585,15,Lodging/residential,61439,1903.0,,0.0004090819345398898,25.355864,0.9169537230898637,0.59447896,0.7879638167959272
1416,19.085474,15,Lodging/residential,41236,1975.0,,0.00046283524139786175,17.581184,1.0374413092924832,0.41219833,0.787344122528653
696,10.250284,5,Education,19041,1976.0,2.0,0.0005383269888633101,5.965924,1.2066554276789618,0.13987361,0.7799427024212714
701,49.339756,5,Education,128682,1966.0,4.0,0.00038342391330537987,27.981823,0.8594414838252171,0.6560457,0.7780831604062143
146,15.205374,1,Office,31614,1956.0,8.0,0.0004809696262427433,13.880666,1.078089380731182,0.3254381,0.7770288762271385
698,7.638411,5,Education,13939,1976.0,1.0,0.0005479884529072719,4.0165424,1.2283115182505826,0.09416954,0.7746547293178307
948,10.681958,9,Entertainment/public assembly,20372,,,0.0005243450912304812,7.3968625,1.1753151214767246,0.17342257,0.7745581058650463
1418,18.261103,15,Lodging/residential,41302,1975.0,,0.00044213603884537314,17.861189,0.9910442204871722,0.41876313,0.7621317816733687
187,22.247904,2,Education,44203,1950.0,,0.0005033120789053354,8.872562,1.1281698008674692,0.20802099,0.7601102775513119
647,31.89502,4,Lodging/residential,86959,1942.0,5.0,0.00036678227131464253,28.296806,0.8221393829663798,0.66343063,0.7586558762836578
354,28.916859,3,Education,77500,,,0.0003731207570722026,26.22357,0.8363470455968108,0.6148227,0.7477373046257333
729,9.016416,5,Education,17190,1919.0,2.0,0.0005245151597445202,4.340033,1.1756963286236588,0.10175392,0.7461193653008737
1045,16.219423,12,Office,33530,,,0.000483728699495001,10.008053,1.084273820270857,0.23464304,0.7444215134678845
662,6.687762,5,Entertainment/public assembly,12777,1976.0,2.0,0.000523421913093829,3.7322812,1.1732458254311033,0.087504916,0.7389494623609512
704,8.898293,5,Education,17050,1966.0,1.0,0.0005218939907040414,3.9106064,1.1698210002173381,0.091685824,0.7385669320040582
759,20.185177,6,Lodging/residential,48519,,,0.00041602623403955635,17.770378,0.932519312138992,0.41663405,0.7261652054999097
362,10.19476,3,Public services,21368,,,0.0004771040959645639,8.633988,1.0694248270537385,0.20242752,0.7226259062615591
715,11.480396,5,Education,23153,1976.0,2.0,0.0004958491889064895,5.529001,1.1114417955666522,0.12962978,0.7187169869476402
705,11.525421,5,Education,23605,1976.0,1.0,0.0004882618573428564,6.437138,1.0944348555427281,0.15092143,0.7170294884813718
596,8.961083,4,Education,18474,1923.0,4.0,0.00048506459955453124,6.593035,1.08726822904288,0.15457651,0.7141915437372875
413,7.101425,3,Warehouse/storage,14839,2005.0,,0.0004785649417682079,7.2795596,1.0726993006625969,0.17067236,0.7118885277008532
329,1.6321385,3,Entertainment/public assembly,3133,,,0.0005209506832674369,1.1896093,1.1677065845148074,0.027890893,0.7117803076023642
1346,15.389541,15,Education,34875,1993.0,,0.0004412771518939712,12.608189,0.989119032593732,0.29560432,0.7117131469083815
1415,16.77212,15,Lodging/residential,40492,1975.0,,0.00041420822686196596,16.156437,0.9284442643078757,0.37879452,0.7085843670220728
739,43.293602,5,Education,137046,1966.0,2.0,0.0003159056228547064,29.177177,0.7080998024208752,0.6840713,0.6984884143390302
1096,28.511932,13,Parking,83772,,,0.00034035157777117505,25.60678,0.7628952052057838,0.60036176,0.6978818378365669
635,3.4855535,4,Education,7122,1909.0,3.0,0.0004894065575732237,3.5871344,1.0970006915023085,0.084101886,0.6918411683791968
733,33.65352,5,Education,96929,1966.0,3.0,0.00034719762585766706,23.948479,0.7782405645368471,0.56148225,0.691537247938989
694,14.483242,5,Education,30613,1976.0,4.0,0.0004731075698204067,5.4561653,1.0604666472420765,0.12792212,0.6874488361743494
642,13.439331,4,Education,30401,,4.0,0.00044206871664377817,9.6105385,0.9908933183372923,0.22532316,0.6846652547014301
970,52.522713,9,Services,346056,,,0.00015177518294010083,51.146725,0.340202798801422,1.1991566,0.6837843360649108
724,35.383263,5,Education,88856,1976.0,2.0,0.00039820904198115315,15.330741,0.8925822256691741,0.35943574,0.6793236362151793
716,16.743773,5,Education,37265,1919.0,3.0,0.00044931631575778527,7.7995806,1.0071387509265517,0.18286447,0.677429042444168
629,18.213097,4,Education,40835,1931.0,6.0,0.00044601681446436496,8.187694,0.9997429464681015,0.19196396,0.6766313546552101
713,7.0851555,5,Education,14973,1976.0,2.0,0.00047319545094907814,4.23708,1.0606636320544596,0.09934014,0.6761342377956697
673,14.409503,5,Entertainment/public assembly,36307,1976.0,2.0,0.00039687947181241254,13.306799,0.8896020052942334,0.31198353,0.6585546134777485
582,6.398082,4,Education,14542,1920.0,4.0,0.0004399726158355096,6.1447387,0.9861949259668854,0.144066,0.6493433594483297
658,14.097803,5,Entertainment/public assembly,31075,1976.0,2.0,0.0004536702531245286,4.0274496,1.0168980649941008,0.09442527,0.6479089463849569
680,4.561646,5,Public services,9849,1976.0,2.0,0.0004631582886231758,2.5447721,1.0381654169368815,0.05966326,0.6467645531867785
638,3.6427743,4,Education,7900,1923.0,4.0,0.00046111067639121526,2.8180823,1.0335757113033333,0.06607114,0.6465738822688936
633,27.614058,4,Parking,98539,1989.0,2.0,0.00028023480592347756,27.519253,0.6281439656334704,0.64520055,0.634966593642091
725,5.942395,5,Education,13789,1919.0,1.0,0.00043095186092291776,2.975275,0.9659749795361401,0.06975658,0.6074876206734204
651,43.215668,4,Parking,306140,2007.0,5.0,0.00014116308788335197,43.770363,0.3164158767927197,1.0262147,0.6003354195635622
666,5.18273,5,Entertainment/public assembly,12045,1976.0,1.0,0.00043028063079339924,2.2603037,0.9644704228340594,0.05299378,0.5998797645836477
709,9.370822,5,Education,23067,1976.0,2.0,0.0004062436360523616,5.5170336,0.9105917008502199,0.12934919,0.5980946945716688
1213,11.420034,13,Warehouse/storage,39464,,,0.0002893785325504089,22.092537,0.6486395521298793,0.5179689,0.5963712944588511
1444,7.4821267,15,Entertainment/public assembly,19619,1914.0,,0.0003813714619908799,8.011894,0.8548409314287683,0.18784225,0.5880414588053811
316,21.320599,3,Public services,78550,,,0.00027142709869248786,22.694988,0.6084015637930538,0.53209364,0.5778783959326925
568,5.708581,4,Education,14150,1974.0,2.0,0.0004034332841529442,3.569479,0.9042923206532874,0.083687946,0.5760505716171788
720,7.3391643,5,Education,18202,1919.0,2.0,0.00040320647495053076,3.3582182,0.9037839297295522,0.078734845,0.5737642972970552
581,8.444274,4,Lodging/residential,23012,1930.0,3.0,0.0003669508929545208,7.6946697,0.8225173469570259,0.1804048,0.565672328542887
925,17.495037,9,Education,54405,,,0.00032157039020048566,13.471961,0.7207973308854173,0.31585583,0.5588207398350757
1357,7.9014907,15,Office,21618,,,0.00036550516645036425,6.911074,0.8192767631310814,0.16203307,0.5563792843400593
591,18.94847,4,Entertainment/public assembly,59326,1932.0,1.0,0.0003193956977039966,13.456478,0.7159227759054374,0.31549284,0.5557508099324149
697,7.0632353,5,Education,18697,1919.0,2.0,0.00037777372214248,3.7885563,0.8467766277522699,0.08882431,0.5435957019049439
1010,4.2324257,10,Office,11419,,1.0,0.00037064766526817284,3.4479256,0.8308036310732663,0.08083808,0.5308174115872561
703,12.049362,5,Education,34563,1966.0,1.0,0.00034862026394170606,5.6655536,0.7814293958628654,0.1328313,0.521990160368948
665,3.260132,5,Entertainment/public assembly,8773,1966.0,1.0,0.00037160972009074193,2.298673,0.8329600688841011,0.05389336,0.5213333854541817
741,5.0741806,5,Education,14025,1966.0,1.0,0.0003617954084154969,2.7409525,0.8109613716297183,0.06426279,0.5122819407101173
731,9.955601,5,Education,29149,1919.0,2.0,0.0003415417591864349,5.582074,0.7655629868596043,0.1308741,0.5116874303096084
408,5.356723,3,Entertainment/public assembly,16098,1929.0,,0.00033275704011219247,5.9234724,0.7458721127796107,0.13887832,0.5030745954327545
717,9.6729965,5,Education,28826,1976.0,2.0,0.0003355649941371017,4.4498334,0.7521661181609571,0.10432823,0.49303096514110206
738,25.91488,5,Education,95433,1966.0,4.0,0.0002715505197632211,13.335342,0.6086782110873028,0.31265277,0.49026803631443766
661,2.5926743,5,Entertainment/public assembly,7427,1976.0,2.0,0.00034908768754155026,1.8387724,0.7824771219391079,0.0431108,0.486730593526271
671,2.6206284,5,Lodging/residential,7589,1976.0,3.0,0.00034531932493524756,2.2285044,0.7740303687827059,0.052248232,0.4853175152138631
1369,14.400386,15,Entertainment/public assembly,53194,1953.0,,0.00027071447638132905,11.893549,0.6068042268632065,0.2788493,0.4756222576068765
719,8.862489,5,Education,28363,1919.0,2.0,0.00031246654961192635,5.442355,0.7003911486092794,0.12759833,0.4712740235521548
1353,7.024886,15,Religious worship,22201,,,0.0003164220589742183,4.498706,0.7092573896486201,0.10547406,0.4677440579497002
700,3.7870903,5,Education,11464,1976.0,1.0,0.00033034632776637055,1.5037907,0.7404685212881253,0.03525701,0.4583839172474078
70,31.120653,0,Parking,387638,2007.0,,8.028277194822443e-05,36.85058,0.17995315955640317,0.86397743,0.453562874594697
1069,6.4528236,13,Office,20864,,,0.00030928027410448693,3.7711163,0.6932491387998687,0.08841542,0.45131565338823953
339,15.54764,3,Education,71100,,,0.00021867285297892767,16.059208,0.49015336476110755,0.37651494,0.444697995438238
845,0.28027797,8,Entertainment/public assembly,860,,1.0,0.00032590461331744524,0.28027797,0.7305124556275262,0.006571236,0.44093596789625605
1446,3.592162,15,Entertainment/public assembly,11265,1997.0,,0.00031887810864133197,1.2354444,0.7147626043652917,0.028965518,0.44044376958432346
710,3.7650273,5,Education,12088,1919.0,4.0,0.0003114681737774812,1.8688996,0.6981532975551451,0.043817144,0.43641883608799964
686,3.8076048,5,Office,12206,1976.0,2.0,0.00031194533751711343,1.6455104,0.6992228560729793,0.03857969,0.4349655899381024
688,13.816565,5,Office,52302,1966.0,2.0,0.00026416895262010103,8.105714,0.5921324902851006,0.1900419,0.431296255533613
734,7.931876,5,Education,28191,1919.0,1.0,0.00028136200143862055,3.7766097,0.6306705649207821,0.08854421,0.41382002610032503
1024,12.275423,10,Education,53855,,2.0,0.0002279346959414494,11.418833,0.5109137080324623,0.2677194,0.4136359785326083
1338,8.132236,15,Education,31415,1912.0,,0.00025886473108510503,6.7258244,0.5802431222295827,0.15768981,0.41122179576731127
1396,18.318548,15,Lodging/residential,96336,1913.0,,0.00019015267607659284,16.260378,0.4262256275874011,0.38123146,0.4082279593504448
722,8.7467785,5,Education,31635,1966.0,3.0,0.0002764905480688851,3.8401418,0.61975124307573,0.090033755,0.4078642484730492
718,6.9695125,5,Education,25866,1919.0,2.0,0.00026944685929853734,3.7136865,0.6039628738104849,0.08706895,0.3972053068244188
106,1.5188584,1,Education,5374,,4.0,0.00028263089556564483,1.0980172,0.6335147804574335,0.025743479,0.390406259838114
564,16.71782,3,Public services,89315,,,0.00018717818075202584,13.466937,0.4195583212805538,0.31573805,0.3780302166004627
1419,8.853064,15,Lodging/residential,40629,1975.0,,0.00021790011034911083,8.954855,0.48842126864154223,0.20995037,0.3770329117057269
667,4.1456966,5,Entertainment/public assembly,15715,1966.0,2.0,0.00026380506777057896,2.2717638,0.591316845448766,0.053262465,0.3760950927775823
566,0.5342893,4,Education,2010,1957.0,1.0,0.0002658155723590756,0.52336264,0.5958233746109122,0.012270459,0.36240220835612497
706,6.727479,5,Education,27685,1919.0,2.0,0.0002430008662097911,3.524176,0.5446844022475464,0.0826258,0.3598609623910655
815,0.1752872,8,Entertainment/public assembly,666,,1.0,0.0002631939969979249,0.17522365,0.5899471354402154,0.004108193,0.35561155838676833
860,2.9773092,8,Other,12259,,1.0,0.0002428672181246224,2.9773092,0.5443848311862698,0.06980428,0.3545526107377619
728,6.792384,5,Education,30300,1966.0,2.0,0.0002241710939816516,4.7416697,0.5024776258252476,0.11117045,0.34595475484027943
73,24.254078,0,Parking,387638,2008.0,,6.256888620665919e-05,27.559769,0.1402476333287891,0.64615047,0.3426087738697252
1325,16.606117,15,Entertainment/public assembly,155177,1915.0,,0.00010701403718679415,16.714615,0.23987106624905144,0.39188123,0.3006751367072098
1182,11.860769,13,Warehouse/storage,66585,,,0.00017812974801908216,6.0120997,0.3992763352477733,0.14095622,0.29594828960801267
1113,5.6430793,13,Office,33401,,,0.00016894941112102248,5.01,0.37869868713587834,0.117461585,0.2742038475750107
242,12.956299,2,Parking,157113,1987.0,,8.246484268090482e-05,17.360323,0.1848442527908848,0.40702015,0.273714612320588
761,8.112394,6,Entertainment/public assembly,52534,,,0.00015442179032408996,5.7463465,0.34613514704123244,0.13472553,0.26157129786977235
531,8.891363,3,Public services,68203,,,0.00013036615902410303,9.022429,0.29221465136691366,0.2115347,0.2599426728253629
604,1.5296592,4,Education,8463,,3.0,0.0001807466799044009,1.4480789,0.4051421661063628,0.033950824,0.25666562938002324
849,1.1570125,8,Public services,6448,,1.0,0.0001794374166588038,1.1571707,0.4022074635292244,0.027130358,0.252176621285984
508,11.567876,3,Other,112283,,,0.00010302428561867408,11.127998,0.23092807159272155,0.26090065,0.2429171030250032
737,2.5081851,5,Education,14790,1976.0,1.0,0.00016958655498574277,0.9273519,0.3801268397614795,0.02174216,0.23677296821596847
817,0.17107081,8,Entertainment/public assembly,984,,1.0,0.00017385245338688053,0.17112002,0.3896888152264824,0.004011981,0.23541808168143902
579,1.256209,4,Education,7781,1910.0,4.0,0.00016144570310323253,1.1746454,0.3618791885881594,0.027540062,0.22814353836083237
712,3.5029826,5,Education,22949,1976.0,1.0,0.00015264205919319189,1.9203652,0.34214589464754896,0.045023777,0.2232970485424461
857,0.6257757,8,Entertainment/public assembly,4000,,1.0,0.00015644392371177672,0.6825991,0.35066774205916984,0.016003827,0.21680217616813696
853,3.1310947,8,Entertainment/public assembly,26495,,1.0,0.00011817681427203522,3.1310947,0.26489233740307233,0.07340984,0.18829933825515116
848,1.0536457,8,Office,8552,,1.0,0.00012320459892640502,1.0539522,0.27616207451063685,0.024710357,0.17558138795458253
45,1.6523048,0,Retail,15304,2016.0,,0.0001079655494355931,2.0167613,0.2420038729692581,0.047283825,0.16411585359484449
590,0.92352766,4,Education,8516,1920.0,2.0,0.0001084461787207242,0.7164352,0.24308119947824375,0.016797127,0.1525675708472043
345,0.7456497,3,Lodging/residential,7250,,,0.00010284823384778253,0.7420603,0.2305334530257659,0.01739792,0.1452792395902262
828,6.9200373,8,Other,102994,,1.0,6.71887417674067e-05,5.671517,0.15060300079650543,0.13297112,0.1435502511123828
434,3.2090046,3,Education,39500,,,8.124062381213224e-05,3.248328,0.18210017647067167,0.07615843,0.13972347730827006
1221,2.0572631,13,Office,29062,,,7.078876663374971e-05,1.2611241,0.15867242632154638,0.029567592,0.10703049253132352
634,0.29817587,4,Education,4000,1910.0,4.0,7.454396784305572e-05,0.24731943,0.16708967831703614,0.005798509,0.10257321068143899
1114,3.4073884,13,Other,64810,,,5.257504164041367e-05,3.330289,0.1178465146059415,0.078080036,0.10193992306200393
1110,1.4769543,13,Office,27145,,,5.4409811786139375e-05,1.4688845,0.1219591364894514,0.03443862,0.08695093020851641
691,2.0249317,5,Office,42647,1976.0,1.0,4.748122187340797e-05,1.5001465,0.10642876034759703,0.035171572,0.07792588486989273
1448,3.338595,15,Office,92271,2001.0,,3.618249410413527e-05,3.1122434,0.08110275687627246,0.072967865,0.07784880070002229
637,0.20008142,4,Education,4189,1929.0,3.0,4.7763528986630564e-05,0.13973464,0.10706154937264985,0.0032761379,0.06554738477076688
808,0.311163,8,Other,9357,,1.0,3.325456964978553e-05,0.31116298,0.07453983878417553,0.007295348,0.04764204260341073
1384,1.3262937,15,Education,56969,1967.0,,2.328097222864928e-05,1.1762178,0.05218410386716812,0.027576923,0.04234123222723894
636,0.18448663,4,Education,6564,1909.0,3.0,2.8105823823695208e-05,0.14950293,0.0629989682253546,0.0035051599,0.039201444928949856
314,1.5169924,3,Education,225000,,,6.7421886656019426e-06,2.696189,0.015112559310768452,0.063213296,0.03435285408030415
1345,0.45718002,15,Education,20889,1976.0,,2.1886161290313533e-05,0.45590484,0.04905764685470693,0.010688882,0.033710141041271874
304,0.7956605,3,Entertainment/public assembly,194300,1900.0,,4.0950102715288555e-06,0.107125,0.009178931156646987,0.0025115912,0.006511995214508045
740,0.0003999772,5,Education,37975,1976.0,1.0,1.0532645203315403e-08,0.00039992193,2.360883582900653e-05,9.37634e-06,1.7915837549797644e-05
